-- ===========================================
-- POKEMON PLATINUM: COMPLETE GAME DATA
-- Official Pokemon Game
-- Gen 4, Sinnoh region
-- ===========================================
-- Game ID: e5f6a7b8-c9d0-1234-efab-567890123456
-- ===========================================

-- STEP 1: Insert the game
INSERT INTO public.games (id, slug, name, generation, region, base_game_slug, is_romhack, sprite_url, total_routes, description)
VALUES (
  'e5f6a7b8-c9d0-1234-efab-567890123456',
  'pokemon-platinum',
  'Pokemon Platinum',
  4,
  'Sinnoh',
  NULL,
  false,
  'https://raw.githubusercontent.com/PokeAPI/sprites/master/sprites/pokemon/487.png',
  77,
  'The definitive Gen 4 experience. Explore the Sinnoh region, battle Team Galactic, and face the Distortion World. Features Giratina in its Origin Forme.'
);

-- ===========================================
-- STEP 2: ALL ROUTES (77 total)
-- ===========================================

INSERT INTO public.routes (game_id, name, slug, display_order, route_type, has_encounters, has_trainers, has_items, notes) VALUES
('e5f6a7b8-c9d0-1234-efab-567890123456', 'Twinleaf Town', 'twinleaf-town', 1, 'city', true, false, false, 'Starter town. Choose Turtwig, Chimchar, or Piplup.'),
('e5f6a7b8-c9d0-1234-efab-567890123456', 'Route 201', 'route-201', 2, 'route', true, false, false, NULL),
('e5f6a7b8-c9d0-1234-efab-567890123456', 'Lake Verity', 'lake-verity', 3, 'water', true, false, false, NULL),
('e5f6a7b8-c9d0-1234-efab-567890123456', 'Route 202', 'route-202', 4, 'route', true, false, false, NULL),
('e5f6a7b8-c9d0-1234-efab-567890123456', 'Route 204 ~ South', 'route-204-south', 5, 'route', true, false, false, NULL),
('e5f6a7b8-c9d0-1234-efab-567890123456', 'Ravaged Path', 'ravaged-path', 6, 'cave', true, false, false, NULL),
('e5f6a7b8-c9d0-1234-efab-567890123456', 'Route 203', 'route-203', 7, 'route', true, false, false, NULL),
('e5f6a7b8-c9d0-1234-efab-567890123456', 'Oreburgh Gate ~ 1F', 'oreburgh-gate-1f', 8, 'cave', true, false, false, NULL),
('e5f6a7b8-c9d0-1234-efab-567890123456', 'Oreburgh Gate ~ B1F', 'oreburgh-gate-b1f', 9, 'cave', true, false, false, 'Requires Surf and Strength.'),
('e5f6a7b8-c9d0-1234-efab-567890123456', 'Oreburgh Mine ~ 1F', 'oreburgh-mine-1f', 10, 'cave', true, false, false, NULL),
('e5f6a7b8-c9d0-1234-efab-567890123456', 'Oreburgh Mine ~ B1F', 'oreburgh-mine-b1f', 11, 'cave', true, false, false, NULL),
('e5f6a7b8-c9d0-1234-efab-567890123456', 'Route 207', 'route-207', 12, 'route', true, false, false, NULL),
('e5f6a7b8-c9d0-1234-efab-567890123456', 'Route 204 ~ North', 'route-204-north', 13, 'route', true, false, false, NULL),
('e5f6a7b8-c9d0-1234-efab-567890123456', 'Valley Windworks', 'valley-windworks', 14, 'building', true, false, false, NULL),
('e5f6a7b8-c9d0-1234-efab-567890123456', 'Floaroma Meadow', 'floaroma-meadow', 15, 'route', false, false, false, 'Honey trees only. No wild encounters in PokeAPI.'),
('e5f6a7b8-c9d0-1234-efab-567890123456', 'Route 205 ~ South', 'route-205-south', 16, 'route', true, false, false, NULL),
('e5f6a7b8-c9d0-1234-efab-567890123456', 'Eterna Forest', 'eterna-forest', 17, 'route', true, false, false, NULL),
('e5f6a7b8-c9d0-1234-efab-567890123456', 'Old Chateau', 'old-chateau', 18, 'building', true, false, false, 'Requires Cut. Ghost Pokemon at night.'),
('e5f6a7b8-c9d0-1234-efab-567890123456', 'Route 205 ~ North', 'route-205-north', 19, 'route', true, false, false, NULL),
('e5f6a7b8-c9d0-1234-efab-567890123456', 'Route 211 ~ West', 'route-211-west', 20, 'route', true, false, false, NULL),
('e5f6a7b8-c9d0-1234-efab-567890123456', 'Mt. Coronet ~ Route 207 Entrance', 'mt-coronet-route-207', 21, 'cave', true, false, false, NULL),
('e5f6a7b8-c9d0-1234-efab-567890123456', 'Route 206', 'route-206', 22, 'route', true, false, false, NULL),
('e5f6a7b8-c9d0-1234-efab-567890123456', 'Wayward Cave', 'wayward-cave', 23, 'cave', true, false, false, 'Regular and secret entrance have different Pokemon.'),
('e5f6a7b8-c9d0-1234-efab-567890123456', 'Route 208', 'route-208', 24, 'route', true, false, false, NULL),
('e5f6a7b8-c9d0-1234-efab-567890123456', 'Route 209', 'route-209', 25, 'route', true, false, false, NULL),
('e5f6a7b8-c9d0-1234-efab-567890123456', 'Lost Tower', 'lost-tower', 26, 'building', true, false, false, NULL),
('e5f6a7b8-c9d0-1234-efab-567890123456', 'Solaceon Ruins', 'solaceon-ruins', 27, 'special', true, false, false, 'Unown only.'),
('e5f6a7b8-c9d0-1234-efab-567890123456', 'Route 210 ~ South', 'route-210-south', 28, 'route', true, false, false, NULL),
('e5f6a7b8-c9d0-1234-efab-567890123456', 'Route 215', 'route-215', 29, 'route', true, false, false, NULL),
('e5f6a7b8-c9d0-1234-efab-567890123456', 'Route 214', 'route-214', 30, 'route', true, false, false, NULL),
('e5f6a7b8-c9d0-1234-efab-567890123456', 'Maniac Tunnel', 'maniac-tunnel', 31, 'cave', true, false, false, NULL),
('e5f6a7b8-c9d0-1234-efab-567890123456', 'Valor Lakefront', 'valor-lakefront', 32, 'route', true, false, false, NULL),
('e5f6a7b8-c9d0-1234-efab-567890123456', 'Route 213', 'route-213', 33, 'route', true, false, false, NULL),
('e5f6a7b8-c9d0-1234-efab-567890123456', 'Route 212 ~ North', 'route-212-north', 34, 'route', true, false, false, NULL),
('e5f6a7b8-c9d0-1234-efab-567890123456', 'Trophy Garden', 'trophy-garden', 35, 'special', true, false, false, 'Daily rotating rare Pokemon.'),
('e5f6a7b8-c9d0-1234-efab-567890123456', 'Route 212 ~ South', 'route-212-south', 36, 'route', true, false, false, NULL),
('e5f6a7b8-c9d0-1234-efab-567890123456', 'Great Marsh', 'great-marsh', 37, 'special', true, false, false, 'Safari Zone. Daily rotating Pokemon with binoculars.'),
('e5f6a7b8-c9d0-1234-efab-567890123456', 'Route 210 ~ North', 'route-210-north', 38, 'route', true, false, false, NULL),
('e5f6a7b8-c9d0-1234-efab-567890123456', 'Celestic Town', 'celestic-town', 39, 'city', false, false, false, NULL),
('e5f6a7b8-c9d0-1234-efab-567890123456', 'Fuego Ironworks', 'fuego-ironworks', 40, 'building', true, false, false, NULL),
('e5f6a7b8-c9d0-1234-efab-567890123456', 'Route 219', 'route-219', 41, 'water', true, false, false, NULL),
('e5f6a7b8-c9d0-1234-efab-567890123456', 'Route 220', 'route-220', 42, 'water', true, false, false, NULL),
('e5f6a7b8-c9d0-1234-efab-567890123456', 'Route 221', 'route-221', 43, 'route', true, false, false, NULL),
('e5f6a7b8-c9d0-1234-efab-567890123456', 'Route 218', 'route-218', 44, 'route', true, false, false, NULL),
('e5f6a7b8-c9d0-1234-efab-567890123456', 'Iron Island ~ Outside', 'iron-island-outside', 45, 'water', true, false, false, NULL),
('e5f6a7b8-c9d0-1234-efab-567890123456', 'Iron Island ~ Interior', 'iron-island-interior', 46, 'cave', true, false, false, 'Riley gives you a Riolu egg here.'),
('e5f6a7b8-c9d0-1234-efab-567890123456', 'Route 216', 'route-216', 47, 'route', true, false, false, NULL),
('e5f6a7b8-c9d0-1234-efab-567890123456', 'Route 217', 'route-217', 48, 'route', true, false, false, NULL),
('e5f6a7b8-c9d0-1234-efab-567890123456', 'Acuity Lakefront', 'acuity-lakefront', 49, 'route', true, false, false, NULL),
('e5f6a7b8-c9d0-1234-efab-567890123456', 'Lake Acuity', 'lake-acuity', 50, 'water', true, false, false, NULL),
('e5f6a7b8-c9d0-1234-efab-567890123456', 'Snowpoint Temple', 'snowpoint-temple', 51, 'cave', true, false, false, 'Regigigas encounter at the bottom.'),
('e5f6a7b8-c9d0-1234-efab-567890123456', 'Mt. Coronet ~ B1F', 'mt-coronet-b1f', 52, 'cave', true, false, false, NULL),
('e5f6a7b8-c9d0-1234-efab-567890123456', 'Mt. Coronet ~ 2F', 'mt-coronet-2f', 53, 'cave', true, false, false, NULL),
('e5f6a7b8-c9d0-1234-efab-567890123456', 'Mt. Coronet ~ 3F', 'mt-coronet-3f', 54, 'cave', true, false, false, NULL),
('e5f6a7b8-c9d0-1234-efab-567890123456', 'Mt. Coronet ~ Exterior', 'mt-coronet-exterior', 55, 'cave', true, false, false, NULL),
('e5f6a7b8-c9d0-1234-efab-567890123456', 'Mt. Coronet ~ 4F', 'mt-coronet-4f', 56, 'cave', true, false, false, NULL),
('e5f6a7b8-c9d0-1234-efab-567890123456', 'Mt. Coronet ~ 5F', 'mt-coronet-5f', 57, 'cave', true, false, false, NULL),
('e5f6a7b8-c9d0-1234-efab-567890123456', 'Mt. Coronet ~ 6F', 'mt-coronet-6f', 58, 'cave', true, false, false, NULL),
('e5f6a7b8-c9d0-1234-efab-567890123456', 'Mt. Coronet ~ Summit', 'mt-coronet-summit', 59, 'cave', false, false, false, 'Spear Pillar. Giratina encounter.'),
('e5f6a7b8-c9d0-1234-efab-567890123456', 'Sendoff Spring', 'sendoff-spring', 60, 'water', true, false, false, NULL),
('e5f6a7b8-c9d0-1234-efab-567890123456', 'Turnback Cave', 'turnback-cave', 61, 'cave', true, false, false, NULL),
('e5f6a7b8-c9d0-1234-efab-567890123456', 'Lake Valor', 'lake-valor', 62, 'water', true, false, false, NULL),
('e5f6a7b8-c9d0-1234-efab-567890123456', 'Route 222', 'route-222', 63, 'route', true, false, false, NULL),
('e5f6a7b8-c9d0-1234-efab-567890123456', 'Route 223', 'route-223', 64, 'water', true, false, false, NULL),
('e5f6a7b8-c9d0-1234-efab-567890123456', 'Victory Road ~ 1F', 'victory-road-1f', 65, 'cave', true, false, false, NULL),
('e5f6a7b8-c9d0-1234-efab-567890123456', 'Victory Road ~ 2F', 'victory-road-2f', 66, 'cave', true, false, false, NULL),
('e5f6a7b8-c9d0-1234-efab-567890123456', 'Victory Road ~ B1F', 'victory-road-b1f', 67, 'cave', true, false, false, NULL),
('e5f6a7b8-c9d0-1234-efab-567890123456', 'Route 224', 'route-224', 68, 'route', true, false, false, NULL),
('e5f6a7b8-c9d0-1234-efab-567890123456', 'Route 225', 'route-225', 69, 'route', true, false, false, NULL),
('e5f6a7b8-c9d0-1234-efab-567890123456', 'Route 226', 'route-226', 70, 'route', true, false, false, NULL),
('e5f6a7b8-c9d0-1234-efab-567890123456', 'Route 227', 'route-227', 71, 'route', true, false, false, NULL),
('e5f6a7b8-c9d0-1234-efab-567890123456', 'Stark Mountain ~ Exterior', 'stark-mountain-exterior', 72, 'route', true, false, false, NULL),
('e5f6a7b8-c9d0-1234-efab-567890123456', 'Stark Mountain ~ Interior', 'stark-mountain-interior', 73, 'cave', true, false, false, 'Heatran encounter after completing the story.'),
('e5f6a7b8-c9d0-1234-efab-567890123456', 'Route 228', 'route-228', 74, 'route', true, false, false, NULL),
('e5f6a7b8-c9d0-1234-efab-567890123456', 'Route 229', 'route-229', 75, 'route', true, false, false, NULL),
('e5f6a7b8-c9d0-1234-efab-567890123456', 'Route 230', 'route-230', 76, 'water', true, false, false, NULL),
('e5f6a7b8-c9d0-1234-efab-567890123456', 'Spring Path', 'spring-path', 77, 'route', false, false, false, 'Leads to Sendoff Spring. No wild encounters in PokeAPI.');

-- ===========================================
-- STEP 3: STARTER POKEMON
-- ===========================================

INSERT INTO public.encounters (route_id, pokemon_national_dex_id, method, encounter_rate, level_min, level_max)
SELECT r.id, 387, 'gift', NULL, 5, 5
FROM public.routes r WHERE r.slug = 'twinleaf-town' AND r.game_id = 'e5f6a7b8-c9d0-1234-efab-567890123456';

INSERT INTO public.encounters (route_id, pokemon_national_dex_id, method, encounter_rate, level_min, level_max)
SELECT r.id, 390, 'gift', NULL, 5, 5
FROM public.routes r WHERE r.slug = 'twinleaf-town' AND r.game_id = 'e5f6a7b8-c9d0-1234-efab-567890123456';

INSERT INTO public.encounters (route_id, pokemon_national_dex_id, method, encounter_rate, level_min, level_max)
SELECT r.id, 393, 'gift', NULL, 5, 5
FROM public.routes r WHERE r.slug = 'twinleaf-town' AND r.game_id = 'e5f6a7b8-c9d0-1234-efab-567890123456';

-- ===========================================
-- STEP 4: ENCOUNTER DATA (1193 total)
-- ===========================================

CREATE TEMP TABLE _enc (slug TEXT, dex INT, method TEXT, rate DECIMAL(5,2), lmin INT, lmax INT, cond TEXT, ver_excl TEXT);
INSERT INTO _enc VALUES
('route-201', 29, 'walking', 11.00, 2, 3, 'Poke Radar', NULL),
('route-201', 32, 'walking', 11.00, 2, 3, 'Poke Radar', NULL),
('route-201', 58, 'walking', 8.00, 2, 2, 'FireRed in Slot 2', NULL),
('route-201', 84, 'walking', 40.00, 2, 2, 'Swarm', NULL),
('route-201', 387, 'gift', 100.00, 5, 5, NULL, NULL),
('route-201', 390, 'gift', 100.00, 5, 5, NULL, NULL),
('route-201', 393, 'gift', 100.00, 5, 5, NULL, NULL),
('route-201', 396, 'walking', 40.00, 2, 3, NULL, NULL),
('route-201', 396, 'walking', 10.00, 3, 3, 'Morning', NULL),
('route-201', 396, 'walking', 10.00, 3, 3, 'Day', NULL),
('route-201', 396, 'walking', 4.00, 2, 2, 'Ruby in Slot 2', NULL),
('route-201', 396, 'walking', 4.00, 2, 2, 'Sapphire in Slot 2', NULL),
('route-201', 396, 'walking', 4.00, 2, 2, 'Emerald in Slot 2', NULL),
('route-201', 396, 'walking', 4.00, 2, 2, 'LeafGreen in Slot 2', NULL),
('route-201', 399, 'walking', 40.00, 2, 3, NULL, NULL),
('route-201', 399, 'walking', 10.00, 3, 3, 'Day', NULL),
('route-201', 399, 'walking', 10.00, 3, 3, 'Night', NULL),
('route-201', 399, 'walking', 4.00, 2, 2, 'Ruby in Slot 2', NULL),
('route-201', 399, 'walking', 4.00, 2, 2, 'Sapphire in Slot 2', NULL),
('route-201', 399, 'walking', 4.00, 2, 2, 'Emerald in Slot 2', NULL),
('route-201', 399, 'walking', 4.00, 2, 2, 'LeafGreen in Slot 2', NULL),
('route-201', 401, 'walking', 10.00, 3, 3, 'Night', NULL),
('route-201', 401, 'walking', 10.00, 3, 3, 'Morning', NULL),
('lake-verity', 54, 'surfing', 180.00, 20, 30, NULL, NULL),
('lake-verity', 55, 'surfing', 20.00, 20, 40, NULL, NULL),
('lake-verity', 118, 'fishing_good', 80.00, 15, 20, NULL, NULL),
('lake-verity', 119, 'fishing_good', 10.00, 25, 35, NULL, NULL),
('lake-verity', 119, 'fishing_super', 90.00, 30, 55, NULL, NULL),
('lake-verity', 129, 'fishing_old', 200.00, 3, 15, NULL, NULL),
('lake-verity', 129, 'fishing_good', 110.00, 10, 25, NULL, NULL),
('lake-verity', 130, 'fishing_super', 110.00, 30, 55, NULL, NULL),
('lake-verity', 202, 'walking', 44.00, 3, 4, 'Poke Radar', NULL),
('lake-verity', 337, 'walking', 16.00, 4, 4, 'Sapphire in Slot 2', NULL),
('lake-verity', 338, 'walking', 16.00, 4, 4, 'Ruby in Slot 2', NULL),
('lake-verity', 396, 'walking', 90.00, 2, 4, NULL, NULL),
('lake-verity', 396, 'walking', 10.00, 3, 3, 'Morning', NULL),
('lake-verity', 396, 'walking', 10.00, 3, 3, 'Day', NULL),
('lake-verity', 396, 'walking', 8.00, 4, 4, 'Emerald in Slot 2', NULL),
('lake-verity', 396, 'walking', 8.00, 4, 4, 'FireRed in Slot 2', NULL),
('lake-verity', 396, 'walking', 8.00, 4, 4, 'LeafGreen in Slot 2', NULL),
('lake-verity', 399, 'walking', 100.00, 2, 4, NULL, NULL),
('lake-verity', 399, 'walking', 10.00, 3, 3, 'Night', NULL),
('lake-verity', 399, 'walking', 8.00, 4, 4, 'Emerald in Slot 2', NULL),
('lake-verity', 399, 'walking', 8.00, 4, 4, 'FireRed in Slot 2', NULL),
('lake-verity', 399, 'walking', 8.00, 4, 4, 'LeafGreen in Slot 2', NULL),
('route-202', 58, 'walking', 8.00, 2, 2, 'FireRed in Slot 2', NULL),
('route-202', 161, 'walking', 22.00, 2, 4, 'Poke Radar', NULL),
('route-202', 263, 'walking', 40.00, 3, 3, 'Swarm', NULL),
('route-202', 396, 'walking', 10.00, 4, 4, 'Morning', NULL),
('route-202', 396, 'walking', 10.00, 4, 4, 'Day', NULL),
('route-202', 396, 'walking', 10.00, 2, 4, NULL, NULL),
('route-202', 396, 'walking', 4.00, 2, 2, 'Ruby in Slot 2', NULL),
('route-202', 396, 'walking', 4.00, 2, 2, 'Sapphire in Slot 2', NULL),
('route-202', 396, 'walking', 4.00, 2, 2, 'Emerald in Slot 2', NULL),
('route-202', 396, 'walking', 4.00, 2, 2, 'LeafGreen in Slot 2', NULL),
('route-202', 399, 'walking', 40.00, 2, 4, NULL, NULL),
('route-202', 399, 'walking', 10.00, 3, 3, 'Day', NULL),
('route-202', 399, 'walking', 10.00, 3, 3, 'Night', NULL),
('route-202', 399, 'walking', 4.00, 2, 2, 'Ruby in Slot 2', NULL),
('route-202', 399, 'walking', 4.00, 2, 2, 'Sapphire in Slot 2', NULL),
('route-202', 399, 'walking', 4.00, 2, 2, 'Emerald in Slot 2', NULL),
('route-202', 399, 'walking', 4.00, 2, 2, 'LeafGreen in Slot 2', NULL),
('route-202', 401, 'walking', 10.00, 4, 4, 'Night', NULL),
('route-202', 401, 'walking', 10.00, 3, 3, 'Morning', NULL),
('route-202', 403, 'walking', 30.00, 3, 4, NULL, NULL),
('route-204-south', 10, 'walking', 8.00, 5, 5, 'FireRed in Slot 2', NULL),
('route-204-south', 13, 'walking', 8.00, 5, 5, 'LeafGreen in Slot 2', NULL),
('route-204-south', 41, 'walking', 10.00, 3, 3, 'Night', NULL),
('route-204-south', 54, 'surfing', 90.00, 20, 30, NULL, NULL),
('route-204-south', 55, 'surfing', 10.00, 20, 40, NULL, NULL),
('route-204-south', 118, 'fishing_good', 45.00, 10, 25, NULL, NULL),
('route-204-south', 119, 'fishing_super', 45.00, 30, 55, NULL, NULL),
('route-204-south', 129, 'fishing_old', 100.00, 3, 15, NULL, NULL),
('route-204-south', 129, 'fishing_good', 55.00, 10, 25, NULL, NULL),
('route-204-south', 130, 'fishing_super', 55.00, 30, 55, NULL, NULL),
('route-204-south', 204, 'walking', 8.00, 5, 5, 'Emerald in Slot 2', NULL),
('route-204-south', 265, 'walking', 10.00, 4, 4, 'Morning', NULL),
('route-204-south', 265, 'walking', 10.00, 4, 4, 'Day', NULL),
('route-204-south', 270, 'walking', 8.00, 5, 5, 'Sapphire in Slot 2', NULL),
('route-204-south', 273, 'walking', 8.00, 5, 5, 'Ruby in Slot 2', NULL),
('route-204-south', 396, 'walking', 25.00, 4, 6, NULL, NULL),
('route-204-south', 399, 'walking', 25.00, 4, 6, NULL, NULL),
('route-204-south', 401, 'walking', 10.00, 4, 4, 'Night', NULL),
('route-204-south', 401, 'walking', 10.00, 3, 3, 'Morning', NULL),
('route-204-south', 403, 'walking', 15.00, 4, 5, NULL, NULL),
('route-204-south', 406, 'walking', 10.00, 3, 3, 'Day', NULL),
('route-204-south', 406, 'walking', 15.00, 4, 5, NULL, NULL),
('ravaged-path', 41, 'walking', 65.00, 3, 6, NULL, NULL),
('ravaged-path', 41, 'surfing', 30.00, 20, 30, NULL, NULL),
('ravaged-path', 42, 'surfing', 5.00, 20, 40, NULL, NULL),
('ravaged-path', 54, 'walking', 35.00, 4, 6, NULL, NULL),
('ravaged-path', 54, 'surfing', 60.00, 20, 30, NULL, NULL),
('ravaged-path', 55, 'surfing', 5.00, 20, 40, NULL, NULL),
('ravaged-path', 129, 'fishing_old', 100.00, 3, 15, NULL, NULL),
('ravaged-path', 129, 'fishing_good', 55.00, 10, 25, NULL, NULL),
('ravaged-path', 130, 'fishing_super', 55.00, 30, 55, NULL, NULL),
('ravaged-path', 339, 'fishing_good', 45.00, 10, 25, NULL, NULL),
('ravaged-path', 340, 'fishing_super', 45.00, 30, 55, NULL, NULL),
('route-203', 41, 'walking', 10.00, 4, 4, 'Night', NULL),
('route-203', 54, 'surfing', 90.00, 20, 30, NULL, NULL),
('route-203', 55, 'surfing', 10.00, 20, 40, NULL, NULL),
('route-203', 63, 'walking', 15.00, 4, 5, NULL, NULL),
('route-203', 104, 'walking', 40.00, 4, 4, 'Swarm', NULL),
('route-203', 118, 'fishing_good', 45.00, 10, 25, NULL, NULL),
('route-203', 119, 'fishing_super', 45.00, 30, 55, NULL, NULL),
('route-203', 129, 'fishing_old', 100.00, 3, 15, NULL, NULL),
('route-203', 129, 'fishing_good', 55.00, 10, 25, NULL, NULL),
('route-203', 130, 'fishing_super', 55.00, 30, 55, NULL, NULL),
('route-203', 204, 'walking', 8.00, 6, 6, 'Emerald in Slot 2', NULL),
('route-203', 270, 'walking', 8.00, 6, 6, 'Sapphire in Slot 2', NULL),
('route-203', 273, 'walking', 8.00, 6, 6, 'Ruby in Slot 2', NULL),
('route-203', 396, 'walking', 25.00, 4, 7, NULL, NULL),
('route-203', 396, 'walking', 10.00, 5, 5, 'Morning', NULL),
('route-203', 396, 'walking', 10.00, 5, 5, 'Day', NULL),
('route-203', 396, 'walking', 4.00, 6, 6, 'FireRed in Slot 2', NULL),
('route-203', 396, 'walking', 4.00, 6, 6, 'LeafGreen in Slot 2', NULL),
('route-203', 399, 'walking', 10.00, 4, 4, 'Day', NULL),
('route-203', 399, 'walking', 15.00, 5, 7, NULL, NULL),
('route-203', 399, 'walking', 4.00, 6, 6, 'FireRed in Slot 2', NULL),
('route-203', 399, 'walking', 4.00, 6, 6, 'LeafGreen in Slot 2', NULL),
('route-203', 401, 'walking', 10.00, 5, 5, 'Night', NULL),
('route-203', 401, 'walking', 10.00, 4, 4, 'Morning', NULL),
('route-203', 403, 'walking', 25.00, 4, 5, NULL, NULL),
('oreburgh-gate-1f', 41, 'walking', 50.00, 5, 8, NULL, NULL),
('oreburgh-gate-1f', 54, 'walking', 35.00, 5, 7, NULL, NULL),
('oreburgh-gate-1f', 74, 'walking', 15.00, 5, 7, NULL, NULL),
('oreburgh-gate-b1f', 41, 'walking', 45.00, 6, 9, NULL, NULL),
('oreburgh-gate-b1f', 41, 'surfing', 30.00, 20, 30, NULL, NULL),
('oreburgh-gate-b1f', 42, 'walking', 5.00, 10, 10, NULL, NULL),
('oreburgh-gate-b1f', 42, 'surfing', 5.00, 20, 40, NULL, NULL),
('oreburgh-gate-b1f', 54, 'walking', 35.00, 8, 10, NULL, NULL),
('oreburgh-gate-b1f', 54, 'surfing', 60.00, 20, 30, NULL, NULL),
('oreburgh-gate-b1f', 55, 'surfing', 5.00, 20, 40, NULL, NULL),
('oreburgh-gate-b1f', 74, 'walking', 15.00, 6, 8, NULL, NULL),
('oreburgh-gate-b1f', 129, 'fishing_old', 100.00, 3, 15, NULL, NULL),
('oreburgh-gate-b1f', 129, 'fishing_good', 55.00, 10, 25, NULL, NULL),
('oreburgh-gate-b1f', 130, 'fishing_super', 55.00, 30, 55, NULL, NULL),
('oreburgh-gate-b1f', 339, 'fishing_good', 45.00, 10, 25, NULL, NULL),
('oreburgh-gate-b1f', 340, 'fishing_super', 45.00, 30, 55, NULL, NULL),
('oreburgh-mine-1f', 41, 'walking', 25.00, 5, 7, NULL, NULL),
('oreburgh-mine-1f', 74, 'walking', 65.00, 4, 8, NULL, NULL),
('oreburgh-mine-1f', 74, 'walking', 4.00, 7, 7, 'Ruby in Slot 2', NULL),
('oreburgh-mine-1f', 74, 'walking', 4.00, 7, 7, 'Sapphire in Slot 2', NULL),
('oreburgh-mine-1f', 74, 'walking', 4.00, 7, 7, 'Emerald in Slot 2', NULL),
('oreburgh-mine-1f', 74, 'walking', 4.00, 7, 7, 'FireRed in Slot 2', NULL),
('oreburgh-mine-1f', 74, 'walking', 4.00, 7, 7, 'LeafGreen in Slot 2', NULL),
('oreburgh-mine-1f', 74, 'walking', 1.00, 7, 7, 'Poke Radar', NULL),
('oreburgh-mine-1f', 95, 'walking', 10.00, 6, 8, NULL, NULL),
('oreburgh-mine-b1f', 41, 'walking', 25.00, 6, 8, NULL, NULL),
('oreburgh-mine-b1f', 74, 'walking', 65.00, 5, 9, NULL, NULL),
('oreburgh-mine-b1f', 74, 'walking', 4.00, 8, 8, 'Ruby in Slot 2', NULL),
('oreburgh-mine-b1f', 74, 'walking', 4.00, 8, 8, 'Sapphire in Slot 2', NULL),
('oreburgh-mine-b1f', 74, 'walking', 4.00, 8, 8, 'Emerald in Slot 2', NULL),
('oreburgh-mine-b1f', 74, 'walking', 4.00, 8, 8, 'FireRed in Slot 2', NULL),
('oreburgh-mine-b1f', 74, 'walking', 4.00, 8, 8, 'LeafGreen in Slot 2', NULL),
('oreburgh-mine-b1f', 74, 'walking', 1.00, 8, 8, 'Poke Radar', NULL),
('oreburgh-mine-b1f', 95, 'walking', 10.00, 7, 9, NULL, NULL),
('route-207', 41, 'walking', 10.00, 5, 5, 'Night', NULL),
('route-207', 66, 'walking', 35.00, 6, 8, NULL, NULL),
('route-207', 66, 'walking', 10.00, 5, 5, 'Day', NULL),
('route-207', 74, 'walking', 30.00, 5, 7, NULL, NULL),
('route-207', 77, 'walking', 10.00, 6, 6, 'Morning', NULL),
('route-207', 77, 'walking', 10.00, 6, 6, 'Day', NULL),
('route-207', 77, 'walking', 15.00, 5, 7, NULL, NULL),
('route-207', 231, 'walking', 40.00, 5, 7, 'Swarm', NULL),
('route-207', 234, 'walking', 22.00, 5, 7, 'Poke Radar', NULL),
('route-207', 401, 'walking', 10.00, 6, 6, 'Night', NULL),
('route-207', 401, 'walking', 10.00, 5, 5, 'Morning', NULL),
('route-204-north', 10, 'walking', 8.00, 10, 10, 'FireRed in Slot 2', NULL),
('route-204-north', 13, 'walking', 8.00, 10, 10, 'LeafGreen in Slot 2', NULL),
('route-204-north', 41, 'walking', 10.00, 8, 8, 'Night', NULL),
('route-204-north', 54, 'surfing', 90.00, 20, 30, NULL, NULL),
('route-204-north', 55, 'surfing', 10.00, 20, 40, NULL, NULL),
('route-204-north', 118, 'fishing_good', 45.00, 10, 25, NULL, NULL),
('route-204-north', 119, 'fishing_super', 45.00, 30, 55, NULL, NULL),
('route-204-north', 129, 'fishing_old', 100.00, 3, 15, NULL, NULL),
('route-204-north', 129, 'fishing_good', 55.00, 10, 25, NULL, NULL),
('route-204-north', 130, 'fishing_super', 55.00, 30, 55, NULL, NULL),
('route-204-north', 191, 'walking', 22.00, 9, 11, 'Poke Radar', NULL),
('route-204-north', 204, 'walking', 8.00, 10, 10, 'Emerald in Slot 2', NULL),
('route-204-north', 265, 'walking', 10.00, 9, 9, 'Morning', NULL),
('route-204-north', 265, 'walking', 10.00, 9, 9, 'Day', NULL),
('route-204-north', 270, 'walking', 8.00, 10, 10, 'Sapphire in Slot 2', NULL),
('route-204-north', 273, 'walking', 8.00, 10, 10, 'Ruby in Slot 2', NULL),
('route-204-north', 396, 'walking', 25.00, 9, 11, NULL, NULL),
('route-204-north', 399, 'walking', 25.00, 9, 11, NULL, NULL),
('route-204-north', 401, 'walking', 10.00, 9, 9, 'Night', NULL),
('route-204-north', 401, 'walking', 10.00, 8, 8, 'Morning', NULL),
('route-204-north', 403, 'walking', 15.00, 9, 10, NULL, NULL),
('route-204-north', 406, 'walking', 10.00, 8, 8, 'Day', NULL),
('route-204-north', 406, 'walking', 15.00, 9, 10, NULL, NULL),
('valley-windworks', 72, 'surfing', 30.00, 20, 30, NULL, NULL),
('valley-windworks', 73, 'surfing', 1.00, 20, 40, NULL, NULL),
('valley-windworks', 90, 'fishing_super', 15.00, 20, 50, NULL, NULL),
('valley-windworks', 129, 'fishing_old', 100.00, 3, 15, NULL, NULL),
('valley-windworks', 129, 'fishing_good', 55.00, 10, 25, NULL, NULL),
('valley-windworks', 130, 'fishing_super', 40.00, 30, 55, NULL, NULL),
('valley-windworks', 179, 'walking', 22.00, 10, 12, 'Poke Radar', NULL),
('valley-windworks', 309, 'walking', 40.00, 9, 10, 'Swarm', NULL),
('valley-windworks', 403, 'walking', 20.00, 10, 10, NULL, NULL),
('valley-windworks', 417, 'walking', 10.00, 9, 11, NULL, NULL),
('valley-windworks', 418, 'walking', 25.00, 9, 11, NULL, NULL),
('valley-windworks', 422, 'walking', 45.00, 9, 12, NULL, NULL),
('valley-windworks', 422, 'surfing', 60.00, 20, 30, NULL, NULL),
('valley-windworks', 423, 'surfing', 9.00, 20, 40, NULL, NULL),
('valley-windworks', 425, 'static', 100.00, 15, 15, 'story-progress-defeat-mars', NULL),
('valley-windworks', 456, 'fishing_good', 45.00, 10, 25, NULL, NULL),
('valley-windworks', 457, 'fishing_super', 45.00, 30, 55, NULL, NULL),
('route-205-south', 72, 'surfing', 30.00, 20, 30, NULL, NULL),
('route-205-south', 73, 'surfing', 1.00, 20, 40, NULL, NULL),
('route-205-south', 90, 'fishing_super', 15.00, 20, 50, NULL, NULL),
('route-205-south', 129, 'fishing_old', 100.00, 3, 15, NULL, NULL),
('route-205-south', 129, 'fishing_good', 55.00, 10, 25, NULL, NULL),
('route-205-south', 130, 'fishing_super', 40.00, 30, 55, NULL, NULL),
('route-205-south', 187, 'walking', 22.00, 10, 12, 'Poke Radar', NULL),
('route-205-south', 399, 'walking', 10.00, 10, 10, NULL, NULL),
('route-205-south', 417, 'walking', 10.00, 9, 11, NULL, NULL),
('route-205-south', 418, 'walking', 15.00, 10, 11, NULL, NULL),
('route-205-south', 422, 'walking', 65.00, 9, 12, NULL, NULL),
('route-205-south', 422, 'surfing', 60.00, 20, 30, NULL, NULL),
('route-205-south', 423, 'surfing', 9.00, 20, 40, NULL, NULL),
('route-205-south', 456, 'fishing_good', 45.00, 10, 25, NULL, NULL),
('route-205-south', 457, 'fishing_super', 45.00, 30, 55, NULL, NULL),
('eterna-forest', 10, 'walking', 4.00, 13, 13, 'FireRed in Slot 2', NULL),
('eterna-forest', 11, 'walking', 4.00, 13, 13, 'FireRed in Slot 2', NULL),
('eterna-forest', 13, 'walking', 4.00, 13, 13, 'LeafGreen in Slot 2', NULL),
('eterna-forest', 14, 'walking', 4.00, 13, 13, 'LeafGreen in Slot 2', NULL),
('eterna-forest', 92, 'walking', 4.00, 13, 13, NULL, NULL),
('eterna-forest', 92, 'walking', 4.00, 13, 13, 'Sapphire in Slot 2', NULL),
('eterna-forest', 163, 'walking', 10.00, 12, 12, 'Night', NULL),
('eterna-forest', 204, 'walking', 8.00, 13, 13, 'Emerald in Slot 2', NULL),
('eterna-forest', 265, 'walking', 10.00, 10, 10, 'Morning', NULL),
('eterna-forest', 265, 'walking', 10.00, 10, 10, 'Day', NULL),
('eterna-forest', 266, 'walking', 5.00, 12, 12, NULL, NULL),
('eterna-forest', 267, 'walking', 1.00, 14, 14, NULL, NULL),
('eterna-forest', 268, 'walking', 5.00, 12, 12, NULL, NULL),
('eterna-forest', 269, 'walking', 1.00, 14, 14, NULL, NULL),
('eterna-forest', 273, 'walking', 8.00, 13, 13, 'Ruby in Slot 2', NULL),
('eterna-forest', 287, 'walking', 40.00, 10, 11, 'Swarm', NULL),
('eterna-forest', 290, 'walking', 22.00, 11, 14, 'Poke Radar', NULL),
('eterna-forest', 399, 'walking', 10.00, 12, 12, NULL, NULL),
('eterna-forest', 401, 'walking', 10.00, 10, 10, 'Night', NULL),
('eterna-forest', 401, 'walking', 10.00, 12, 12, 'Morning', NULL),
('eterna-forest', 406, 'walking', 30.00, 10, 11, NULL, NULL),
('eterna-forest', 406, 'walking', 10.00, 12, 12, 'Day', NULL),
('eterna-forest', 427, 'walking', 24.00, 11, 13, NULL, NULL),
('eterna-forest', 427, 'walking', 4.00, 13, 13, 'Sapphire in Slot 2', NULL),
('old-chateau', 92, 'walking', 200.00, 14, 17, NULL, NULL),
('route-205-north', 54, 'surfing', 90.00, 20, 30, NULL, NULL),
('route-205-north', 55, 'surfing', 10.00, 20, 40, NULL, NULL),
('route-205-north', 79, 'walking', 22.00, 14, 15, 'Poke Radar', NULL),
('route-205-north', 129, 'fishing_old', 100.00, 3, 15, NULL, NULL),
('route-205-north', 129, 'fishing_good', 55.00, 10, 25, NULL, NULL),
('route-205-north', 130, 'fishing_super', 55.00, 30, 55, NULL, NULL),
('route-205-north', 163, 'walking', 10.00, 12, 12, 'Night', NULL),
('route-205-north', 265, 'walking', 10.00, 13, 13, 'Morning', NULL),
('route-205-north', 265, 'walking', 10.00, 13, 13, 'Day', NULL),
('route-205-north', 266, 'walking', 10.00, 14, 14, NULL, NULL),
('route-205-north', 267, 'walking', 1.00, 15, 15, NULL, NULL),
('route-205-north', 268, 'walking', 10.00, 14, 14, NULL, NULL),
('route-205-north', 269, 'walking', 1.00, 15, 15, NULL, NULL),
('route-205-north', 270, 'walking', 8.00, 13, 14, 'Sapphire in Slot 2', NULL),
('route-205-north', 339, 'fishing_good', 45.00, 10, 25, NULL, NULL),
('route-205-north', 340, 'fishing_super', 45.00, 30, 55, NULL, NULL),
('route-205-north', 399, 'walking', 30.00, 12, 14, NULL, NULL),
('route-205-north', 401, 'walking', 10.00, 13, 13, 'Night', NULL),
('route-205-north', 401, 'walking', 10.00, 12, 12, 'Morning', NULL),
('route-205-north', 406, 'walking', 28.00, 12, 14, NULL, NULL),
('route-205-north', 406, 'walking', 10.00, 12, 12, 'Day', NULL),
('route-205-north', 406, 'walking', 8.00, 13, 14, 'Ruby in Slot 2', NULL),
('route-205-north', 406, 'walking', 8.00, 13, 14, 'Emerald in Slot 2', NULL),
('route-205-north', 406, 'walking', 8.00, 13, 14, 'FireRed in Slot 2', NULL),
('route-205-north', 406, 'walking', 8.00, 13, 14, 'LeafGreen in Slot 2', NULL),
('route-211-west', 41, 'walking', 10.00, 14, 14, 'Night', NULL),
('route-211-west', 66, 'walking', 15.00, 14, 15, NULL, NULL),
('route-211-west', 66, 'walking', 4.00, 15, 15, 'Ruby in Slot 2', NULL),
('route-211-west', 66, 'walking', 4.00, 15, 15, 'Sapphire in Slot 2', NULL),
('route-211-west', 66, 'walking', 4.00, 15, 15, 'FireRed in Slot 2', NULL),
('route-211-west', 66, 'walking', 4.00, 15, 15, 'LeafGreen in Slot 2', NULL),
('route-211-west', 163, 'walking', 10.00, 15, 15, 'Night', NULL),
('route-211-west', 216, 'walking', 8.00, 15, 16, 'Emerald in Slot 2', NULL),
('route-211-west', 236, 'walking', 22.00, 14, 16, 'Poke Radar', NULL),
('route-211-west', 307, 'walking', 20.00, 13, 13, NULL, NULL),
('route-211-west', 307, 'walking', 20.00, 14, 15, 'Morning', NULL),
('route-211-west', 307, 'walking', 20.00, 14, 15, 'Day', NULL),
('route-211-west', 399, 'walking', 20.00, 14, 14, NULL, NULL),
('route-211-west', 433, 'walking', 15.00, 14, 16, NULL, NULL),
('route-211-west', 436, 'walking', 10.00, 14, 16, NULL, NULL),
('route-211-west', 436, 'walking', 4.00, 16, 16, 'Ruby in Slot 2', NULL),
('route-211-west', 436, 'walking', 4.00, 16, 16, 'Sapphire in Slot 2', NULL),
('route-211-west', 436, 'walking', 4.00, 16, 16, 'FireRed in Slot 2', NULL),
('route-211-west', 436, 'walking', 4.00, 16, 16, 'LeafGreen in Slot 2', NULL),
('mt-coronet-route-207', 35, 'walking', 10.00, 17, 17, 'Morning', NULL),
('mt-coronet-route-207', 35, 'walking', 10.00, 17, 17, 'Night', NULL),
('mt-coronet-route-207', 41, 'walking', 10.00, 18, 18, 'Night', NULL),
('mt-coronet-route-207', 41, 'walking', 5.00, 19, 19, NULL, NULL),
('mt-coronet-route-207', 41, 'surfing', 90.00, 20, 30, NULL, NULL),
('mt-coronet-route-207', 42, 'surfing', 10.00, 20, 40, NULL, NULL),
('mt-coronet-route-207', 66, 'walking', 10.00, 20, 20, NULL, NULL),
('mt-coronet-route-207', 74, 'walking', 20.00, 19, 19, NULL, NULL),
('mt-coronet-route-207', 74, 'walking', 10.00, 17, 17, 'Day', NULL),
('mt-coronet-route-207', 129, 'fishing_old', 100.00, 3, 15, NULL, NULL),
('mt-coronet-route-207', 129, 'fishing_good', 55.00, 10, 25, NULL, NULL),
('mt-coronet-route-207', 130, 'fishing_super', 55.00, 20, 55, NULL, NULL),
('mt-coronet-route-207', 299, 'walking', 5.00, 18, 18, NULL, NULL),
('mt-coronet-route-207', 307, 'walking', 10.00, 18, 18, 'Morning', NULL),
('mt-coronet-route-207', 307, 'walking', 10.00, 18, 18, 'Day', NULL),
('mt-coronet-route-207', 307, 'walking', 10.00, 20, 20, NULL, NULL),
('mt-coronet-route-207', 339, 'fishing_good', 45.00, 10, 25, NULL, NULL),
('mt-coronet-route-207', 340, 'fishing_super', 45.00, 30, 55, NULL, NULL),
('mt-coronet-route-207', 433, 'walking', 10.00, 17, 19, NULL, NULL),
('mt-coronet-route-207', 436, 'walking', 20.00, 18, 18, NULL, NULL),
('route-206', 41, 'walking', 10.00, 17, 17, 'Night', NULL),
('route-206', 66, 'walking', 20.00, 17, 19, NULL, NULL),
('route-206', 74, 'walking', 30.00, 16, 18, NULL, NULL),
('route-206', 77, 'walking', 20.00, 16, 16, NULL, NULL),
('route-206', 77, 'walking', 10.00, 17, 17, 'Day', NULL),
('route-206', 207, 'walking', 10.00, 18, 18, 'Morning', NULL),
('route-206', 207, 'walking', 10.00, 18, 18, 'Day', NULL),
('route-206', 207, 'walking', 10.00, 16, 16, NULL, NULL),
('route-206', 246, 'walking', 40.00, 16, 16, 'Swarm', NULL),
('route-206', 343, 'walking', 22.00, 16, 19, 'Poke Radar', NULL),
('route-206', 402, 'walking', 10.00, 18, 18, 'Night', NULL),
('route-206', 402, 'walking', 10.00, 17, 17, 'Morning', NULL),
('wayward-cave', 27, 'walking', 16.00, 17, 20, 'LeafGreen in Slot 2', NULL),
('wayward-cave', 41, 'walking', 25.00, 17, 19, NULL, NULL),
('wayward-cave', 74, 'walking', 65.00, 17, 20, NULL, NULL),
('wayward-cave', 74, 'walking', 4.00, 17, 17, 'Ruby in Slot 2', NULL),
('wayward-cave', 74, 'walking', 4.00, 17, 17, 'Sapphire in Slot 2', NULL),
('wayward-cave', 74, 'walking', 4.00, 17, 17, 'Emerald in Slot 2', NULL),
('wayward-cave', 74, 'walking', 4.00, 17, 17, 'FireRed in Slot 2', NULL),
('wayward-cave', 74, 'walking', 1.00, 17, 17, 'Poke Radar', NULL),
('wayward-cave', 95, 'walking', 30.00, 18, 20, NULL, NULL),
('wayward-cave', 95, 'walking', 8.00, 18, 18, 'Ruby in Slot 2', NULL),
('wayward-cave', 95, 'walking', 8.00, 18, 18, 'Sapphire in Slot 2', NULL),
('wayward-cave', 95, 'walking', 8.00, 18, 18, 'Emerald in Slot 2', NULL),
('wayward-cave', 95, 'walking', 8.00, 18, 18, 'FireRed in Slot 2', NULL),
('wayward-cave', 436, 'walking', 60.00, 18, 20, NULL, NULL),
('wayward-cave', 443, 'walking', 20.00, 17, 20, NULL, NULL),
('wayward-cave', 443, 'walking', 4.00, 20, 20, 'Ruby in Slot 2', NULL),
('wayward-cave', 443, 'walking', 4.00, 20, 20, 'Sapphire in Slot 2', NULL),
('wayward-cave', 443, 'walking', 4.00, 20, 20, 'Emerald in Slot 2', NULL),
('wayward-cave', 443, 'walking', 4.00, 20, 20, 'FireRed in Slot 2', NULL),
('route-208', 41, 'walking', 10.00, 19, 19, 'Night', NULL),
('route-208', 54, 'surfing', 90.00, 20, 20, NULL, NULL),
('route-208', 55, 'surfing', 10.00, 20, 40, NULL, NULL),
('route-208', 118, 'fishing_good', 45.00, 10, 25, NULL, NULL),
('route-208', 119, 'fishing_super', 45.00, 30, 55, NULL, NULL),
('route-208', 129, 'fishing_old', 100.00, 3, 15, NULL, NULL),
('route-208', 129, 'fishing_good', 55.00, 10, 25, NULL, NULL),
('route-208', 130, 'fishing_super', 55.00, 30, 55, NULL, NULL),
('route-208', 206, 'walking', 40.00, 18, 18, 'Swarm', NULL),
('route-208', 235, 'walking', 22.00, 18, 20, 'Poke Radar', NULL),
('route-208', 280, 'walking', 15.00, 17, 18, NULL, NULL),
('route-208', 315, 'walking', 15.00, 19, 20, NULL, NULL),
('route-208', 315, 'walking', 4.00, 20, 20, 'Emerald in Slot 2', NULL),
('route-208', 315, 'walking', 4.00, 20, 20, 'FireRed in Slot 2', NULL),
('route-208', 315, 'walking', 4.00, 20, 20, 'LeafGreen in Slot 2', NULL),
('route-208', 335, 'walking', 8.00, 20, 20, 'Ruby in Slot 2', NULL),
('route-208', 336, 'walking', 8.00, 20, 20, 'Sapphire in Slot 2', NULL),
('route-208', 399, 'walking', 20.00, 18, 18, NULL, NULL),
('route-208', 400, 'walking', 20.00, 18, 20, NULL, NULL),
('route-208', 400, 'walking', 4.00, 20, 20, 'Emerald in Slot 2', NULL),
('route-208', 400, 'walking', 4.00, 20, 20, 'FireRed in Slot 2', NULL),
('route-208', 400, 'walking', 4.00, 20, 20, 'LeafGreen in Slot 2', NULL),
('route-208', 406, 'walking', 20.00, 18, 18, NULL, NULL),
('route-208', 406, 'walking', 10.00, 19, 19, 'Morning', NULL),
('route-208', 406, 'walking', 10.00, 19, 19, 'Day', NULL),
('route-209', 37, 'walking', 8.00, 17, 19, 'LeafGreen in Slot 2', NULL),
('route-209', 41, 'walking', 10.00, 19, 19, 'Night', NULL),
('route-209', 54, 'surfing', 90.00, 20, 30, NULL, NULL),
('route-209', 55, 'surfing', 10.00, 20, 40, NULL, NULL),
('route-209', 113, 'walking', 5.00, 17, 19, NULL, NULL),
('route-209', 113, 'walking', 4.00, 17, 17, 'Ruby in Slot 2', NULL),
('route-209', 113, 'walking', 4.00, 17, 17, 'Sapphire in Slot 2', NULL),
('route-209', 113, 'walking', 4.00, 17, 17, 'Emerald in Slot 2', NULL),
('route-209', 113, 'walking', 4.00, 17, 17, 'FireRed in Slot 2', NULL),
('route-209', 118, 'fishing_good', 45.00, 10, 25, NULL, NULL),
('route-209', 119, 'fishing_super', 45.00, 30, 55, NULL, NULL),
('route-209', 129, 'fishing_old', 100.00, 3, 15, NULL, NULL),
('route-209', 129, 'fishing_good', 55.00, 10, 25, NULL, NULL),
('route-209', 130, 'fishing_super', 55.00, 30, 55, NULL, NULL),
('route-209', 209, 'walking', 40.00, 18, 19, 'Swarm', NULL),
('route-209', 280, 'walking', 10.00, 17, 17, 'Morning', NULL),
('route-209', 280, 'walking', 10.00, 17, 17, 'Day', NULL),
('route-209', 280, 'walking', 10.00, 18, 19, NULL, NULL),
('route-209', 280, 'walking', 4.00, 19, 19, 'Ruby in Slot 2', NULL),
('route-209', 280, 'walking', 4.00, 19, 19, 'Sapphire in Slot 2', NULL),
('route-209', 280, 'walking', 4.00, 19, 19, 'Emerald in Slot 2', NULL),
('route-209', 280, 'walking', 4.00, 19, 19, 'FireRed in Slot 2', NULL),
('route-209', 281, 'walking', 22.00, 18, 19, 'Poke Radar', NULL),
('route-209', 315, 'walking', 25.00, 19, 20, NULL, NULL),
('route-209', 355, 'walking', 10.00, 17, 17, 'Night', NULL),
('route-209', 397, 'walking', 10.00, 19, 19, 'Morning', NULL),
('route-209', 397, 'walking', 10.00, 19, 19, 'Day', NULL),
('route-209', 397, 'walking', 10.00, 18, 18, NULL, NULL),
('route-209', 400, 'walking', 30.00, 18, 19, NULL, NULL),
('route-209', 442, 'static', 100.00, 25, 25, 'item-odd-keystone, other-talked-to-32-people-underground', NULL),
('lost-tower', 41, 'walking', 105.00, 18, 21, NULL, NULL),
('lost-tower', 42, 'walking', 16.00, 21, 22, NULL, NULL),
('lost-tower', 92, 'walking', 119.00, 18, 22, NULL, NULL),
('lost-tower', 92, 'walking', 60.00, 18, 21, 'Morning', NULL),
('lost-tower', 92, 'walking', 60.00, 18, 21, 'Day', NULL),
('lost-tower', 92, 'walking', 3.00, 21, 22, 'Poke Radar', NULL),
('lost-tower', 355, 'walking', 60.00, 18, 21, 'Night', NULL),
('lost-tower', 92, 'walking', 8.00, 21, 22, 'Ruby in Slot 2', NULL),
('lost-tower', 92, 'walking', 8.00, 21, 22, 'Sapphire in Slot 2', NULL),
('lost-tower', 92, 'walking', 8.00, 21, 22, 'Emerald in Slot 2', NULL),
('lost-tower', 92, 'walking', 8.00, 21, 22, 'FireRed in Slot 2', NULL),
('lost-tower', 92, 'walking', 8.00, 21, 22, 'LeafGreen in Slot 2', NULL),
('solaceon-ruins', 201, 'walking', 100.00, 20, 30, NULL, NULL),
('route-210-south', 74, 'walking', 20.00, 18, 18, NULL, NULL),
('route-210-south', 77, 'walking', 20.00, 20, 21, 'Day', NULL),
('route-210-south', 77, 'walking', 10.00, 20, 20, 'Morning', NULL),
('route-210-south', 77, 'walking', 15.00, 19, 21, NULL, NULL),
('route-210-south', 77, 'walking', 4.00, 21, 21, 'Sapphire in Slot 2', NULL),
('route-210-south', 77, 'walking', 4.00, 21, 21, 'FireRed in Slot 2', NULL),
('route-210-south', 77, 'walking', 4.00, 21, 21, 'LeafGreen in Slot 2', NULL),
('route-210-south', 113, 'walking', 5.00, 19, 21, NULL, NULL),
('route-210-south', 113, 'walking', 4.00, 19, 19, 'Sapphire in Slot 2', NULL),
('route-210-south', 113, 'walking', 4.00, 19, 19, 'FireRed in Slot 2', NULL),
('route-210-south', 113, 'walking', 4.00, 19, 19, 'LeafGreen in Slot 2', NULL),
('route-210-south', 123, 'walking', 10.00, 21, 21, 'Morning', NULL),
('route-210-south', 123, 'walking', 5.00, 19, 19, NULL, NULL),
('route-210-south', 128, 'walking', 11.00, 19, 21, 'Poke Radar', NULL),
('route-210-south', 163, 'walking', 10.00, 20, 20, 'Night', NULL),
('route-210-south', 164, 'walking', 10.00, 21, 21, 'Night', NULL),
('route-210-south', 204, 'walking', 8.00, 19, 21, 'Emerald in Slot 2', NULL),
('route-210-south', 241, 'walking', 11.00, 20, 21, 'Poke Radar', NULL),
('route-210-south', 273, 'walking', 4.00, 21, 21, 'Ruby in Slot 2', NULL),
('route-210-south', 274, 'walking', 4.00, 19, 19, 'Ruby in Slot 2', NULL),
('route-210-south', 315, 'walking', 15.00, 20, 21, NULL, NULL),
('route-210-south', 397, 'walking', 20.00, 19, 19, NULL, NULL),
('route-215', 63, 'walking', 10.00, 19, 19, NULL, NULL),
('route-215', 64, 'walking', 10.00, 21, 22, NULL, NULL),
('route-215', 96, 'walking', 40.00, 19, 20, 'Swarm', NULL),
('route-215', 108, 'walking', 10.00, 20, 20, NULL, NULL),
('route-215', 123, 'walking', 10.00, 22, 22, 'Morning', NULL),
('route-215', 123, 'walking', 5.00, 20, 20, NULL, NULL),
('route-215', 183, 'walking', 25.00, 20, 22, NULL, NULL),
('route-215', 183, 'walking', 20.00, 21, 22, 'Night', NULL),
('route-215', 397, 'walking', 20.00, 19, 19, NULL, NULL),
('route-215', 397, 'walking', 20.00, 21, 22, 'Day', NULL),
('route-215', 397, 'walking', 10.00, 21, 21, 'Morning', NULL),
('route-214', 37, 'walking', 8.00, 24, 24, 'LeafGreen in Slot 2', NULL),
('route-214', 41, 'walking', 10.00, 22, 22, 'Night', NULL),
('route-214', 54, 'surfing', 90.00, 20, 30, NULL, NULL),
('route-214', 55, 'surfing', 10.00, 20, 40, NULL, NULL),
('route-214', 74, 'walking', 20.00, 21, 21, NULL, NULL),
('route-214', 75, 'walking', 25.00, 23, 24, NULL, NULL),
('route-214', 75, 'walking', 10.00, 22, 22, 'Morning', NULL),
('route-214', 75, 'walking', 10.00, 22, 22, 'Day', NULL),
('route-214', 111, 'walking', 10.00, 22, 22, 'Morning', NULL),
('route-214', 111, 'walking', 10.00, 22, 22, 'Day', NULL),
('route-214', 111, 'walking', 20.00, 21, 24, NULL, NULL),
('route-214', 111, 'walking', 4.00, 24, 24, 'Ruby in Slot 2', NULL),
('route-214', 111, 'walking', 4.00, 24, 24, 'Sapphire in Slot 2', NULL),
('route-214', 111, 'walking', 4.00, 24, 24, 'Emerald in Slot 2', NULL),
('route-214', 111, 'walking', 4.00, 24, 24, 'FireRed in Slot 2', NULL),
('route-214', 118, 'fishing_good', 45.00, 10, 25, NULL, NULL),
('route-214', 119, 'fishing_super', 45.00, 30, 55, NULL, NULL),
('route-214', 129, 'fishing_old', 100.00, 3, 15, NULL, NULL),
('route-214', 129, 'fishing_good', 55.00, 10, 25, NULL, NULL),
('route-214', 130, 'fishing_super', 55.00, 30, 55, NULL, NULL),
('route-214', 228, 'walking', 10.00, 22, 22, 'Night', NULL),
('route-214', 228, 'walking', 15.00, 23, 24, NULL, NULL),
('route-214', 228, 'walking', 4.00, 24, 24, 'Ruby in Slot 2', NULL),
('route-214', 228, 'walking', 4.00, 24, 24, 'Sapphire in Slot 2', NULL),
('route-214', 228, 'walking', 4.00, 24, 24, 'Emerald in Slot 2', NULL),
('route-214', 228, 'walking', 4.00, 24, 24, 'FireRed in Slot 2', NULL),
('route-214', 261, 'walking', 22.00, 23, 24, 'Poke Radar', NULL),
('route-214', 325, 'walking', 40.00, 21, 23, 'Swarm', NULL),
('maniac-tunnel', 74, 'walking', 185.00, 21, 24, NULL, NULL),
('maniac-tunnel', 449, 'walking', 15.00, 22, 25, NULL, NULL),
('valor-lakefront', 30, 'walking', 11.00, 27, 28, 'Poke Radar', NULL),
('valor-lakefront', 33, 'walking', 11.00, 27, 28, 'Poke Radar', NULL),
('valor-lakefront', 203, 'walking', 25.00, 26, 28, NULL, NULL),
('valor-lakefront', 228, 'walking', 10.00, 27, 27, 'Night', NULL),
('valor-lakefront', 228, 'walking', 10.00, 28, 28, NULL, NULL),
('valor-lakefront', 397, 'walking', 10.00, 26, 26, 'Morning', NULL),
('valor-lakefront', 397, 'walking', 20.00, 26, 27, 'Day', NULL),
('valor-lakefront', 397, 'walking', 15.00, 27, 28, NULL, NULL),
('valor-lakefront', 400, 'walking', 30.00, 25, 27, NULL, NULL),
('valor-lakefront', 402, 'walking', 10.00, 26, 26, 'Night', NULL),
('valor-lakefront', 402, 'walking', 10.00, 27, 27, 'Morning', NULL),
('route-213', 72, 'surfing', 60.00, 20, 30, NULL, NULL),
('route-213', 73, 'surfing', 5.00, 20, 40, NULL, NULL),
('route-213', 129, 'fishing_old', 100.00, 3, 15, NULL, NULL),
('route-213', 129, 'fishing_good', 55.00, 10, 25, NULL, NULL),
('route-213', 130, 'fishing_super', 55.00, 30, 55, NULL, NULL),
('route-213', 223, 'fishing_good', 45.00, 10, 25, NULL, NULL),
('route-213', 224, 'fishing_super', 45.00, 30, 55, NULL, NULL),
('route-213', 277, 'walking', 22.00, 25, 26, 'Poke Radar', NULL),
('route-213', 278, 'walking', 20.00, 24, 26, NULL, NULL),
('route-213', 278, 'surfing', 30.00, 20, 30, NULL, NULL),
('route-213', 418, 'walking', 25.00, 23, 25, NULL, NULL),
('route-213', 418, 'walking', 10.00, 25, 25, 'Night', NULL),
('route-213', 422, 'walking', 35.00, 24, 26, NULL, NULL),
('route-213', 422, 'walking', 10.00, 23, 23, 'Night', NULL),
('route-213', 422, 'surfing', 4.00, 20, 30, NULL, NULL),
('route-213', 423, 'surfing', 1.00, 20, 40, NULL, NULL),
('route-213', 441, 'walking', 20.00, 23, 25, 'Morning', NULL),
('route-213', 441, 'walking', 20.00, 23, 25, 'Day', NULL),
('route-212-north', 54, 'surfing', 90.00, 20, 30, NULL, NULL),
('route-212-north', 55, 'surfing', 10.00, 20, 40, NULL, NULL),
('route-212-north', 118, 'fishing_good', 45.00, 10, 25, NULL, NULL),
('route-212-north', 119, 'fishing_super', 45.00, 30, 55, NULL, NULL),
('route-212-north', 129, 'fishing_old', 100.00, 3, 15, NULL, NULL),
('route-212-north', 129, 'fishing_good', 55.00, 10, 25, NULL, NULL),
('route-212-north', 130, 'fishing_super', 55.00, 30, 55, NULL, NULL),
('route-212-north', 183, 'walking', 25.00, 21, 23, NULL, NULL),
('route-212-north', 183, 'walking', 20.00, 22, 23, 'Night', NULL),
('route-212-north', 235, 'walking', 22.00, 21, 24, 'Poke Radar', NULL),
('route-212-north', 280, 'walking', 10.00, 22, 22, 'Day', NULL),
('route-212-north', 281, 'walking', 10.00, 22, 22, 'Morning', NULL),
('route-212-north', 281, 'walking', 10.00, 24, 24, NULL, NULL),
('route-212-north', 315, 'walking', 35.00, 22, 24, NULL, NULL),
('route-212-north', 397, 'walking', 10.00, 23, 23, 'Morning', NULL),
('route-212-north', 397, 'walking', 10.00, 23, 23, 'Day', NULL),
('route-212-north', 397, 'walking', 10.00, 21, 21, NULL, NULL),
('trophy-garden', 25, 'walking', 10.00, 22, 24, NULL, NULL),
('trophy-garden', 172, 'walking', 30.00, 21, 22, NULL, NULL),
('trophy-garden', 315, 'walking', 30.00, 22, 23, NULL, NULL),
('trophy-garden', 397, 'walking', 10.00, 22, 22, 'Morning', NULL),
('trophy-garden', 397, 'walking', 20.00, 22, 23, 'Day', NULL),
('trophy-garden', 397, 'walking', 10.00, 24, 24, NULL, NULL),
('trophy-garden', 402, 'walking', 20.00, 22, 23, 'Night', NULL),
('trophy-garden', 402, 'walking', 10.00, 23, 23, 'Morning', NULL),
('route-212-south', 23, 'walking', 8.00, 23, 26, 'FireRed in Slot 2', NULL),
('route-212-south', 72, 'surfing', 30.00, 20, 30, NULL, NULL),
('route-212-south', 73, 'surfing', 1.00, 20, 40, NULL, NULL),
('route-212-south', 88, 'walking', 22.00, 23, 26, 'Poke Radar', NULL),
('route-212-south', 129, 'fishing_old', 100.00, 3, 15, NULL, NULL),
('route-212-south', 129, 'fishing_good', 55.00, 10, 25, NULL, NULL),
('route-212-south', 130, 'fishing_super', 55.00, 30, 55, NULL, NULL),
('route-212-south', 195, 'walking', 30.00, 24, 26, NULL, NULL),
('route-212-south', 223, 'fishing_good', 45.00, 10, 25, NULL, NULL),
('route-212-south', 224, 'fishing_super', 45.00, 30, 55, NULL, NULL),
('route-212-south', 270, 'walking', 4.00, 26, 26, 'Sapphire in Slot 2', NULL),
('route-212-south', 271, 'walking', 4.00, 23, 23, 'Sapphire in Slot 2', NULL),
('route-212-south', 418, 'walking', 15.00, 23, 25, NULL, NULL),
('route-212-south', 418, 'walking', 4.00, 23, 23, 'Ruby in Slot 2', NULL),
('route-212-south', 418, 'walking', 4.00, 23, 23, 'Emerald in Slot 2', NULL),
('route-212-south', 418, 'walking', 4.00, 23, 23, 'LeafGreen in Slot 2', NULL),
('route-212-south', 422, 'walking', 45.00, 23, 26, NULL, NULL),
('route-212-south', 422, 'walking', 4.00, 26, 26, 'Ruby in Slot 2', NULL),
('route-212-south', 422, 'walking', 4.00, 26, 26, 'Emerald in Slot 2', NULL),
('route-212-south', 422, 'walking', 4.00, 26, 26, 'LeafGreen in Slot 2', NULL),
('route-212-south', 422, 'surfing', 60.00, 20, 30, NULL, NULL),
('route-212-south', 423, 'surfing', 9.00, 20, 40, NULL, NULL),
('route-212-south', 453, 'walking', 10.00, 24, 25, NULL, NULL),
('great-marsh', 24, 'walking', 48.00, 28, 30, 'FireRed in Slot 2', NULL),
('great-marsh', 114, 'walking', 50.00, 28, 31, NULL, NULL),
('great-marsh', 114, 'walking', 24.00, 28, 30, 'Ruby in Slot 2', NULL),
('great-marsh', 114, 'walking', 24.00, 28, 30, 'Sapphire in Slot 2', NULL),
('great-marsh', 114, 'walking', 24.00, 28, 30, 'Emerald in Slot 2', NULL),
('great-marsh', 114, 'walking', 24.00, 28, 30, 'LeafGreen in Slot 2', NULL),
('great-marsh', 129, 'fishing_old', 600.00, 3, 15, NULL, NULL),
('great-marsh', 129, 'fishing_good', 330.00, 10, 25, NULL, NULL),
('great-marsh', 130, 'fishing_super', 240.00, 30, 55, NULL, NULL),
('great-marsh', 164, 'walking', 60.00, 28, 30, 'Night', NULL),
('great-marsh', 193, 'walking', 50.00, 27, 31, NULL, NULL),
('great-marsh', 193, 'walking', 24.00, 28, 30, 'Ruby in Slot 2', NULL),
('great-marsh', 193, 'walking', 24.00, 28, 30, 'Sapphire in Slot 2', NULL),
('great-marsh', 193, 'walking', 24.00, 28, 30, 'Emerald in Slot 2', NULL),
('great-marsh', 193, 'walking', 24.00, 28, 30, 'LeafGreen in Slot 2', NULL),
('great-marsh', 194, 'walking', 200.00, 26, 30, NULL, NULL),
('great-marsh', 194, 'surfing', 540.00, 20, 30, NULL, NULL),
('great-marsh', 195, 'walking', 60.00, 28, 30, NULL, NULL),
('great-marsh', 195, 'surfing', 60.00, 20, 40, NULL, NULL),
('great-marsh', 318, 'fishing_super', 270.00, 30, 55, NULL, NULL),
('great-marsh', 339, 'fishing_good', 270.00, 10, 25, NULL, NULL),
('great-marsh', 340, 'fishing_super', 90.00, 20, 50, NULL, NULL),
('great-marsh', 357, 'walking', 40.00, 28, 30, 'Morning', NULL),
('great-marsh', 357, 'walking', 40.00, 28, 30, 'Day', NULL),
('great-marsh', 400, 'walking', 120.00, 26, 28, NULL, NULL),
('great-marsh', 114, 'walking', 20.00, 27, 27, 'Morning', NULL),
('great-marsh', 114, 'walking', 20.00, 27, 27, 'Day', NULL),
('great-marsh', 163, 'walking', 60.00, 26, 27, 'Night', NULL),
('great-marsh', 400, 'walking', 40.00, 27, 28, 'Morning', NULL),
('great-marsh', 400, 'walking', 40.00, 27, 28, 'Day', NULL),
('great-marsh', 193, 'walking', 20.00, 26, 26, 'Morning', NULL),
('great-marsh', 193, 'walking', 20.00, 26, 26, 'Day', NULL),
('route-210-north', 54, 'surfing', 90.00, 20, 30, NULL, NULL),
('route-210-north', 55, 'surfing', 10.00, 20, 40, NULL, NULL),
('route-210-north', 66, 'walking', 15.00, 28, 29, NULL, NULL),
('route-210-north', 66, 'walking', 4.00, 29, 29, 'Emerald in Slot 2', NULL),
('route-210-north', 66, 'walking', 4.00, 29, 29, 'FireRed in Slot 2', NULL),
('route-210-north', 66, 'walking', 4.00, 29, 29, 'LeafGreen in Slot 2', NULL),
('route-210-north', 67, 'walking', 10.00, 29, 30, NULL, NULL),
('route-210-north', 67, 'walking', 4.00, 30, 30, 'Emerald in Slot 2', NULL),
('route-210-north', 67, 'walking', 4.00, 30, 30, 'FireRed in Slot 2', NULL),
('route-210-north', 67, 'walking', 4.00, 30, 30, 'LeafGreen in Slot 2', NULL),
('route-210-north', 123, 'walking', 10.00, 27, 27, 'Morning', NULL),
('route-210-north', 123, 'walking', 5.00, 29, 29, NULL, NULL),
('route-210-north', 129, 'fishing_old', 100.00, 3, 15, NULL, NULL),
('route-210-north', 129, 'fishing_good', 55.00, 10, 25, NULL, NULL),
('route-210-north', 130, 'fishing_super', 55.00, 30, 55, NULL, NULL),
('route-210-north', 163, 'walking', 10.00, 27, 27, 'Night', NULL),
('route-210-north', 164, 'walking', 10.00, 27, 27, 'Night', NULL),
('route-210-north', 307, 'walking', 10.00, 27, 27, 'Morning', NULL),
('route-210-north', 307, 'walking', 10.00, 27, 27, 'Day', NULL),
('route-210-north', 307, 'walking', 10.00, 29, 29, NULL, NULL),
('route-210-north', 333, 'walking', 20.00, 27, 27, NULL, NULL),
('route-210-north', 333, 'walking', 10.00, 27, 27, 'Day', NULL),
('route-210-north', 335, 'walking', 8.00, 29, 30, 'Ruby in Slot 2', NULL),
('route-210-north', 336, 'walking', 8.00, 29, 30, 'Sapphire in Slot 2', NULL),
('route-210-north', 339, 'fishing_good', 40.00, 15, 20, NULL, NULL),
('route-210-north', 340, 'fishing_good', 5.00, 25, 35, NULL, NULL),
('route-210-north', 340, 'fishing_super', 45.00, 30, 55, NULL, NULL),
('route-210-north', 371, 'walking', 22.00, 28, 30, 'Poke Radar', NULL),
('route-210-north', 400, 'walking', 20.00, 28, 28, NULL, NULL),
('fuego-ironworks', 72, 'surfing', 60.00, 20, 30, NULL, NULL),
('fuego-ironworks', 73, 'surfing', 9.00, 20, 40, NULL, NULL),
('fuego-ironworks', 81, 'walking', 30.00, 28, 30, NULL, NULL),
('fuego-ironworks', 90, 'fishing_super', 15.00, 20, 50, NULL, NULL),
('fuego-ironworks', 126, 'walking', 20.00, 28, 28, NULL, NULL),
('fuego-ironworks', 126, 'walking', 10.00, 29, 29, 'Morning', NULL),
('fuego-ironworks', 126, 'walking', 10.00, 29, 29, 'Day', NULL),
('fuego-ironworks', 129, 'fishing_old', 100.00, 3, 15, NULL, NULL),
('fuego-ironworks', 129, 'fishing_good', 55.00, 10, 25, NULL, NULL),
('fuego-ironworks', 130, 'fishing_super', 40.00, 30, 55, NULL, NULL),
('fuego-ironworks', 304, 'walking', 22.00, 30, 31, 'Poke Radar', NULL),
('fuego-ironworks', 419, 'walking', 25.00, 29, 31, NULL, NULL),
('fuego-ironworks', 422, 'surfing', 30.00, 20, 30, NULL, NULL),
('fuego-ironworks', 423, 'walking', 10.00, 29, 29, 'Night', NULL),
('fuego-ironworks', 423, 'walking', 15.00, 30, 31, NULL, NULL),
('fuego-ironworks', 423, 'surfing', 1.00, 20, 40, NULL, NULL),
('fuego-ironworks', 456, 'fishing_good', 45.00, 10, 25, NULL, NULL),
('fuego-ironworks', 457, 'fishing_super', 45.00, 30, 55, NULL, NULL),
('route-219', 72, 'surfing', 60.00, 20, 30, NULL, NULL),
('route-219', 73, 'surfing', 9.00, 20, 40, NULL, NULL),
('route-219', 129, 'fishing_old', 100.00, 3, 15, NULL, NULL),
('route-219', 129, 'fishing_good', 55.00, 10, 25, NULL, NULL),
('route-219', 130, 'fishing_super', 55.00, 30, 55, NULL, NULL),
('route-219', 278, 'surfing', 30.00, 20, 30, NULL, NULL),
('route-219', 279, 'surfing', 1.00, 20, 40, NULL, NULL),
('route-219', 456, 'fishing_good', 40.00, 15, 20, NULL, NULL),
('route-219', 457, 'fishing_good', 5.00, 25, 35, NULL, NULL),
('route-219', 457, 'fishing_super', 45.00, 30, 55, NULL, NULL),
('route-221', 30, 'walking', 11.00, 30, 30, 'Poke Radar', NULL),
('route-221', 33, 'walking', 11.00, 31, 31, 'Poke Radar', NULL),
('route-221', 72, 'surfing', 60.00, 20, 30, NULL, NULL),
('route-221', 73, 'surfing', 9.00, 20, 40, NULL, NULL),
('route-221', 83, 'walking', 40.00, 28, 29, 'Swarm', NULL),
('route-221', 129, 'fishing_old', 100.00, 3, 15, NULL, NULL),
('route-221', 129, 'fishing_good', 55.00, 10, 25, NULL, NULL),
('route-221', 130, 'fishing_super', 55.00, 30, 55, NULL, NULL),
('route-221', 185, 'walking', 25.00, 29, 31, NULL, NULL),
('route-221', 203, 'walking', 25.00, 28, 30, NULL, NULL),
('route-221', 278, 'surfing', 30.00, 20, 30, NULL, NULL),
('route-221', 279, 'surfing', 1.00, 20, 40, NULL, NULL),
('route-221', 315, 'walking', 10.00, 28, 28, 'Morning', NULL),
('route-221', 315, 'walking', 10.00, 28, 28, 'Day', NULL),
('route-221', 315, 'walking', 15.00, 29, 30, NULL, NULL),
('route-221', 419, 'walking', 25.00, 29, 31, NULL, NULL),
('route-221', 419, 'walking', 10.00, 28, 28, 'Night', NULL),
('route-221', 456, 'fishing_good', 40.00, 15, 20, NULL, NULL),
('route-221', 457, 'fishing_good', 5.00, 25, 35, NULL, NULL),
('route-221', 457, 'fishing_super', 45.00, 30, 55, NULL, NULL),
('route-218', 72, 'surfing', 60.00, 20, 30, NULL, NULL),
('route-218', 73, 'surfing', 9.00, 20, 40, NULL, NULL),
('route-218', 100, 'walking', 40.00, 28, 29, 'Swarm', NULL),
('route-218', 122, 'walking', 25.00, 29, 31, NULL, NULL),
('route-218', 129, 'fishing_old', 100.00, 3, 15, NULL, NULL),
('route-218', 129, 'fishing_good', 55.00, 10, 25, NULL, NULL),
('route-218', 130, 'fishing_super', 55.00, 30, 55, NULL, NULL),
('route-218', 419, 'walking', 30.00, 29, 31, NULL, NULL),
('route-218', 419, 'walking', 10.00, 30, 30, 'Night', NULL),
('route-218', 422, 'surfing', 30.00, 20, 30, NULL, NULL),
('route-218', 423, 'walking', 25.00, 28, 30, NULL, NULL),
('route-218', 423, 'walking', 10.00, 28, 28, 'Night', NULL),
('route-218', 423, 'surfing', 1.00, 20, 40, NULL, NULL),
('route-218', 441, 'walking', 20.00, 28, 30, 'Morning', NULL),
('route-218', 441, 'walking', 20.00, 28, 30, 'Day', NULL),
('route-218', 456, 'fishing_good', 45.00, 10, 25, NULL, NULL),
('route-218', 457, 'fishing_super', 45.00, 30, 55, NULL, NULL),
('iron-island-outside', 72, 'surfing', 30.00, 20, 30, NULL, NULL),
('iron-island-outside', 73, 'surfing', 1.00, 20, 40, NULL, NULL),
('iron-island-outside', 129, 'fishing_old', 100.00, 3, 15, NULL, NULL),
('iron-island-outside', 129, 'fishing_good', 55.00, 10, 25, NULL, NULL),
('iron-island-outside', 130, 'fishing_super', 40.00, 30, 55, NULL, NULL),
('iron-island-outside', 211, 'fishing_super', 15.00, 20, 50, NULL, NULL),
('iron-island-outside', 278, 'surfing', 60.00, 20, 30, NULL, NULL),
('iron-island-outside', 279, 'surfing', 9.00, 20, 40, NULL, NULL),
('iron-island-outside', 456, 'fishing_good', 45.00, 10, 25, NULL, NULL),
('iron-island-outside', 457, 'fishing_super', 45.00, 30, 55, NULL, NULL),
('iron-island-interior', 41, 'walking', 10.00, 30, 30, NULL, NULL),
('iron-island-interior', 42, 'walking', 110.00, 30, 33, NULL, NULL),
('iron-island-interior', 74, 'walking', 35.00, 30, 32, NULL, NULL),
('iron-island-interior', 75, 'walking', 325.00, 30, 34, NULL, NULL),
('iron-island-interior', 95, 'walking', 70.00, 31, 33, NULL, NULL),
('iron-island-interior', 75, 'walking', 40.00, 30, 32, 'Emerald in Slot 2', NULL),
('iron-island-interior', 75, 'walking', 40.00, 30, 32, 'FireRed in Slot 2', NULL),
('iron-island-interior', 75, 'walking', 40.00, 30, 32, 'LeafGreen in Slot 2', NULL),
('iron-island-interior', 302, 'walking', 40.00, 30, 32, 'Sapphire in Slot 2', NULL),
('iron-island-interior', 303, 'walking', 40.00, 30, 32, 'Ruby in Slot 2', NULL),
('iron-island-interior', 208, 'walking', 50.00, 32, 35, NULL, NULL),
('iron-island-interior', 447, 'gift', 100.00, 1, 1, 'story-progress-beat-team-galactic-iron-island', NULL),
('iron-island-interior', 95, 'walking', 20.00, 32, 32, 'Swarm', NULL),
('route-216', 41, 'walking', 10.00, 32, 32, 'Night', NULL),
('route-216', 75, 'walking', 5.00, 35, 35, NULL, NULL),
('route-216', 75, 'walking', 4.00, 35, 35, 'Ruby in Slot 2', NULL),
('route-216', 75, 'walking', 4.00, 35, 35, 'Sapphire in Slot 2', NULL),
('route-216', 75, 'walking', 4.00, 35, 35, 'FireRed in Slot 2', NULL),
('route-216', 75, 'walking', 4.00, 35, 35, 'LeafGreen in Slot 2', NULL),
('route-216', 215, 'walking', 35.00, 33, 35, NULL, NULL),
('route-216', 217, 'walking', 8.00, 35, 35, 'Emerald in Slot 2', NULL),
('route-216', 307, 'walking', 10.00, 32, 32, 'Morning', NULL),
('route-216', 307, 'walking', 10.00, 32, 32, 'Day', NULL),
('route-216', 307, 'walking', 10.00, 33, 33, NULL, NULL),
('route-216', 361, 'walking', 10.00, 33, 33, 'Night', NULL),
('route-216', 459, 'walking', 30.00, 32, 35, NULL, NULL),
('route-216', 459, 'walking', 10.00, 33, 33, 'Morning', NULL),
('route-216', 459, 'walking', 10.00, 33, 33, 'Day', NULL),
('route-216', 459, 'walking', 4.00, 35, 35, 'Ruby in Slot 2', NULL),
('route-216', 459, 'walking', 4.00, 35, 35, 'Sapphire in Slot 2', NULL),
('route-216', 459, 'walking', 4.00, 35, 35, 'FireRed in Slot 2', NULL),
('route-216', 459, 'walking', 4.00, 35, 35, 'LeafGreen in Slot 2', NULL),
('route-217', 215, 'walking', 10.00, 33, 33, 'Morning', NULL),
('route-217', 215, 'walking', 10.00, 33, 33, 'Day', NULL),
('route-217', 215, 'walking', 15.00, 34, 35, NULL, NULL),
('route-217', 215, 'walking', 4.00, 35, 35, 'Ruby in Slot 2', NULL),
('route-217', 215, 'walking', 4.00, 35, 35, 'Sapphire in Slot 2', NULL),
('route-217', 215, 'walking', 4.00, 35, 35, 'FireRed in Slot 2', NULL),
('route-217', 215, 'walking', 4.00, 35, 35, 'LeafGreen in Slot 2', NULL),
('route-217', 217, 'walking', 8.00, 35, 35, 'Emerald in Slot 2', NULL),
('route-217', 220, 'walking', 35.00, 32, 34, NULL, NULL),
('route-217', 221, 'walking', 22.00, 34, 35, 'Poke Radar', NULL),
('route-217', 225, 'walking', 40.00, 32, 33, 'Swarm', NULL),
('route-217', 361, 'walking', 20.00, 33, 33, 'Night', NULL),
('route-217', 459, 'walking', 30.00, 32, 35, NULL, NULL),
('route-217', 459, 'walking', 10.00, 33, 33, 'Morning', NULL),
('route-217', 459, 'walking', 10.00, 33, 33, 'Day', NULL),
('route-217', 459, 'walking', 4.00, 35, 35, 'Ruby in Slot 2', NULL),
('route-217', 459, 'walking', 4.00, 35, 35, 'Sapphire in Slot 2', NULL),
('route-217', 459, 'walking', 4.00, 35, 35, 'FireRed in Slot 2', NULL),
('route-217', 459, 'walking', 4.00, 35, 35, 'LeafGreen in Slot 2', NULL),
('acuity-lakefront', 215, 'walking', 10.00, 33, 33, 'Morning', NULL),
('acuity-lakefront', 215, 'walking', 10.00, 33, 33, 'Day', NULL),
('acuity-lakefront', 215, 'walking', 15.00, 35, 35, NULL, NULL),
('acuity-lakefront', 215, 'walking', 4.00, 35, 35, 'Ruby in Slot 2', NULL),
('acuity-lakefront', 215, 'walking', 4.00, 35, 35, 'Sapphire in Slot 2', NULL),
('acuity-lakefront', 215, 'walking', 4.00, 35, 35, 'FireRed in Slot 2', NULL),
('acuity-lakefront', 215, 'walking', 4.00, 35, 35, 'LeafGreen in Slot 2', NULL),
('acuity-lakefront', 217, 'walking', 8.00, 35, 35, 'Emerald in Slot 2', NULL),
('acuity-lakefront', 220, 'walking', 35.00, 32, 34, NULL, NULL),
('acuity-lakefront', 361, 'walking', 20.00, 32, 33, 'Night', NULL),
('acuity-lakefront', 459, 'walking', 30.00, 33, 35, NULL, NULL),
('acuity-lakefront', 459, 'walking', 10.00, 32, 32, 'Morning', NULL),
('acuity-lakefront', 459, 'walking', 10.00, 32, 32, 'Day', NULL),
('acuity-lakefront', 459, 'walking', 4.00, 35, 35, 'Ruby in Slot 2', NULL),
('acuity-lakefront', 459, 'walking', 4.00, 35, 35, 'Sapphire in Slot 2', NULL),
('acuity-lakefront', 459, 'walking', 4.00, 35, 35, 'FireRed in Slot 2', NULL),
('acuity-lakefront', 459, 'walking', 4.00, 35, 35, 'LeafGreen in Slot 2', NULL),
('lake-acuity', 54, 'walking', 5.00, 38, 38, NULL, NULL),
('lake-acuity', 54, 'surfing', 90.00, 20, 30, NULL, NULL),
('lake-acuity', 55, 'walking', 15.00, 39, 40, NULL, NULL),
('lake-acuity', 55, 'surfing', 10.00, 20, 40, NULL, NULL),
('lake-acuity', 118, 'fishing_good', 40.00, 15, 20, NULL, NULL),
('lake-acuity', 119, 'fishing_good', 5.00, 25, 35, NULL, NULL),
('lake-acuity', 119, 'fishing_super', 45.00, 30, 55, NULL, NULL),
('lake-acuity', 129, 'fishing_old', 100.00, 3, 15, NULL, NULL),
('lake-acuity', 129, 'fishing_good', 55.00, 10, 25, NULL, NULL),
('lake-acuity', 130, 'fishing_super', 55.00, 30, 55, NULL, NULL),
('lake-acuity', 215, 'walking', 10.00, 41, 41, NULL, NULL),
('lake-acuity', 216, 'walking', 8.00, 40, 41, 'Emerald in Slot 2', NULL),
('lake-acuity', 337, 'walking', 8.00, 40, 41, 'Sapphire in Slot 2', NULL),
('lake-acuity', 338, 'walking', 8.00, 40, 41, 'Ruby in Slot 2', NULL),
('lake-acuity', 361, 'walking', 20.00, 39, 40, 'Night', NULL),
('lake-acuity', 400, 'walking', 25.00, 39, 40, NULL, NULL),
('lake-acuity', 400, 'walking', 4.00, 40, 40, 'FireRed in Slot 2', NULL),
('lake-acuity', 400, 'walking', 4.00, 40, 40, 'LeafGreen in Slot 2', NULL),
('lake-acuity', 459, 'walking', 25.00, 38, 41, NULL, NULL),
('lake-acuity', 459, 'walking', 20.00, 39, 40, 'Morning', NULL),
('lake-acuity', 459, 'walking', 20.00, 39, 40, 'Day', NULL),
('lake-acuity', 459, 'walking', 4.00, 41, 41, 'FireRed in Slot 2', NULL),
('lake-acuity', 459, 'walking', 4.00, 41, 41, 'LeafGreen in Slot 2', NULL),
('snowpoint-temple', 42, 'walking', 320.00, 47, 50, NULL, NULL),
('snowpoint-temple', 215, 'walking', 40.00, 49, 50, NULL, NULL),
('snowpoint-temple', 238, 'walking', 10.00, 47, 49, NULL, NULL),
('snowpoint-temple', 124, 'walking', 30.00, 47, 50, NULL, NULL),
('mt-coronet-b1f', 35, 'walking', 10.00, 32, 32, 'Morning', NULL),
('mt-coronet-b1f', 35, 'walking', 10.00, 32, 32, 'Night', NULL),
('mt-coronet-b1f', 41, 'surfing', 90.00, 20, 30, NULL, NULL),
('mt-coronet-b1f', 42, 'walking', 10.00, 33, 33, 'Night', NULL),
('mt-coronet-b1f', 42, 'walking', 5.00, 34, 34, NULL, NULL),
('mt-coronet-b1f', 42, 'surfing', 10.00, 20, 40, NULL, NULL),
('mt-coronet-b1f', 67, 'walking', 10.00, 35, 35, NULL, NULL),
('mt-coronet-b1f', 75, 'walking', 20.00, 34, 34, NULL, NULL),
('mt-coronet-b1f', 75, 'walking', 10.00, 32, 32, 'Day', NULL),
('mt-coronet-b1f', 129, 'fishing_old', 100.00, 3, 15, NULL, NULL),
('mt-coronet-b1f', 129, 'fishing_good', 55.00, 10, 25, NULL, NULL),
('mt-coronet-b1f', 130, 'fishing_super', 55.00, 30, 55, NULL, NULL),
('mt-coronet-b1f', 299, 'walking', 5.00, 33, 33, NULL, NULL),
('mt-coronet-b1f', 307, 'walking', 10.00, 33, 33, 'Morning', NULL),
('mt-coronet-b1f', 307, 'walking', 10.00, 33, 33, 'Day', NULL),
('mt-coronet-b1f', 307, 'walking', 10.00, 35, 35, NULL, NULL),
('mt-coronet-b1f', 339, 'fishing_good', 45.00, 10, 25, NULL, NULL),
('mt-coronet-b1f', 340, 'fishing_super', 45.00, 30, 55, NULL, NULL),
('mt-coronet-b1f', 433, 'walking', 10.00, 32, 34, NULL, NULL),
('mt-coronet-b1f', 436, 'walking', 20.00, 33, 33, NULL, NULL),
('mt-coronet-2f', 35, 'walking', 10.00, 36, 36, 'Morning', NULL),
('mt-coronet-2f', 35, 'walking', 10.00, 36, 36, 'Night', NULL),
('mt-coronet-2f', 42, 'walking', 10.00, 37, 37, 'Night', NULL),
('mt-coronet-2f', 42, 'walking', 5.00, 38, 38, NULL, NULL),
('mt-coronet-2f', 42, 'walking', 4.00, 38, 38, 'Emerald in Slot 2', NULL),
('mt-coronet-2f', 42, 'walking', 4.00, 38, 38, 'FireRed in Slot 2', NULL),
('mt-coronet-2f', 42, 'walking', 4.00, 38, 38, 'LeafGreen in Slot 2', NULL),
('mt-coronet-2f', 67, 'walking', 10.00, 39, 39, NULL, NULL),
('mt-coronet-2f', 75, 'walking', 20.00, 38, 38, NULL, NULL),
('mt-coronet-2f', 75, 'walking', 10.00, 36, 36, 'Day', NULL),
('mt-coronet-2f', 299, 'walking', 5.00, 37, 37, NULL, NULL),
('mt-coronet-2f', 308, 'walking', 10.00, 37, 37, 'Morning', NULL),
('mt-coronet-2f', 308, 'walking', 10.00, 37, 37, 'Day', NULL),
('mt-coronet-2f', 308, 'walking', 10.00, 39, 39, NULL, NULL),
('mt-coronet-2f', 337, 'walking', 8.00, 38, 38, 'Sapphire in Slot 2', NULL),
('mt-coronet-2f', 338, 'walking', 8.00, 38, 38, 'Ruby in Slot 2', NULL),
('mt-coronet-2f', 433, 'walking', 10.00, 36, 38, NULL, NULL),
('mt-coronet-2f', 433, 'walking', 4.00, 38, 38, 'Emerald in Slot 2', NULL),
('mt-coronet-2f', 433, 'walking', 4.00, 38, 38, 'FireRed in Slot 2', NULL),
('mt-coronet-2f', 433, 'walking', 4.00, 38, 38, 'LeafGreen in Slot 2', NULL),
('mt-coronet-2f', 437, 'walking', 20.00, 37, 37, NULL, NULL),
('mt-coronet-3f', 35, 'walking', 10.00, 36, 36, 'Morning', NULL),
('mt-coronet-3f', 35, 'walking', 10.00, 36, 36, 'Night', NULL),
('mt-coronet-3f', 42, 'walking', 10.00, 37, 37, 'Night', NULL),
('mt-coronet-3f', 42, 'walking', 4.00, 38, 38, NULL, NULL),
('mt-coronet-3f', 42, 'walking', 4.00, 38, 38, 'Emerald in Slot 2', NULL),
('mt-coronet-3f', 42, 'walking', 4.00, 38, 38, 'FireRed in Slot 2', NULL),
('mt-coronet-3f', 42, 'walking', 4.00, 38, 38, 'LeafGreen in Slot 2', NULL),
('mt-coronet-3f', 67, 'walking', 10.00, 39, 39, NULL, NULL),
('mt-coronet-3f', 75, 'walking', 20.00, 38, 38, NULL, NULL),
('mt-coronet-3f', 75, 'walking', 10.00, 36, 36, 'Day', NULL),
('mt-coronet-3f', 299, 'walking', 5.00, 37, 37, NULL, NULL),
('mt-coronet-3f', 308, 'walking', 10.00, 37, 37, 'Morning', NULL),
('mt-coronet-3f', 308, 'walking', 10.00, 37, 37, 'Day', NULL),
('mt-coronet-3f', 308, 'walking', 11.00, 38, 39, NULL, NULL),
('mt-coronet-3f', 337, 'walking', 8.00, 38, 38, 'Sapphire in Slot 2', NULL),
('mt-coronet-3f', 338, 'walking', 8.00, 38, 38, 'Ruby in Slot 2', NULL),
('mt-coronet-3f', 433, 'walking', 10.00, 36, 38, NULL, NULL),
('mt-coronet-3f', 433, 'walking', 4.00, 38, 38, 'Emerald in Slot 2', NULL),
('mt-coronet-3f', 433, 'walking', 4.00, 38, 38, 'FireRed in Slot 2', NULL),
('mt-coronet-3f', 433, 'walking', 4.00, 38, 38, 'LeafGreen in Slot 2', NULL),
('mt-coronet-3f', 437, 'walking', 20.00, 37, 37, NULL, NULL),
('mt-coronet-exterior', 42, 'walking', 20.00, 38, 38, 'Night', NULL),
('mt-coronet-exterior', 67, 'walking', 20.00, 40, 40, NULL, NULL),
('mt-coronet-exterior', 164, 'walking', 20.00, 39, 39, 'Night', NULL),
('mt-coronet-exterior', 294, 'walking', 44.00, 39, 40, 'Poke Radar', NULL),
('mt-coronet-exterior', 299, 'walking', 10.00, 38, 38, NULL, NULL),
('mt-coronet-exterior', 308, 'walking', 20.00, 38, 38, 'Morning', NULL),
('mt-coronet-exterior', 308, 'walking', 20.00, 38, 38, 'Day', NULL),
('mt-coronet-exterior', 308, 'walking', 20.00, 40, 40, NULL, NULL),
('mt-coronet-exterior', 337, 'walking', 16.00, 38, 39, 'Sapphire in Slot 2', NULL),
('mt-coronet-exterior', 338, 'walking', 16.00, 38, 39, 'Ruby in Slot 2', NULL),
('mt-coronet-exterior', 359, 'walking', 10.00, 38, 40, NULL, NULL),
('mt-coronet-exterior', 359, 'walking', 8.00, 38, 38, 'Emerald in Slot 2', NULL),
('mt-coronet-exterior', 359, 'walking', 8.00, 38, 38, 'FireRed in Slot 2', NULL),
('mt-coronet-exterior', 359, 'walking', 8.00, 38, 38, 'LeafGreen in Slot 2', NULL),
('mt-coronet-exterior', 433, 'walking', 20.00, 37, 39, NULL, NULL),
('mt-coronet-exterior', 433, 'walking', 8.00, 39, 39, 'Emerald in Slot 2', NULL),
('mt-coronet-exterior', 433, 'walking', 8.00, 39, 39, 'FireRed in Slot 2', NULL),
('mt-coronet-exterior', 433, 'walking', 8.00, 39, 39, 'LeafGreen in Slot 2', NULL),
('mt-coronet-exterior', 459, 'walking', 40.00, 36, 36, NULL, NULL),
('mt-coronet-exterior', 460, 'walking', 40.00, 38, 38, NULL, NULL),
('mt-coronet-exterior', 460, 'walking', 20.00, 39, 39, 'Morning', NULL),
('mt-coronet-exterior', 460, 'walking', 20.00, 39, 39, 'Day', NULL),
('mt-coronet-4f', 35, 'walking', 20.00, 36, 36, 'Morning', NULL),
('mt-coronet-4f', 35, 'walking', 20.00, 36, 36, 'Night', NULL),
('mt-coronet-4f', 41, 'surfing', 90.00, 20, 30, NULL, NULL),
('mt-coronet-4f', 42, 'walking', 20.00, 37, 37, 'Night', NULL),
('mt-coronet-4f', 42, 'walking', 10.00, 38, 38, NULL, NULL),
('mt-coronet-4f', 42, 'walking', 8.00, 38, 38, 'Emerald in Slot 2', NULL),
('mt-coronet-4f', 42, 'walking', 8.00, 38, 38, 'FireRed in Slot 2', NULL),
('mt-coronet-4f', 42, 'walking', 8.00, 38, 38, 'LeafGreen in Slot 2', NULL),
('mt-coronet-4f', 42, 'surfing', 10.00, 20, 40, NULL, NULL),
('mt-coronet-4f', 67, 'walking', 20.00, 39, 39, NULL, NULL),
('mt-coronet-4f', 75, 'walking', 40.00, 38, 38, NULL, NULL),
('mt-coronet-4f', 75, 'walking', 20.00, 36, 36, 'Day', NULL),
('mt-coronet-4f', 129, 'fishing_old', 100.00, 3, 15, NULL, NULL),
('mt-coronet-4f', 129, 'fishing_good', 55.00, 10, 25, NULL, NULL),
('mt-coronet-4f', 130, 'fishing_super', 40.00, 30, 55, NULL, NULL),
('mt-coronet-4f', 147, 'fishing_super', 40.00, 15, 25, NULL, NULL),
('mt-coronet-4f', 148, 'fishing_super', 5.00, 20, 55, NULL, NULL),
('mt-coronet-4f', 299, 'walking', 10.00, 37, 37, NULL, NULL),
('mt-coronet-4f', 308, 'walking', 20.00, 37, 37, 'Morning', NULL),
('mt-coronet-4f', 308, 'walking', 20.00, 37, 37, 'Day', NULL),
('mt-coronet-4f', 308, 'walking', 20.00, 39, 39, NULL, NULL),
('mt-coronet-4f', 337, 'walking', 16.00, 38, 38, 'Sapphire in Slot 2', NULL),
('mt-coronet-4f', 338, 'walking', 16.00, 38, 38, 'Ruby in Slot 2', NULL),
('mt-coronet-4f', 339, 'fishing_good', 45.00, 10, 25, NULL, NULL),
('mt-coronet-4f', 340, 'fishing_super', 15.00, 20, 50, NULL, NULL),
('mt-coronet-4f', 433, 'walking', 19.00, 36, 38, NULL, NULL),
('mt-coronet-4f', 433, 'walking', 8.00, 38, 38, 'Emerald in Slot 2', NULL),
('mt-coronet-4f', 433, 'walking', 8.00, 38, 38, 'FireRed in Slot 2', NULL),
('mt-coronet-4f', 433, 'walking', 8.00, 38, 38, 'LeafGreen in Slot 2', NULL),
('mt-coronet-4f', 437, 'walking', 40.00, 37, 37, NULL, NULL),
('mt-coronet-4f', 358, 'walking', 1.00, 39, 39, NULL, NULL),
('mt-coronet-5f', 35, 'walking', 10.00, 36, 36, 'Morning', NULL),
('mt-coronet-5f', 35, 'walking', 10.00, 36, 36, 'Night', NULL),
('mt-coronet-5f', 42, 'walking', 10.00, 37, 37, 'Night', NULL),
('mt-coronet-5f', 42, 'walking', 5.00, 38, 38, NULL, NULL),
('mt-coronet-5f', 42, 'walking', 4.00, 38, 38, 'Emerald in Slot 2', NULL),
('mt-coronet-5f', 42, 'walking', 4.00, 38, 38, 'FireRed in Slot 2', NULL),
('mt-coronet-5f', 42, 'walking', 4.00, 38, 38, 'LeafGreen in Slot 2', NULL),
('mt-coronet-5f', 67, 'walking', 10.00, 39, 39, NULL, NULL),
('mt-coronet-5f', 75, 'walking', 20.00, 38, 38, NULL, NULL),
('mt-coronet-5f', 75, 'walking', 10.00, 36, 36, 'Day', NULL),
('mt-coronet-5f', 299, 'walking', 5.00, 37, 37, NULL, NULL),
('mt-coronet-5f', 308, 'walking', 10.00, 37, 37, 'Morning', NULL),
('mt-coronet-5f', 308, 'walking', 10.00, 37, 37, 'Day', NULL),
('mt-coronet-5f', 308, 'walking', 10.00, 39, 39, NULL, NULL),
('mt-coronet-5f', 337, 'walking', 8.00, 38, 39, 'Sapphire in Slot 2', NULL),
('mt-coronet-5f', 338, 'walking', 8.00, 38, 39, 'Ruby in Slot 2', NULL),
('mt-coronet-5f', 358, 'walking', 5.00, 39, 40, NULL, NULL),
('mt-coronet-5f', 358, 'walking', 4.00, 39, 39, 'Emerald in Slot 2', NULL),
('mt-coronet-5f', 358, 'walking', 4.00, 39, 39, 'FireRed in Slot 2', NULL),
('mt-coronet-5f', 358, 'walking', 4.00, 39, 39, 'LeafGreen in Slot 2', NULL),
('mt-coronet-5f', 433, 'walking', 5.00, 36, 36, NULL, NULL),
('mt-coronet-5f', 437, 'walking', 20.00, 37, 37, NULL, NULL),
('mt-coronet-6f', 35, 'walking', 10.00, 36, 36, 'Morning', NULL),
('mt-coronet-6f', 35, 'walking', 10.00, 36, 36, 'Night', NULL),
('mt-coronet-6f', 42, 'walking', 10.00, 37, 37, 'Night', NULL),
('mt-coronet-6f', 42, 'walking', 5.00, 38, 38, NULL, NULL),
('mt-coronet-6f', 42, 'walking', 4.00, 38, 38, 'Emerald in Slot 2', NULL),
('mt-coronet-6f', 42, 'walking', 4.00, 38, 38, 'FireRed in Slot 2', NULL),
('mt-coronet-6f', 42, 'walking', 4.00, 38, 38, 'LeafGreen in Slot 2', NULL),
('mt-coronet-6f', 67, 'walking', 10.00, 39, 39, NULL, NULL),
('mt-coronet-6f', 75, 'walking', 20.00, 38, 38, NULL, NULL),
('mt-coronet-6f', 75, 'walking', 10.00, 36, 36, 'Day', NULL),
('mt-coronet-6f', 299, 'walking', 5.00, 37, 37, NULL, NULL),
('mt-coronet-6f', 308, 'walking', 10.00, 37, 37, 'Morning', NULL),
('mt-coronet-6f', 308, 'walking', 10.00, 37, 37, 'Day', NULL),
('mt-coronet-6f', 308, 'walking', 10.00, 39, 39, NULL, NULL),
('mt-coronet-6f', 337, 'walking', 8.00, 38, 40, 'Sapphire in Slot 2', NULL),
('mt-coronet-6f', 338, 'walking', 8.00, 38, 40, 'Ruby in Slot 2', NULL),
('mt-coronet-6f', 358, 'walking', 10.00, 39, 41, NULL, NULL),
('mt-coronet-6f', 358, 'walking', 4.00, 40, 40, 'Emerald in Slot 2', NULL),
('mt-coronet-6f', 358, 'walking', 4.00, 40, 40, 'FireRed in Slot 2', NULL),
('mt-coronet-6f', 358, 'walking', 4.00, 40, 40, 'LeafGreen in Slot 2', NULL),
('mt-coronet-6f', 437, 'walking', 20.00, 37, 37, NULL, NULL),
('turnback-cave', 42, 'walking', 75.00, 17, 27, NULL, NULL),
('turnback-cave', 92, 'walking', 60.00, 15, 17, NULL, NULL),
('turnback-cave', 92, 'walking', 20.00, 16, 16, 'Morning', NULL),
('turnback-cave', 92, 'walking', 20.00, 16, 16, 'Day', NULL),
('turnback-cave', 337, 'walking', 24.00, 18, 28, 'Sapphire in Slot 2', NULL),
('turnback-cave', 338, 'walking', 24.00, 18, 28, 'Ruby in Slot 2', NULL),
('turnback-cave', 355, 'walking', 14.00, 18, 28, NULL, NULL),
('turnback-cave', 356, 'walking', 30.00, 16, 26, 'Night', NULL),
('turnback-cave', 356, 'walking', 12.00, 18, 28, 'Emerald in Slot 2', NULL),
('turnback-cave', 356, 'walking', 12.00, 18, 28, 'FireRed in Slot 2', NULL),
('turnback-cave', 356, 'walking', 12.00, 18, 28, 'LeafGreen in Slot 2', NULL),
('turnback-cave', 356, 'walking', 2.00, 18, 18, 'Poke Radar', NULL),
('turnback-cave', 433, 'walking', 29.00, 16, 28, NULL, NULL),
('turnback-cave', 433, 'walking', 12.00, 18, 28, 'Emerald in Slot 2', NULL),
('turnback-cave', 433, 'walking', 12.00, 18, 28, 'FireRed in Slot 2', NULL),
('turnback-cave', 433, 'walking', 12.00, 18, 28, 'LeafGreen in Slot 2', NULL),
('turnback-cave', 436, 'walking', 60.00, 15, 25, NULL, NULL),
('turnback-cave', 93, 'walking', 30.00, 25, 27, NULL, NULL),
('turnback-cave', 93, 'walking', 10.00, 26, 26, 'Morning', NULL),
('turnback-cave', 93, 'walking', 10.00, 26, 26, 'Day', NULL),
('turnback-cave', 356, 'walking', 1.00, 28, 28, NULL, NULL),
('turnback-cave', 358, 'walking', 1.00, 28, 28, NULL, NULL),
('turnback-cave', 433, 'walking', 1.00, 28, 28, 'Poke Radar', NULL),
('lake-valor', 54, 'walking', 15.00, 38, 39, NULL, NULL),
('lake-valor', 54, 'surfing', 90.00, 20, 30, NULL, NULL),
('lake-valor', 55, 'walking', 15.00, 40, 41, NULL, NULL),
('lake-valor', 55, 'surfing', 10.00, 20, 40, NULL, NULL),
('lake-valor', 118, 'fishing_good', 40.00, 15, 20, NULL, NULL),
('lake-valor', 119, 'fishing_good', 5.00, 25, 35, NULL, NULL),
('lake-valor', 119, 'fishing_super', 45.00, 30, 55, NULL, NULL),
('lake-valor', 129, 'fishing_old', 100.00, 3, 15, NULL, NULL),
('lake-valor', 129, 'fishing_good', 55.00, 10, 25, NULL, NULL),
('lake-valor', 130, 'fishing_super', 55.00, 30, 55, NULL, NULL),
('lake-valor', 202, 'walking', 22.00, 38, 41, 'Poke Radar', NULL),
('lake-valor', 337, 'walking', 8.00, 40, 41, 'Sapphire in Slot 2', NULL),
('lake-valor', 338, 'walking', 8.00, 40, 41, 'Ruby in Slot 2', NULL),
('lake-valor', 397, 'walking', 35.00, 38, 40, NULL, NULL),
('lake-valor', 397, 'walking', 4.00, 40, 40, 'Emerald in Slot 2', NULL),
('lake-valor', 397, 'walking', 4.00, 40, 40, 'FireRed in Slot 2', NULL),
('lake-valor', 397, 'walking', 4.00, 40, 40, 'LeafGreen in Slot 2', NULL),
('lake-valor', 400, 'walking', 35.00, 39, 41, NULL, NULL),
('lake-valor', 400, 'walking', 4.00, 41, 41, 'Emerald in Slot 2', NULL),
('lake-valor', 400, 'walking', 4.00, 41, 41, 'FireRed in Slot 2', NULL),
('lake-valor', 400, 'walking', 4.00, 41, 41, 'LeafGreen in Slot 2', NULL),
('route-222', 72, 'surfing', 60.00, 30, 40, NULL, NULL),
('route-222', 73, 'surfing', 9.00, 30, 50, NULL, NULL),
('route-222', 81, 'walking', 10.00, 39, 39, NULL, NULL),
('route-222', 82, 'walking', 5.00, 41, 41, NULL, NULL),
('route-222', 125, 'walking', 20.00, 39, 39, NULL, NULL),
('route-222', 125, 'walking', 10.00, 41, 41, 'Morning', NULL),
('route-222', 125, 'walking', 10.00, 41, 41, 'Day', NULL),
('route-222', 129, 'fishing_old', 100.00, 3, 15, NULL, NULL),
('route-222', 129, 'fishing_good', 55.00, 10, 25, NULL, NULL),
('route-222', 130, 'fishing_super', 55.00, 30, 55, NULL, NULL),
('route-222', 180, 'walking', 22.00, 38, 41, 'Poke Radar', NULL),
('route-222', 223, 'fishing_good', 45.00, 10, 25, NULL, NULL),
('route-222', 224, 'fishing_super', 45.00, 30, 55, NULL, NULL),
('route-222', 278, 'walking', 10.00, 38, 38, NULL, NULL),
('route-222', 278, 'surfing', 30.00, 30, 40, NULL, NULL),
('route-222', 279, 'walking', 5.00, 40, 40, NULL, NULL),
('route-222', 279, 'surfing', 1.00, 30, 50, NULL, NULL),
('route-222', 300, 'walking', 40.00, 39, 40, 'Swarm', NULL),
('route-222', 404, 'walking', 10.00, 38, 40, NULL, NULL),
('route-222', 419, 'walking', 20.00, 40, 40, NULL, NULL),
('route-222', 419, 'walking', 20.00, 38, 41, 'Night', NULL),
('route-222', 441, 'walking', 10.00, 38, 38, 'Morning', NULL),
('route-222', 441, 'walking', 10.00, 38, 38, 'Day', NULL),
('victory-road-1f', 42, 'walking', 10.00, 42, 42, 'Night', NULL),
('victory-road-1f', 42, 'walking', 5.00, 43, 43, NULL, NULL),
('victory-road-1f', 75, 'walking', 20.00, 40, 40, NULL, NULL),
('victory-road-1f', 75, 'walking', 10.00, 42, 42, 'Morning', NULL),
('victory-road-1f', 75, 'walking', 10.00, 42, 42, 'Day', NULL),
('victory-road-1f', 95, 'walking', 20.00, 41, 42, NULL, NULL),
('victory-road-1f', 111, 'walking', 20.00, 41, 41, NULL, NULL),
('victory-road-1f', 112, 'walking', 15.00, 41, 43, NULL, NULL),
('victory-road-1f', 208, 'walking', 5.00, 42, 42, NULL, NULL),
('victory-road-1f', 444, 'walking', 5.00, 41, 41, NULL, NULL),
('victory-road-2f', 42, 'walking', 10.00, 41, 41, 'Night', NULL),
('victory-road-2f', 42, 'walking', 5.00, 44, 44, NULL, NULL),
('victory-road-2f', 75, 'walking', 10.00, 41, 41, 'Morning', NULL),
('victory-road-2f', 75, 'walking', 10.00, 41, 41, 'Day', NULL),
('victory-road-2f', 75, 'walking', 5.00, 43, 43, NULL, NULL),
('victory-road-2f', 82, 'walking', 30.00, 41, 43, NULL, NULL),
('victory-road-2f', 95, 'walking', 5.00, 42, 42, NULL, NULL),
('victory-road-2f', 208, 'walking', 40.00, 42, 44, NULL, NULL),
('victory-road-2f', 444, 'walking', 5.00, 43, 43, NULL, NULL),
('victory-road-b1f', 42, 'walking', 10.00, 41, 41, 'Night', NULL),
('victory-road-b1f', 42, 'walking', 5.00, 44, 44, NULL, NULL),
('victory-road-b1f', 42, 'surfing', 10.00, 30, 50, NULL, NULL),
('victory-road-b1f', 75, 'walking', 10.00, 41, 41, 'Morning', NULL),
('victory-road-b1f', 75, 'walking', 10.00, 41, 41, 'Day', NULL),
('victory-road-b1f', 75, 'walking', 5.00, 43, 43, NULL, NULL),
('victory-road-b1f', 95, 'walking', 10.00, 42, 42, NULL, NULL),
('victory-road-b1f', 129, 'fishing_old', 100.00, 3, 15, NULL, NULL),
('victory-road-b1f', 129, 'fishing_good', 100.00, 10, 25, NULL, NULL),
('victory-road-b1f', 130, 'fishing_super', 100.00, 30, 55, NULL, NULL),
('victory-road-b1f', 184, 'walking', 30.00, 41, 43, NULL, NULL),
('victory-road-b1f', 208, 'walking', 5.00, 44, 44, NULL, NULL),
('victory-road-b1f', 419, 'walking', 30.00, 42, 44, NULL, NULL),
('victory-road-b1f', 419, 'surfing', 90.00, 30, 50, NULL, NULL),
('victory-road-b1f', 444, 'walking', 5.00, 43, 43, NULL, NULL),
('route-224', 43, 'walking', 20.00, 49, 49, 'Night', NULL),
('route-224', 44, 'walking', 5.00, 51, 51, NULL, NULL),
('route-224', 69, 'walking', 20.00, 49, 49, 'Morning', NULL),
('route-224', 69, 'walking', 20.00, 49, 49, 'Day', NULL),
('route-224', 70, 'walking', 5.00, 51, 51, NULL, NULL),
('route-224', 73, 'surfing', 30.00, 35, 55, NULL, NULL),
('route-224', 129, 'fishing_old', 100.00, 3, 15, NULL, NULL),
('route-224', 129, 'fishing_good', 55.00, 10, 25, NULL, NULL),
('route-224', 130, 'fishing_super', 40.00, 30, 55, NULL, NULL),
('route-224', 177, 'walking', 40.00, 50, 50, 'Swarm', NULL),
('route-224', 213, 'walking', 8.00, 52, 52, 'Emerald in Slot 2', NULL),
('route-224', 223, 'fishing_good', 45.00, 10, 25, NULL, NULL),
('route-224', 224, 'fishing_super', 45.00, 30, 55, NULL, NULL),
('route-224', 267, 'walking', 5.00, 52, 52, NULL, NULL),
('route-224', 267, 'walking', 4.00, 52, 52, 'Ruby in Slot 2', NULL),
('route-224', 267, 'walking', 4.00, 52, 52, 'Sapphire in Slot 2', NULL),
('route-224', 267, 'walking', 4.00, 52, 52, 'FireRed in Slot 2', NULL),
('route-224', 267, 'walking', 4.00, 52, 52, 'LeafGreen in Slot 2', NULL),
('route-224', 269, 'walking', 5.00, 52, 52, NULL, NULL),
('route-224', 269, 'walking', 4.00, 52, 52, 'Ruby in Slot 2', NULL),
('route-224', 269, 'walking', 4.00, 52, 52, 'Sapphire in Slot 2', NULL),
('route-224', 269, 'walking', 4.00, 52, 52, 'FireRed in Slot 2', NULL),
('route-224', 269, 'walking', 4.00, 52, 52, 'LeafGreen in Slot 2', NULL),
('route-224', 279, 'walking', 10.00, 51, 51, NULL, NULL),
('route-224', 279, 'surfing', 60.00, 35, 55, NULL, NULL),
('route-224', 315, 'walking', 20.00, 50, 50, NULL, NULL),
('route-224', 370, 'fishing_super', 15.00, 20, 30, NULL, NULL),
('route-224', 419, 'walking', 20.00, 50, 50, NULL, NULL),
('route-224', 423, 'walking', 10.00, 49, 49, NULL, NULL),
('route-224', 423, 'surfing', 10.00, 35, 55, NULL, NULL),
('route-225', 19, 'walking', 5.00, 47, 47, NULL, NULL),
('route-225', 20, 'walking', 15.00, 49, 50, NULL, NULL),
('route-225', 21, 'walking', 5.00, 47, 47, NULL, NULL),
('route-225', 22, 'walking', 20.00, 48, 50, 'Morning', NULL),
('route-225', 22, 'walking', 20.00, 48, 50, 'Day', NULL),
('route-225', 22, 'walking', 10.00, 49, 49, NULL, NULL),
('route-225', 54, 'surfing', 10.00, 35, 45, NULL, NULL),
('route-225', 55, 'surfing', 90.00, 35, 55, NULL, NULL),
('route-225', 56, 'walking', 2.00, 47, 47, 'Poke Radar', NULL),
('route-225', 57, 'walking', 20.00, 49, 50, 'Poke Radar', NULL),
('route-225', 67, 'walking', 25.00, 48, 50, NULL, NULL),
('route-225', 75, 'walking', 20.00, 49, 49, NULL, NULL),
('route-225', 129, 'fishing_old', 100.00, 3, 15, NULL, NULL),
('route-225', 129, 'fishing_good', 55.00, 10, 25, NULL, NULL),
('route-225', 130, 'fishing_super', 55.00, 30, 55, NULL, NULL),
('route-225', 296, 'walking', 40.00, 48, 49, 'Swarm', NULL),
('route-225', 339, 'fishing_good', 45.00, 10, 25, NULL, NULL),
('route-225', 340, 'fishing_super', 45.00, 30, 55, NULL, NULL),
('route-225', 354, 'walking', 20.00, 48, 50, 'Night', NULL),
('route-227', 22, 'walking', 10.00, 51, 51, 'Morning', NULL),
('route-227', 22, 'walking', 10.00, 51, 51, 'Day', NULL),
('route-227', 22, 'walking', 10.00, 53, 53, NULL, NULL),
('route-227', 42, 'walking', 10.00, 51, 51, 'Night', NULL),
('route-227', 60, 'surfing', 30.00, 35, 45, NULL, NULL),
('route-227', 61, 'surfing', 70.00, 35, 55, NULL, NULL),
('route-227', 75, 'walking', 15.00, 51, 53, NULL, NULL),
('route-227', 110, 'walking', 10.00, 52, 52, NULL, NULL),
('route-227', 111, 'walking', 5.00, 52, 52, NULL, NULL),
('route-227', 112, 'walking', 20.00, 54, 54, NULL, NULL),
('route-227', 129, 'fishing_old', 100.00, 3, 15, NULL, NULL),
('route-227', 129, 'fishing_good', 55.00, 10, 25, NULL, NULL),
('route-227', 130, 'fishing_super', 55.00, 30, 55, NULL, NULL),
('route-227', 227, 'walking', 5.00, 53, 53, NULL, NULL),
('route-227', 322, 'walking', 5.00, 51, 51, NULL, NULL),
('route-227', 323, 'walking', 20.00, 53, 53, NULL, NULL),
('route-227', 324, 'walking', 22.00, 51, 53, 'Poke Radar', NULL),
('route-227', 327, 'walking', 40.00, 53, 54, 'Swarm', NULL),
('route-227', 339, 'fishing_good', 45.00, 10, 25, NULL, NULL),
('route-227', 340, 'fishing_super', 45.00, 30, 55, NULL, NULL),
('stark-mountain-exterior', 22, 'walking', 20.00, 51, 51, 'Morning', NULL),
('stark-mountain-exterior', 22, 'walking', 20.00, 51, 51, 'Day', NULL),
('stark-mountain-exterior', 22, 'walking', 20.00, 53, 53, NULL, NULL),
('stark-mountain-exterior', 42, 'walking', 20.00, 51, 51, 'Night', NULL),
('stark-mountain-exterior', 75, 'walking', 30.00, 51, 53, NULL, NULL),
('stark-mountain-exterior', 110, 'walking', 20.00, 52, 52, NULL, NULL),
('stark-mountain-exterior', 111, 'walking', 10.00, 52, 52, NULL, NULL),
('stark-mountain-exterior', 112, 'walking', 40.00, 54, 54, NULL, NULL),
('stark-mountain-exterior', 227, 'walking', 10.00, 53, 53, NULL, NULL),
('stark-mountain-exterior', 322, 'walking', 10.00, 51, 51, NULL, NULL),
('stark-mountain-exterior', 323, 'walking', 40.00, 53, 53, NULL, NULL),
('stark-mountain-exterior', 324, 'walking', 44.00, 51, 53, 'Poke Radar', NULL),
('stark-mountain-exterior', 60, 'surfing', 30.00, 35, 45, NULL, NULL),
('stark-mountain-exterior', 61, 'surfing', 70.00, 35, 55, NULL, NULL),
('stark-mountain-exterior', 129, 'fishing_old', 100.00, 3, 15, NULL, NULL),
('stark-mountain-exterior', 129, 'fishing_good', 55.00, 10, 25, NULL, NULL),
('stark-mountain-exterior', 130, 'fishing_super', 55.00, 30, 55, NULL, NULL),
('stark-mountain-exterior', 327, 'walking', 40.00, 53, 54, 'Swarm', NULL),
('stark-mountain-exterior', 339, 'fishing_good', 45.00, 10, 25, NULL, NULL),
('stark-mountain-exterior', 340, 'fishing_super', 45.00, 30, 55, NULL, NULL),
('stark-mountain-interior', 42, 'walking', 30.00, 52, 53, NULL, NULL),
('stark-mountain-interior', 75, 'walking', 30.00, 51, 54, NULL, NULL),
('stark-mountain-interior', 110, 'walking', 30.00, 51, 54, NULL, NULL),
('stark-mountain-interior', 111, 'walking', 5.00, 52, 52, NULL, NULL),
('stark-mountain-interior', 112, 'walking', 30.00, 54, 55, NULL, NULL),
('stark-mountain-interior', 218, 'walking', 10.00, 52, 53, NULL, NULL),
('stark-mountain-interior', 219, 'walking', 60.00, 53, 55, NULL, NULL),
('stark-mountain-interior', 109, 'walking', 5.00, 53, 53, NULL, NULL),
('route-228', 28, 'walking', 8.00, 49, 50, 'LeafGreen in Slot 2', NULL),
('route-228', 50, 'walking', 5.00, 49, 49, NULL, NULL),
('route-228', 50, 'walking', 4.00, 49, 49, 'Ruby in Slot 2', NULL),
('route-228', 50, 'walking', 4.00, 49, 49, 'Sapphire in Slot 2', NULL),
('route-228', 50, 'walking', 4.00, 49, 49, 'Emerald in Slot 2', NULL),
('route-228', 50, 'walking', 4.00, 49, 49, 'FireRed in Slot 2', NULL),
('route-228', 51, 'walking', 30.00, 50, 52, NULL, NULL),
('route-228', 60, 'surfing', 30.00, 35, 45, NULL, NULL),
('route-228', 61, 'surfing', 70.00, 35, 55, NULL, NULL),
('route-228', 112, 'walking', 10.00, 50, 50, 'Morning', NULL),
('route-228', 112, 'walking', 10.00, 50, 50, 'Day', NULL),
('route-228', 112, 'walking', 10.00, 52, 52, NULL, NULL),
('route-228', 129, 'fishing_old', 100.00, 3, 15, NULL, NULL),
('route-228', 129, 'fishing_good', 55.00, 10, 25, NULL, NULL),
('route-228', 130, 'fishing_super', 55.00, 30, 55, NULL, NULL),
('route-228', 331, 'walking', 5.00, 50, 50, NULL, NULL),
('route-228', 331, 'walking', 4.00, 50, 50, 'Ruby in Slot 2', NULL),
('route-228', 331, 'walking', 4.00, 50, 50, 'Sapphire in Slot 2', NULL),
('route-228', 331, 'walking', 4.00, 50, 50, 'Emerald in Slot 2', NULL),
('route-228', 331, 'walking', 4.00, 50, 50, 'FireRed in Slot 2', NULL),
('route-228', 332, 'walking', 20.00, 52, 52, NULL, NULL),
('route-228', 332, 'walking', 20.00, 50, 50, 'Night', NULL),
('route-228', 339, 'fishing_good', 40.00, 15, 20, NULL, NULL),
('route-228', 340, 'fishing_good', 5.00, 25, 35, NULL, NULL),
('route-228', 340, 'fishing_super', 45.00, 30, 55, NULL, NULL),
('route-228', 374, 'walking', 40.00, 51, 52, 'Swarm', NULL),
('route-228', 450, 'walking', 10.00, 50, 50, 'Morning', NULL),
('route-228', 450, 'walking', 10.00, 50, 50, 'Day', NULL),
('route-228', 450, 'walking', 10.00, 51, 51, NULL, NULL),
('route-229', 16, 'walking', 20.00, 50, 50, 'Day', NULL),
('route-229', 16, 'walking', 5.00, 47, 47, NULL, NULL),
('route-229', 48, 'walking', 2.00, 48, 48, 'Poke Radar', NULL),
('route-229', 49, 'walking', 20.00, 49, 49, 'Poke Radar', NULL),
('route-229', 118, 'fishing_good', 45.00, 10, 25, NULL, NULL),
('route-229', 119, 'fishing_super', 45.00, 30, 55, NULL, NULL),
('route-229', 127, 'walking', 40.00, 48, 49, 'Swarm', NULL),
('route-229', 129, 'fishing_old', 100.00, 3, 15, NULL, NULL),
('route-229', 129, 'fishing_good', 55.00, 10, 25, NULL, NULL),
('route-229', 130, 'fishing_super', 55.00, 30, 55, NULL, NULL),
('route-229', 166, 'walking', 20.00, 50, 50, 'Morning', NULL),
('route-229', 168, 'walking', 20.00, 50, 50, 'Night', NULL),
('route-229', 204, 'walking', 8.00, 48, 48, 'Emerald in Slot 2', NULL),
('route-229', 267, 'walking', 5.00, 48, 48, NULL, NULL),
('route-229', 267, 'walking', 4.00, 48, 48, 'FireRed in Slot 2', NULL),
('route-229', 267, 'walking', 4.00, 48, 48, 'LeafGreen in Slot 2', NULL),
('route-229', 269, 'walking', 5.00, 48, 48, NULL, NULL),
('route-229', 269, 'walking', 4.00, 48, 48, 'FireRed in Slot 2', NULL),
('route-229', 269, 'walking', 4.00, 48, 48, 'LeafGreen in Slot 2', NULL),
('route-229', 271, 'walking', 8.00, 48, 48, 'Sapphire in Slot 2', NULL),
('route-229', 274, 'walking', 8.00, 48, 48, 'Ruby in Slot 2', NULL),
('route-229', 283, 'surfing', 95.00, 35, 45, NULL, NULL),
('route-229', 284, 'surfing', 5.00, 35, 55, NULL, NULL),
('route-229', 313, 'walking', 10.00, 49, 49, NULL, NULL),
('route-229', 314, 'walking', 10.00, 49, 49, NULL, NULL),
('route-229', 315, 'walking', 45.00, 48, 50, NULL, NULL);

INSERT INTO public.encounters (route_id, pokemon_national_dex_id, method, encounter_rate, level_min, level_max, conditions, version_exclusive)
SELECT r.id, e.dex, e.method, e.rate, e.lmin, e.lmax, NULLIF(e.cond, ''), NULLIF(e.ver_excl, '')
FROM _enc e JOIN public.routes r ON r.slug = e.slug AND r.game_id = 'e5f6a7b8-c9d0-1234-efab-567890123456';

DROP TABLE _enc;

-- ===========================================
-- STEP 5: BOSS TRAINERS
-- ===========================================

-- Roark (Gym Leader)
DO $$
DECLARE
  v_trainer_id UUID;
  v_route_id UUID;
BEGIN
  SELECT id INTO v_route_id FROM public.routes WHERE slug = 'oreburgh-mine-1f' AND game_id = 'e5f6a7b8-c9d0-1234-efab-567890123456';
  INSERT INTO public.trainers (route_id, name, trainer_class, is_boss, boss_type, level_cap, display_order, notes)
  VALUES (v_route_id, 'Roark', 'Gym Leader', true, 'gym_leader', 14, 1, 'Rock-type specialist. Coal Badge. TM76 Stealth Rock.')
  RETURNING id INTO v_trainer_id;

  INSERT INTO public.trainer_pokemon (trainer_id, pokemon_national_dex_id, level, slot_order, moves, ability, held_item, nature)
  VALUES (v_trainer_id, 74, 12, 1, '["Stealth Rock", "Leer", "Rock Throw", "Rock Polish"]'::jsonb, 'Rock Head', NULL, NULL);
  INSERT INTO public.trainer_pokemon (trainer_id, pokemon_national_dex_id, level, slot_order, moves, ability, held_item, nature)
  VALUES (v_trainer_id, 95, 12, 2, '["Stealth Rock", "Screech", "Rock Throw", "Bind"]'::jsonb, 'Rock Head', NULL, NULL);
  INSERT INTO public.trainer_pokemon (trainer_id, pokemon_national_dex_id, level, slot_order, moves, ability, held_item, nature)
  VALUES (v_trainer_id, 408, 14, 3, '["Headbutt", "Leer", "Pursuit", "Rock Tomb"]'::jsonb, 'Mold Breaker', NULL, NULL);
END $$;

-- Gardenia (Gym Leader)
DO $$
DECLARE
  v_trainer_id UUID;
  v_route_id UUID;
BEGIN
  SELECT id INTO v_route_id FROM public.routes WHERE slug = 'eterna-forest' AND game_id = 'e5f6a7b8-c9d0-1234-efab-567890123456';
  INSERT INTO public.trainers (route_id, name, trainer_class, is_boss, boss_type, level_cap, display_order, notes)
  VALUES (v_route_id, 'Gardenia', 'Gym Leader', true, 'gym_leader', 22, 1, 'Grass-type specialist. Forest Badge. TM86 Grass Knot.')
  RETURNING id INTO v_trainer_id;

  INSERT INTO public.trainer_pokemon (trainer_id, pokemon_national_dex_id, level, slot_order, moves, ability, held_item, nature)
  VALUES (v_trainer_id, 420, 20, 1, '["Grass Knot", "Safeguard", "Sunny Day", "Leech Seed"]'::jsonb, 'Flower Gift', NULL, NULL);
  INSERT INTO public.trainer_pokemon (trainer_id, pokemon_national_dex_id, level, slot_order, moves, ability, held_item, nature)
  VALUES (v_trainer_id, 407, 20, 2, '["Grass Knot", "Stun Spore", "Poison Sting", "Growth"]'::jsonb, 'Poison Point', NULL, NULL);
  INSERT INTO public.trainer_pokemon (trainer_id, pokemon_national_dex_id, level, slot_order, moves, ability, held_item, nature)
  VALUES (v_trainer_id, 388, 22, 3, '["Grass Knot", "Reflect", "Razor Leaf", "Bite"]'::jsonb, 'Overgrow', NULL, NULL);
END $$;

-- Fantina (Gym Leader)
DO $$
DECLARE
  v_trainer_id UUID;
  v_route_id UUID;
BEGIN
  SELECT id INTO v_route_id FROM public.routes WHERE slug = 'route-208' AND game_id = 'e5f6a7b8-c9d0-1234-efab-567890123456';
  INSERT INTO public.trainers (route_id, name, trainer_class, is_boss, boss_type, level_cap, display_order, notes)
  VALUES (v_route_id, 'Fantina', 'Gym Leader', true, 'gym_leader', 26, 1, 'Ghost-type specialist. Relic Badge. TM65 Shadow Claw.')
  RETURNING id INTO v_trainer_id;

  INSERT INTO public.trainer_pokemon (trainer_id, pokemon_national_dex_id, level, slot_order, moves, ability, held_item, nature)
  VALUES (v_trainer_id, 355, 24, 1, '["Will-O-Wisp", "Shadow Sneak", "Pursuit", "Confuse Ray"]'::jsonb, 'Levitate', NULL, NULL);
  INSERT INTO public.trainer_pokemon (trainer_id, pokemon_national_dex_id, level, slot_order, moves, ability, held_item, nature)
  VALUES (v_trainer_id, 93, 24, 2, '["Shadow Claw", "Hypnosis", "Confuse Ray", "Sucker Punch"]'::jsonb, 'Levitate', NULL, NULL);
  INSERT INTO public.trainer_pokemon (trainer_id, pokemon_national_dex_id, level, slot_order, moves, ability, held_item, nature)
  VALUES (v_trainer_id, 429, 26, 3, '["Shadow Ball", "Psybeam", "Magical Leaf", "Confuse Ray"]'::jsonb, 'Levitate', 'Sitrus Berry', NULL);
END $$;

-- Maylene (Gym Leader)
DO $$
DECLARE
  v_trainer_id UUID;
  v_route_id UUID;
BEGIN
  SELECT id INTO v_route_id FROM public.routes WHERE slug = 'route-215' AND game_id = 'e5f6a7b8-c9d0-1234-efab-567890123456';
  INSERT INTO public.trainers (route_id, name, trainer_class, is_boss, boss_type, level_cap, display_order, notes)
  VALUES (v_route_id, 'Maylene', 'Gym Leader', true, 'gym_leader', 32, 1, 'Fighting-type specialist. Cobble Badge. TM60 Drain Punch.')
  RETURNING id INTO v_trainer_id;

  INSERT INTO public.trainer_pokemon (trainer_id, pokemon_national_dex_id, level, slot_order, moves, ability, held_item, nature)
  VALUES (v_trainer_id, 307, 28, 1, '["Drain Punch", "Fake Out", "Bulk Up", "Rock Tomb"]'::jsonb, 'Pure Power', NULL, NULL);
  INSERT INTO public.trainer_pokemon (trainer_id, pokemon_national_dex_id, level, slot_order, moves, ability, held_item, nature)
  VALUES (v_trainer_id, 67, 29, 2, '["Drain Punch", "Rock Tomb", "Knock Off", "Focus Energy"]'::jsonb, 'Guts', NULL, NULL);
  INSERT INTO public.trainer_pokemon (trainer_id, pokemon_national_dex_id, level, slot_order, moves, ability, held_item, nature)
  VALUES (v_trainer_id, 448, 32, 3, '["Drain Punch", "Metal Claw", "Force Palm", "Bone Rush"]'::jsonb, 'Steadfast', 'Sitrus Berry', NULL);
END $$;

-- Crasher Wake (Gym Leader)
DO $$
DECLARE
  v_trainer_id UUID;
  v_route_id UUID;
BEGIN
  SELECT id INTO v_route_id FROM public.routes WHERE slug = 'route-213' AND game_id = 'e5f6a7b8-c9d0-1234-efab-567890123456';
  INSERT INTO public.trainers (route_id, name, trainer_class, is_boss, boss_type, level_cap, display_order, notes)
  VALUES (v_route_id, 'Crasher Wake', 'Gym Leader', true, 'gym_leader', 37, 1, 'Water-type specialist. Fen Badge. TM55 Brine.')
  RETURNING id INTO v_trainer_id;

  INSERT INTO public.trainer_pokemon (trainer_id, pokemon_national_dex_id, level, slot_order, moves, ability, held_item, nature)
  VALUES (v_trainer_id, 195, 33, 1, '["Mud Bomb", "Water Pulse", "Rain Dance", "Yawn"]'::jsonb, 'Damp', NULL, NULL);
  INSERT INTO public.trainer_pokemon (trainer_id, pokemon_national_dex_id, level, slot_order, moves, ability, held_item, nature)
  VALUES (v_trainer_id, 130, 33, 2, '["Waterfall", "Ice Fang", "Bite", "Dragon Dance"]'::jsonb, 'Intimidate', NULL, NULL);
  INSERT INTO public.trainer_pokemon (trainer_id, pokemon_national_dex_id, level, slot_order, moves, ability, held_item, nature)
  VALUES (v_trainer_id, 419, 37, 3, '["Aqua Jet", "Pursuit", "Brick Break", "Crunch"]'::jsonb, 'Swift Swim', 'Sitrus Berry', NULL);
END $$;

-- Byron (Gym Leader)
DO $$
DECLARE
  v_trainer_id UUID;
  v_route_id UUID;
BEGIN
  SELECT id INTO v_route_id FROM public.routes WHERE slug = 'iron-island-outside' AND game_id = 'e5f6a7b8-c9d0-1234-efab-567890123456';
  INSERT INTO public.trainers (route_id, name, trainer_class, is_boss, boss_type, level_cap, display_order, notes)
  VALUES (v_route_id, 'Byron', 'Gym Leader', true, 'gym_leader', 39, 1, 'Steel-type specialist. Mine Badge. TM91 Flash Cannon.')
  RETURNING id INTO v_trainer_id;

  INSERT INTO public.trainer_pokemon (trainer_id, pokemon_national_dex_id, level, slot_order, moves, ability, held_item, nature)
  VALUES (v_trainer_id, 82, 36, 1, '["Flash Cannon", "Tri Attack", "Thunder Wave", "Thunderbolt"]'::jsonb, 'Sturdy', NULL, NULL);
  INSERT INTO public.trainer_pokemon (trainer_id, pokemon_national_dex_id, level, slot_order, moves, ability, held_item, nature)
  VALUES (v_trainer_id, 208, 36, 2, '["Earthquake", "Sandstorm", "Ice Fang", "Iron Tail"]'::jsonb, 'Rock Head', NULL, NULL);
  INSERT INTO public.trainer_pokemon (trainer_id, pokemon_national_dex_id, level, slot_order, moves, ability, held_item, nature)
  VALUES (v_trainer_id, 411, 39, 3, '["Flash Cannon", "Stone Edge", "Iron Defense", "Metal Burst"]'::jsonb, 'Sturdy', 'Sitrus Berry', NULL);
END $$;

-- Candice (Gym Leader)
DO $$
DECLARE
  v_trainer_id UUID;
  v_route_id UUID;
BEGIN
  SELECT id INTO v_route_id FROM public.routes WHERE slug = 'route-217' AND game_id = 'e5f6a7b8-c9d0-1234-efab-567890123456';
  INSERT INTO public.trainers (route_id, name, trainer_class, is_boss, boss_type, level_cap, display_order, notes)
  VALUES (v_route_id, 'Candice', 'Gym Leader', true, 'gym_leader', 42, 1, 'Ice-type specialist. Icicle Badge. TM72 Avalanche.')
  RETURNING id INTO v_trainer_id;

  INSERT INTO public.trainer_pokemon (trainer_id, pokemon_national_dex_id, level, slot_order, moves, ability, held_item, nature)
  VALUES (v_trainer_id, 459, 38, 1, '["Avalanche", "Wood Hammer", "Swagger", "Water Pulse"]'::jsonb, 'Snow Warning', NULL, NULL);
  INSERT INTO public.trainer_pokemon (trainer_id, pokemon_national_dex_id, level, slot_order, moves, ability, held_item, nature)
  VALUES (v_trainer_id, 461, 38, 2, '["Ice Punch", "X-Scissor", "Slash", "Faint Attack"]'::jsonb, 'Pressure', NULL, NULL);
  INSERT INTO public.trainer_pokemon (trainer_id, pokemon_national_dex_id, level, slot_order, moves, ability, held_item, nature)
  VALUES (v_trainer_id, 308, 40, 3, '["Ice Punch", "Psychic", "Bulk Up", "Rock Slide"]'::jsonb, 'Pure Power', NULL, NULL);
  INSERT INTO public.trainer_pokemon (trainer_id, pokemon_national_dex_id, level, slot_order, moves, ability, held_item, nature)
  VALUES (v_trainer_id, 478, 42, 4, '["Blizzard", "Shadow Ball", "Psychic", "Hail"]'::jsonb, 'Snow Cloak', 'Sitrus Berry', NULL);
END $$;

-- Volkner (Gym Leader)
DO $$
DECLARE
  v_trainer_id UUID;
  v_route_id UUID;
BEGIN
  SELECT id INTO v_route_id FROM public.routes WHERE slug = 'route-222' AND game_id = 'e5f6a7b8-c9d0-1234-efab-567890123456';
  INSERT INTO public.trainers (route_id, name, trainer_class, is_boss, boss_type, level_cap, display_order, notes)
  VALUES (v_route_id, 'Volkner', 'Gym Leader', true, 'gym_leader', 50, 1, 'Electric-type specialist. Beacon Badge. TM57 Charge Beam.')
  RETURNING id INTO v_trainer_id;

  INSERT INTO public.trainer_pokemon (trainer_id, pokemon_national_dex_id, level, slot_order, moves, ability, held_item, nature)
  VALUES (v_trainer_id, 26, 46, 1, '["Charge Beam", "Signal Beam", "Focus Blast", "Quick Attack"]'::jsonb, 'Static', NULL, NULL);
  INSERT INTO public.trainer_pokemon (trainer_id, pokemon_national_dex_id, level, slot_order, moves, ability, held_item, nature)
  VALUES (v_trainer_id, 466, 46, 2, '["Thunder Punch", "Fire Punch", "Ice Punch", "Giga Impact"]'::jsonb, 'Motor Drive', NULL, NULL);
  INSERT INTO public.trainer_pokemon (trainer_id, pokemon_national_dex_id, level, slot_order, moves, ability, held_item, nature)
  VALUES (v_trainer_id, 135, 48, 3, '["Shadow Ball", "Thunder", "Quick Attack", "Iron Tail"]'::jsonb, 'Volt Absorb', NULL, NULL);
  INSERT INTO public.trainer_pokemon (trainer_id, pokemon_national_dex_id, level, slot_order, moves, ability, held_item, nature)
  VALUES (v_trainer_id, 405, 50, 4, '["Thunder Fang", "Crunch", "Fire Fang", "Ice Fang"]'::jsonb, 'Intimidate', 'Sitrus Berry', NULL);
END $$;

-- Aaron (Elite Four)
DO $$
DECLARE
  v_trainer_id UUID;
  v_route_id UUID;
BEGIN
  SELECT id INTO v_route_id FROM public.routes WHERE slug = 'victory-road-1f' AND game_id = 'e5f6a7b8-c9d0-1234-efab-567890123456';
  INSERT INTO public.trainers (route_id, name, trainer_class, is_boss, boss_type, level_cap, display_order, notes)
  VALUES (v_route_id, 'Aaron', 'Elite Four', true, 'elite_four', 57, 1, 'Bug-type specialist.')
  RETURNING id INTO v_trainer_id;

  INSERT INTO public.trainer_pokemon (trainer_id, pokemon_national_dex_id, level, slot_order, moves, ability, held_item, nature)
  VALUES (v_trainer_id, 414, 49, 1, '["Bug Buzz", "Air Slash", "Psychic", "U-turn"]'::jsonb, 'Swarm', NULL, NULL);
  INSERT INTO public.trainer_pokemon (trainer_id, pokemon_national_dex_id, level, slot_order, moves, ability, held_item, nature)
  VALUES (v_trainer_id, 416, 50, 2, '["Attack Order", "Defend Order", "Power Gem", "Heal Order"]'::jsonb, 'Pressure', NULL, NULL);
  INSERT INTO public.trainer_pokemon (trainer_id, pokemon_national_dex_id, level, slot_order, moves, ability, held_item, nature)
  VALUES (v_trainer_id, 214, 51, 3, '["Megahorn", "Close Combat", "Night Slash", "Stone Edge"]'::jsonb, 'Swarm', NULL, NULL);
  INSERT INTO public.trainer_pokemon (trainer_id, pokemon_national_dex_id, level, slot_order, moves, ability, held_item, nature)
  VALUES (v_trainer_id, 452, 53, 4, '["Cross Poison", "X-Scissor", "Night Slash", "Ice Fang"]'::jsonb, 'Battle Armor', NULL, NULL);
  INSERT INTO public.trainer_pokemon (trainer_id, pokemon_national_dex_id, level, slot_order, moves, ability, held_item, nature)
  VALUES (v_trainer_id, 212, 57, 5, '["X-Scissor", "Iron Head", "Night Slash", "Quick Attack"]'::jsonb, 'Technician', 'Sitrus Berry', NULL);
END $$;

-- Bertha (Elite Four)
DO $$
DECLARE
  v_trainer_id UUID;
  v_route_id UUID;
BEGIN
  SELECT id INTO v_route_id FROM public.routes WHERE slug = 'victory-road-1f' AND game_id = 'e5f6a7b8-c9d0-1234-efab-567890123456';
  INSERT INTO public.trainers (route_id, name, trainer_class, is_boss, boss_type, level_cap, display_order, notes)
  VALUES (v_route_id, 'Bertha', 'Elite Four', true, 'elite_four', 59, 2, 'Ground-type specialist.')
  RETURNING id INTO v_trainer_id;

  INSERT INTO public.trainer_pokemon (trainer_id, pokemon_national_dex_id, level, slot_order, moves, ability, held_item, nature)
  VALUES (v_trainer_id, 195, 50, 1, '["Earthquake", "Surf", "Sandstorm", "Protect"]'::jsonb, 'Damp', NULL, NULL);
  INSERT INTO public.trainer_pokemon (trainer_id, pokemon_national_dex_id, level, slot_order, moves, ability, held_item, nature)
  VALUES (v_trainer_id, 76, 52, 2, '["Earthquake", "Sandstorm", "Rock Polish", "Stone Edge"]'::jsonb, 'Sturdy', NULL, NULL);
  INSERT INTO public.trainer_pokemon (trainer_id, pokemon_national_dex_id, level, slot_order, moves, ability, held_item, nature)
  VALUES (v_trainer_id, 340, 52, 3, '["Earthquake", "Zen Headbutt", "Surf", "Sandstorm"]'::jsonb, 'Oblivious', NULL, NULL);
  INSERT INTO public.trainer_pokemon (trainer_id, pokemon_national_dex_id, level, slot_order, moves, ability, held_item, nature)
  VALUES (v_trainer_id, 423, 55, 4, '["Earthquake", "Surf", "Sludge Bomb", "Sandstorm"]'::jsonb, 'Storm Drain', NULL, NULL);
  INSERT INTO public.trainer_pokemon (trainer_id, pokemon_national_dex_id, level, slot_order, moves, ability, held_item, nature)
  VALUES (v_trainer_id, 450, 59, 5, '["Earthquake", "Crunch", "Yawn", "Stone Edge"]'::jsonb, 'Sand Stream', 'Sitrus Berry', NULL);
END $$;

-- Flint (Elite Four)
DO $$
DECLARE
  v_trainer_id UUID;
  v_route_id UUID;
BEGIN
  SELECT id INTO v_route_id FROM public.routes WHERE slug = 'victory-road-1f' AND game_id = 'e5f6a7b8-c9d0-1234-efab-567890123456';
  INSERT INTO public.trainers (route_id, name, trainer_class, is_boss, boss_type, level_cap, display_order, notes)
  VALUES (v_route_id, 'Flint', 'Elite Four', true, 'elite_four', 61, 3, 'Fire-type specialist.')
  RETURNING id INTO v_trainer_id;

  INSERT INTO public.trainer_pokemon (trainer_id, pokemon_national_dex_id, level, slot_order, moves, ability, held_item, nature)
  VALUES (v_trainer_id, 78, 52, 1, '["Flare Blitz", "Solar Beam", "Bounce", "Sunny Day"]'::jsonb, 'Flash Fire', NULL, NULL);
  INSERT INTO public.trainer_pokemon (trainer_id, pokemon_national_dex_id, level, slot_order, moves, ability, held_item, nature)
  VALUES (v_trainer_id, 426, 53, 2, '["Fly", "Will-O-Wisp", "Baton Pass", "Shadow Ball"]'::jsonb, 'Aftermath', NULL, NULL);
  INSERT INTO public.trainer_pokemon (trainer_id, pokemon_national_dex_id, level, slot_order, moves, ability, held_item, nature)
  VALUES (v_trainer_id, 208, 55, 3, '["Fire Fang", "Thunder Fang", "Iron Tail", "Screech"]'::jsonb, 'Rock Head', NULL, NULL);
  INSERT INTO public.trainer_pokemon (trainer_id, pokemon_national_dex_id, level, slot_order, moves, ability, held_item, nature)
  VALUES (v_trainer_id, 428, 55, 4, '["Fire Punch", "Mirror Coat", "Sunny Day", "Charm"]'::jsonb, 'Cute Charm', NULL, NULL);
  INSERT INTO public.trainer_pokemon (trainer_id, pokemon_national_dex_id, level, slot_order, moves, ability, held_item, nature)
  VALUES (v_trainer_id, 392, 61, 5, '["Flare Blitz", "Earthquake", "Mach Punch", "ThunderPunch"]'::jsonb, 'Blaze', 'Sitrus Berry', NULL);
END $$;

-- Lucian (Elite Four)
DO $$
DECLARE
  v_trainer_id UUID;
  v_route_id UUID;
BEGIN
  SELECT id INTO v_route_id FROM public.routes WHERE slug = 'victory-road-1f' AND game_id = 'e5f6a7b8-c9d0-1234-efab-567890123456';
  INSERT INTO public.trainers (route_id, name, trainer_class, is_boss, boss_type, level_cap, display_order, notes)
  VALUES (v_route_id, 'Lucian', 'Elite Four', true, 'elite_four', 63, 4, 'Psychic-type specialist.')
  RETURNING id INTO v_trainer_id;

  INSERT INTO public.trainer_pokemon (trainer_id, pokemon_national_dex_id, level, slot_order, moves, ability, held_item, nature)
  VALUES (v_trainer_id, 122, 53, 1, '["Psychic", "Thunderbolt", "Reflect", "Light Screen"]'::jsonb, 'Filter', NULL, NULL);
  INSERT INTO public.trainer_pokemon (trainer_id, pokemon_national_dex_id, level, slot_order, moves, ability, held_item, nature)
  VALUES (v_trainer_id, 196, 55, 2, '["Psychic", "Shadow Ball", "Signal Beam", "Quick Attack"]'::jsonb, 'Synchronize', NULL, NULL);
  INSERT INTO public.trainer_pokemon (trainer_id, pokemon_national_dex_id, level, slot_order, moves, ability, held_item, nature)
  VALUES (v_trainer_id, 437, 56, 3, '["Psychic", "Gyro Ball", "Calm Mind", "Earthquake"]'::jsonb, 'Levitate', NULL, NULL);
  INSERT INTO public.trainer_pokemon (trainer_id, pokemon_national_dex_id, level, slot_order, moves, ability, held_item, nature)
  VALUES (v_trainer_id, 65, 56, 4, '["Psychic", "Focus Blast", "Energy Ball", "Recover"]'::jsonb, 'Synchronize', NULL, NULL);
  INSERT INTO public.trainer_pokemon (trainer_id, pokemon_national_dex_id, level, slot_order, moves, ability, held_item, nature)
  VALUES (v_trainer_id, 475, 63, 5, '["Psycho Cut", "Close Combat", "Stone Edge", "Leaf Blade"]'::jsonb, 'Steadfast', 'Sitrus Berry', NULL);
END $$;

-- Cynthia (Champion)
DO $$
DECLARE
  v_trainer_id UUID;
  v_route_id UUID;
BEGIN
  SELECT id INTO v_route_id FROM public.routes WHERE slug = 'victory-road-1f' AND game_id = 'e5f6a7b8-c9d0-1234-efab-567890123456';
  INSERT INTO public.trainers (route_id, name, trainer_class, is_boss, boss_type, level_cap, display_order, notes)
  VALUES (v_route_id, 'Cynthia', 'Champion', true, 'champion', 66, 5, 'Sinnoh Champion. Uses a diverse, powerful team.')
  RETURNING id INTO v_trainer_id;

  INSERT INTO public.trainer_pokemon (trainer_id, pokemon_national_dex_id, level, slot_order, moves, ability, held_item, nature)
  VALUES (v_trainer_id, 442, 58, 1, '["Dark Pulse", "Psychic", "Silver Wind", "Embargo"]'::jsonb, 'Pressure', NULL, NULL);
  INSERT INTO public.trainer_pokemon (trainer_id, pokemon_national_dex_id, level, slot_order, moves, ability, held_item, nature)
  VALUES (v_trainer_id, 407, 58, 2, '["Energy Ball", "Sludge Bomb", "Shadow Ball", "Extrasensory"]'::jsonb, 'Natural Cure', NULL, NULL);
  INSERT INTO public.trainer_pokemon (trainer_id, pokemon_national_dex_id, level, slot_order, moves, ability, held_item, nature)
  VALUES (v_trainer_id, 423, 58, 3, '["Surf", "Earthquake", "Stone Edge", "Sludge Bomb"]'::jsonb, 'Storm Drain', NULL, NULL);
  INSERT INTO public.trainer_pokemon (trainer_id, pokemon_national_dex_id, level, slot_order, moves, ability, held_item, nature)
  VALUES (v_trainer_id, 448, 60, 4, '["Aura Sphere", "Shadow Ball", "Dragon Pulse", "Psychic"]'::jsonb, 'Inner Focus', NULL, NULL);
  INSERT INTO public.trainer_pokemon (trainer_id, pokemon_national_dex_id, level, slot_order, moves, ability, held_item, nature)
  VALUES (v_trainer_id, 350, 58, 5, '["Surf", "Ice Beam", "Mirror Coat", "Recover"]'::jsonb, 'Marvel Scale', NULL, NULL);
  INSERT INTO public.trainer_pokemon (trainer_id, pokemon_national_dex_id, level, slot_order, moves, ability, held_item, nature)
  VALUES (v_trainer_id, 445, 66, 6, '["Dragon Rush", "Earthquake", "Brick Break", "Giga Impact"]'::jsonb, 'Sand Veil', 'Sitrus Berry', NULL);
END $$;

-- Update total_routes count
UPDATE public.games SET total_routes = 77 WHERE id = 'e5f6a7b8-c9d0-1234-efab-567890123456';
-- ===========================================
-- POKEMON LEAFGREEN: COMPLETE GAME DATA
-- Official Pokemon Game
-- Gen 3, Kanto region
-- ===========================================
-- Game ID: f6a7b8c9-d0e1-2345-fab6-789012345678
-- ===========================================

-- STEP 1: Insert the game
INSERT INTO public.games (id, slug, name, generation, region, base_game_slug, is_romhack, sprite_url, total_routes, description)
VALUES (
  'f6a7b8c9-d0e1-2345-fab6-789012345678',
  'pokemon-leafgreen',
  'Pokemon LeafGreen',
  3,
  'Kanto',
  NULL,
  false,
  'https://raw.githubusercontent.com/PokeAPI/sprites/master/sprites/pokemon/3.png',
  50,
  'Pokemon LeafGreen Version for Game Boy Advance. A Gen 3 remake of the original Pokemon Green, set in the Kanto region.'
);

-- ===========================================
-- STEP 2: ALL ROUTES (50 total)
-- ===========================================

INSERT INTO public.routes (game_id, name, slug, display_order, route_type, has_encounters, has_trainers, has_items, notes) VALUES
('f6a7b8c9-d0e1-2345-fab6-789012345678', 'Pallet Town', 'pallet-town', 1, 'city', true, false, false, 'Starter town. Choose Bulbasaur, Charmander, or Squirtle.'),
('f6a7b8c9-d0e1-2345-fab6-789012345678', 'Route 1', 'route-1', 2, 'route', true, false, true, NULL),
('f6a7b8c9-d0e1-2345-fab6-789012345678', 'Viridian City', 'viridian-city', 3, 'city', false, false, true, NULL),
('f6a7b8c9-d0e1-2345-fab6-789012345678', 'Route 2', 'route-2', 4, 'route', true, false, true, NULL),
('f6a7b8c9-d0e1-2345-fab6-789012345678', 'Viridian Forest', 'viridian-forest', 5, 'cave', true, true, true, NULL),
('f6a7b8c9-d0e1-2345-fab6-789012345678', 'Pewter City', 'pewter-city', 6, 'city', false, true, true, 'Home of Brock.'),
('f6a7b8c9-d0e1-2345-fab6-789012345678', 'Route 3', 'route-3', 7, 'route', true, true, false, NULL),
('f6a7b8c9-d0e1-2345-fab6-789012345678', 'Mt. Moon', 'mt-moon', 8, 'cave', true, true, true, NULL),
('f6a7b8c9-d0e1-2345-fab6-789012345678', 'Route 4', 'route-4', 9, 'route', true, false, true, NULL),
('f6a7b8c9-d0e1-2345-fab6-789012345678', 'Cerulean City', 'cerulean-city', 10, 'city', false, true, true, 'Home of Misty.'),
('f6a7b8c9-d0e1-2345-fab6-789012345678', 'Route 24', 'route-24', 11, 'route', true, true, true, 'Nugget Bridge. 5 trainers + Team Rocket Grunt.'),
('f6a7b8c9-d0e1-2345-fab6-789012345678', 'Route 25', 'route-25', 12, 'route', true, true, true, 'Path to Bill''s House. Receive S.S. Ticket.'),
('f6a7b8c9-d0e1-2345-fab6-789012345678', 'Route 5', 'route-5', 13, 'route', true, false, false, NULL),
('f6a7b8c9-d0e1-2345-fab6-789012345678', 'Route 6', 'route-6', 14, 'route', true, true, false, NULL),
('f6a7b8c9-d0e1-2345-fab6-789012345678', 'Vermilion City', 'vermilion-city', 15, 'city', false, true, true, 'Home of Lt. Surge. SS Anne docked at port.'),
('f6a7b8c9-d0e1-2345-fab6-789012345678', 'Route 11', 'route-11', 16, 'route', true, true, false, NULL),
('f6a7b8c9-d0e1-2345-fab6-789012345678', 'Diglett''s Cave', 'digletts-cave', 17, 'cave', true, false, false, 'Connects Vermilion City area to Route 2.'),
('f6a7b8c9-d0e1-2345-fab6-789012345678', 'Route 9', 'route-9', 18, 'route', true, true, false, NULL),
('f6a7b8c9-d0e1-2345-fab6-789012345678', 'Route 10', 'route-10', 19, 'route', true, false, false, NULL),
('f6a7b8c9-d0e1-2345-fab6-789012345678', 'Rock Tunnel', 'rock-tunnel', 20, 'cave', true, true, true, 'Requires Flash (optional). Many trainers inside.'),
('f6a7b8c9-d0e1-2345-fab6-789012345678', 'Lavender Town', 'lavender-town', 21, 'city', false, false, true, 'Home of the Pokemon Tower.'),
('f6a7b8c9-d0e1-2345-fab6-789012345678', 'Pokemon Tower', 'pokemon-tower', 22, 'building', true, true, true, 'Haunted tower. Rival battle on 2F. Need Silph Scope to identify ghosts.'),
('f6a7b8c9-d0e1-2345-fab6-789012345678', 'Route 8', 'route-8', 23, 'route', true, true, false, NULL),
('f6a7b8c9-d0e1-2345-fab6-789012345678', 'Route 7', 'route-7', 24, 'route', true, false, false, NULL),
('f6a7b8c9-d0e1-2345-fab6-789012345678', 'Celadon City', 'celadon-city', 25, 'city', false, true, true, 'Home of Erika. Game Corner and Dept. Store.'),
('f6a7b8c9-d0e1-2345-fab6-789012345678', 'Team Rocket Hideout', 'team-rocket-hideout', 26, 'building', false, true, true, 'Underneath the Game Corner. Get Silph Scope.'),
('f6a7b8c9-d0e1-2345-fab6-789012345678', 'Route 16', 'route-16', 27, 'route', true, false, true, 'Snorlax blocks the path. Use Poke Flute.'),
('f6a7b8c9-d0e1-2345-fab6-789012345678', 'Route 17', 'route-17', 28, 'route', true, true, false, 'Cycling Road.'),
('f6a7b8c9-d0e1-2345-fab6-789012345678', 'Route 18', 'route-18', 29, 'route', true, false, false, NULL),
('f6a7b8c9-d0e1-2345-fab6-789012345678', 'Fuchsia City', 'fuchsia-city', 30, 'city', false, true, true, 'Home of Koga. Safari Zone entrance.'),
('f6a7b8c9-d0e1-2345-fab6-789012345678', 'Safari Zone', 'safari-zone', 31, 'special', true, false, true, 'Catch rare Pokemon with Safari Balls. HM03 Surf inside.'),
('f6a7b8c9-d0e1-2345-fab6-789012345678', 'Route 12', 'route-12', 32, 'route', true, true, true, 'Snorlax blocks the path. Use Poke Flute.'),
('f6a7b8c9-d0e1-2345-fab6-789012345678', 'Route 13', 'route-13', 33, 'route', true, true, false, NULL),
('f6a7b8c9-d0e1-2345-fab6-789012345678', 'Route 14', 'route-14', 34, 'route', true, true, false, NULL),
('f6a7b8c9-d0e1-2345-fab6-789012345678', 'Route 15', 'route-15', 35, 'route', true, true, false, NULL),
('f6a7b8c9-d0e1-2345-fab6-789012345678', 'Saffron City', 'saffron-city', 36, 'city', false, true, true, 'Home of Sabrina. Silph Co. HQ.'),
('f6a7b8c9-d0e1-2345-fab6-789012345678', 'Silph Co.', 'silph-co', 37, 'building', false, true, true, 'Team Rocket takeover. Rival battle and Giovanni boss fight. Receive Lapras.'),
('f6a7b8c9-d0e1-2345-fab6-789012345678', 'Route 19', 'route-19', 38, 'water', true, true, false, NULL),
('f6a7b8c9-d0e1-2345-fab6-789012345678', 'Route 20', 'route-20', 39, 'water', true, true, false, NULL),
('f6a7b8c9-d0e1-2345-fab6-789012345678', 'Seafoam Islands', 'seafoam-islands', 40, 'cave', true, false, true, 'Ice puzzle cave. Articuno at the bottom.'),
('f6a7b8c9-d0e1-2345-fab6-789012345678', 'Cinnabar Island', 'cinnabar-island', 41, 'city', false, true, true, 'Home of Blaine. Pokemon Mansion and Lab.'),
('f6a7b8c9-d0e1-2345-fab6-789012345678', 'Pokemon Mansion', 'pokemon-mansion', 42, 'building', true, true, true, 'Find the Secret Key to unlock Cinnabar Gym.'),
('f6a7b8c9-d0e1-2345-fab6-789012345678', 'Route 21', 'route-21', 43, 'water', true, true, false, NULL),
('f6a7b8c9-d0e1-2345-fab6-789012345678', 'Viridian City Gym', 'viridian-city-gym', 44, 'building', false, true, false, 'Giovanni''s Gym. Earth Badge.'),
('f6a7b8c9-d0e1-2345-fab6-789012345678', 'Route 22', 'route-22', 45, 'route', true, true, false, 'Rival battle before Victory Road.'),
('f6a7b8c9-d0e1-2345-fab6-789012345678', 'Route 23', 'route-23', 46, 'route', true, false, false, 'Badge check gates to Victory Road.'),
('f6a7b8c9-d0e1-2345-fab6-789012345678', 'Victory Road', 'victory-road', 47, 'cave', true, true, true, 'Final cave before Indigo Plateau. Strength puzzles.'),
('f6a7b8c9-d0e1-2345-fab6-789012345678', 'Indigo Plateau', 'indigo-plateau', 48, 'building', false, true, true, 'Elite Four and Champion battles.'),
('f6a7b8c9-d0e1-2345-fab6-789012345678', 'Power Plant', 'power-plant', 49, 'building', true, false, true, 'Zapdos. Electric-type Pokemon.'),
('f6a7b8c9-d0e1-2345-fab6-789012345678', 'Cerulean Cave', 'cerulean-cave', 50, 'cave', true, false, true, 'Post-game dungeon. Mewtwo.');

-- ===========================================
-- STEP 3: STARTER POKEMON
-- ===========================================

INSERT INTO public.encounters (route_id, pokemon_national_dex_id, method, encounter_rate, level_min, level_max)
SELECT r.id, 1, 'gift', NULL, 5, 5
FROM public.routes r WHERE r.slug = 'pallet-town' AND r.game_id = 'f6a7b8c9-d0e1-2345-fab6-789012345678';

INSERT INTO public.encounters (route_id, pokemon_national_dex_id, method, encounter_rate, level_min, level_max)
SELECT r.id, 4, 'gift', NULL, 5, 5
FROM public.routes r WHERE r.slug = 'pallet-town' AND r.game_id = 'f6a7b8c9-d0e1-2345-fab6-789012345678';

INSERT INTO public.encounters (route_id, pokemon_national_dex_id, method, encounter_rate, level_min, level_max)
SELECT r.id, 7, 'gift', NULL, 5, 5
FROM public.routes r WHERE r.slug = 'pallet-town' AND r.game_id = 'f6a7b8c9-d0e1-2345-fab6-789012345678';

-- ===========================================
-- STEP 4: ENCOUNTER DATA (325 total)
-- ===========================================

CREATE TEMP TABLE _enc (slug TEXT, dex INT, method TEXT, rate DECIMAL(5,2), lmin INT, lmax INT, cond TEXT, ver_excl TEXT);
INSERT INTO _enc VALUES
('pallet-town', 1, 'gift', 100.00, 5, 5, NULL, NULL),
('pallet-town', 4, 'gift', 100.00, 5, 5, NULL, NULL),
('pallet-town', 7, 'gift', 100.00, 5, 5, NULL, NULL),
('pallet-town', 72, 'surfing', 100.00, 5, 40, NULL, NULL),
('pallet-town', 79, 'fishing_super', 1.00, 25, 35, NULL, NULL),
('pallet-town', 98, 'fishing_good', 60.00, 5, 15, NULL, NULL),
('pallet-town', 98, 'fishing_super', 40.00, 15, 25, NULL, NULL),
('pallet-town', 99, 'fishing_super', 4.00, 25, 35, NULL, NULL),
('pallet-town', 116, 'fishing_good', 20.00, 5, 15, NULL, NULL),
('pallet-town', 120, 'fishing_super', 40.00, 15, 25, NULL, NULL),
('pallet-town', 129, 'fishing_good', 20.00, 5, 15, NULL, NULL),
('pallet-town', 129, 'fishing_old', 100.00, 5, 10, NULL, NULL),
('pallet-town', 130, 'fishing_super', 15.00, 15, 25, NULL, NULL),
('route-1', 16, 'walking', 50.00, 2, 5, NULL, NULL),
('route-1', 19, 'walking', 50.00, 2, 4, NULL, NULL),
('route-2', 10, 'walking', 5.00, 4, 5, NULL, NULL),
('route-2', 13, 'walking', 5.00, 4, 5, NULL, NULL),
('route-2', 16, 'walking', 45.00, 2, 5, NULL, NULL),
('route-2', 19, 'walking', 45.00, 2, 5, NULL, NULL),
('viridian-forest', 10, 'walking', 40.00, 3, 5, NULL, NULL),
('viridian-forest', 11, 'walking', 10.00, 4, 6, NULL, NULL),
('viridian-forest', 13, 'walking', 40.00, 3, 5, NULL, NULL),
('viridian-forest', 14, 'walking', 5.00, 5, 5, NULL, NULL),
('viridian-forest', 25, 'walking', 5.00, 3, 5, NULL, NULL),
('route-3', 16, 'walking', 30.00, 6, 7, NULL, NULL),
('route-3', 21, 'walking', 35.00, 6, 8, NULL, NULL),
('route-3', 29, 'walking', 14.00, 6, 7, NULL, NULL),
('route-3', 32, 'walking', 1.00, 6, 6, NULL, NULL),
('route-3', 39, 'walking', 10.00, 3, 7, NULL, NULL),
('route-3', 56, 'walking', 10.00, 7, 7, NULL, NULL),
('mt-moon', 35, 'walking', 7.00, 8, 12, NULL, NULL),
('mt-moon', 41, 'walking', 118.00, 7, 11, NULL, NULL),
('mt-moon', 46, 'walking', 120.00, 5, 12, NULL, NULL),
('mt-moon', 74, 'walking', 55.00, 7, 10, NULL, NULL),
('route-4', 19, 'walking', 35.00, 8, 12, NULL, NULL),
('route-4', 21, 'walking', 35.00, 8, 12, NULL, NULL),
('route-4', 27, 'walking', 25.00, 6, 12, NULL, NULL),
('route-4', 56, 'walking', 5.00, 10, 12, NULL, NULL),
('route-4', 72, 'surfing', 100.00, 5, 40, NULL, NULL),
('route-4', 79, 'fishing_super', 1.00, 25, 35, NULL, NULL),
('route-4', 98, 'fishing_good', 60.00, 5, 15, NULL, NULL),
('route-4', 98, 'fishing_super', 84.00, 15, 35, NULL, NULL),
('route-4', 116, 'fishing_good', 20.00, 5, 15, NULL, NULL),
('route-4', 129, 'fishing_good', 20.00, 5, 15, NULL, NULL),
('route-4', 129, 'fishing_old', 100.00, 5, 5, NULL, NULL),
('route-4', 130, 'fishing_super', 15.00, 15, 25, NULL, NULL),
('route-24', 10, 'walking', 20.00, 7, 7, NULL, NULL),
('route-24', 11, 'walking', 4.00, 8, 8, NULL, NULL),
('route-24', 13, 'walking', 20.00, 7, 7, NULL, NULL),
('route-24', 14, 'walking', 1.00, 8, 8, NULL, NULL),
('route-24', 16, 'walking', 15.00, 11, 13, NULL, NULL),
('route-24', 63, 'walking', 15.00, 8, 12, NULL, NULL),
('route-24', 69, 'walking', 25.00, 12, 14, NULL, NULL),
('route-24', 72, 'surfing', 100.00, 5, 40, NULL, NULL),
('route-24', 79, 'fishing_super', 1.00, 25, 35, NULL, NULL),
('route-24', 98, 'fishing_good', 60.00, 5, 15, NULL, NULL),
('route-24', 98, 'fishing_super', 84.00, 15, 35, NULL, NULL),
('route-24', 116, 'fishing_good', 20.00, 5, 15, NULL, NULL),
('route-24', 129, 'fishing_good', 20.00, 5, 15, NULL, NULL),
('route-24', 129, 'fishing_old', 100.00, 5, 5, NULL, NULL),
('route-24', 130, 'fishing_super', 15.00, 15, 25, NULL, NULL),
('route-25', 10, 'walking', 20.00, 8, 8, NULL, NULL),
('route-25', 11, 'walking', 4.00, 9, 9, NULL, NULL),
('route-25', 13, 'walking', 20.00, 8, 8, NULL, NULL),
('route-25', 14, 'walking', 1.00, 9, 9, NULL, NULL),
('route-25', 16, 'walking', 15.00, 11, 13, NULL, NULL),
('route-25', 60, 'fishing_good', 60.00, 5, 15, NULL, NULL),
('route-25', 60, 'fishing_super', 40.00, 15, 25, NULL, NULL),
('route-25', 61, 'fishing_super', 40.00, 20, 30, NULL, NULL),
('route-25', 63, 'walking', 15.00, 9, 13, NULL, NULL),
('route-25', 69, 'walking', 25.00, 12, 14, NULL, NULL),
('route-25', 79, 'fishing_super', 5.00, 15, 35, NULL, NULL),
('route-25', 79, 'surfing', 100.00, 20, 40, NULL, NULL),
('route-25', 118, 'fishing_good', 20.00, 5, 15, NULL, NULL),
('route-25', 129, 'fishing_good', 20.00, 5, 15, NULL, NULL),
('route-25', 129, 'fishing_old', 100.00, 5, 5, NULL, NULL),
('route-25', 130, 'fishing_super', 15.00, 15, 25, NULL, NULL),
('route-5', 16, 'walking', 40.00, 13, 16, NULL, NULL),
('route-5', 52, 'walking', 35.00, 10, 16, NULL, NULL),
('route-5', 69, 'walking', 25.00, 13, 16, NULL, NULL),
('route-6', 16, 'walking', 40.00, 13, 16, NULL, NULL),
('route-6', 52, 'walking', 35.00, 10, 16, NULL, NULL),
('route-6', 60, 'fishing_good', 60.00, 5, 15, NULL, NULL),
('route-6', 60, 'fishing_super', 40.00, 15, 25, NULL, NULL),
('route-6', 61, 'fishing_super', 40.00, 20, 30, NULL, NULL),
('route-6', 69, 'walking', 25.00, 13, 16, NULL, NULL),
('route-6', 79, 'fishing_super', 5.00, 15, 35, NULL, NULL),
('route-6', 79, 'surfing', 100.00, 20, 40, NULL, NULL),
('route-6', 118, 'fishing_good', 20.00, 5, 15, NULL, NULL),
('route-6', 129, 'fishing_good', 20.00, 5, 15, NULL, NULL),
('route-6', 129, 'fishing_old', 100.00, 5, 5, NULL, NULL),
('route-6', 130, 'fishing_super', 15.00, 15, 25, NULL, NULL),
('route-11', 21, 'walking', 35.00, 13, 17, NULL, NULL),
('route-11', 27, 'walking', 40.00, 12, 15, NULL, NULL),
('route-11', 72, 'surfing', 100.00, 5, 40, NULL, NULL),
('route-11', 79, 'fishing_super', 1.00, 25, 35, NULL, NULL),
('route-11', 96, 'walking', 25.00, 11, 15, NULL, NULL),
('route-11', 98, 'fishing_good', 60.00, 5, 15, NULL, NULL),
('route-11', 98, 'fishing_super', 84.00, 15, 35, NULL, NULL),
('route-11', 116, 'fishing_good', 20.00, 5, 15, NULL, NULL),
('route-11', 129, 'fishing_good', 20.00, 5, 15, NULL, NULL),
('route-11', 129, 'fishing_old', 100.00, 5, 5, NULL, NULL),
('route-11', 130, 'fishing_super', 15.00, 15, 25, NULL, NULL),
('digletts-cave', 50, 'walking', 95.00, 15, 22, NULL, NULL),
('digletts-cave', 51, 'walking', 5.00, 29, 31, NULL, NULL),
('route-9', 19, 'walking', 40.00, 14, 17, NULL, NULL),
('route-9', 21, 'walking', 35.00, 13, 17, NULL, NULL),
('route-9', 27, 'walking', 25.00, 11, 17, NULL, NULL),
('route-10', 21, 'walking', 35.00, 13, 17, NULL, NULL),
('route-10', 27, 'walking', 25.00, 11, 17, NULL, NULL),
('route-10', 72, 'surfing', 100.00, 5, 40, NULL, NULL),
('route-10', 79, 'fishing_super', 1.00, 25, 35, NULL, NULL),
('route-10', 98, 'fishing_good', 60.00, 5, 15, NULL, NULL),
('route-10', 98, 'fishing_super', 84.00, 15, 35, NULL, NULL),
('route-10', 100, 'walking', 40.00, 14, 17, NULL, NULL),
('route-10', 116, 'fishing_good', 20.00, 5, 15, NULL, NULL),
('route-10', 129, 'fishing_good', 20.00, 5, 15, NULL, NULL),
('route-10', 129, 'fishing_old', 100.00, 5, 5, NULL, NULL),
('route-10', 130, 'fishing_super', 15.00, 15, 25, NULL, NULL),
('rock-tunnel', 41, 'walking', 60.00, 15, 16, NULL, NULL),
('rock-tunnel', 56, 'walking', 30.00, 16, 17, NULL, NULL),
('rock-tunnel', 66, 'walking', 25.00, 16, 17, NULL, NULL),
('rock-tunnel', 74, 'walking', 70.00, 15, 17, NULL, NULL),
('rock-tunnel', 95, 'walking', 15.00, 13, 17, NULL, NULL),
('rock-tunnel', 74, 'rock_smash', 95.00, 5, 30, NULL, NULL),
('rock-tunnel', 75, 'rock_smash', 5.00, 25, 40, NULL, NULL),
('pokemon-tower', 92, 'walking', 422.00, 13, 19, NULL, NULL),
('pokemon-tower', 93, 'walking', 32.00, 20, 25, NULL, NULL),
('pokemon-tower', 104, 'walking', 46.00, 15, 19, NULL, NULL),
('route-8', 16, 'walking', 30.00, 18, 20, NULL, NULL),
('route-8', 27, 'walking', 20.00, 17, 19, NULL, NULL),
('route-8', 37, 'walking', 20.00, 15, 18, NULL, NULL),
('route-8', 52, 'walking', 30.00, 18, 20, NULL, NULL),
('route-7', 16, 'walking', 30.00, 19, 22, NULL, NULL),
('route-7', 37, 'walking', 10.00, 18, 20, NULL, NULL),
('route-7', 52, 'walking', 40.00, 17, 20, NULL, NULL),
('route-7', 69, 'walking', 20.00, 19, 22, NULL, NULL),
('route-16', 19, 'walking', 30.00, 18, 22, NULL, NULL),
('route-16', 20, 'walking', 5.00, 23, 25, NULL, NULL),
('route-16', 21, 'walking', 30.00, 20, 22, NULL, NULL),
('route-16', 84, 'walking', 35.00, 18, 22, NULL, NULL),
('route-16', 143, 'static', 100.00, 30, 30, NULL, NULL),
('route-17', 19, 'walking', 5.00, 22, 22, NULL, NULL),
('route-17', 20, 'walking', 25.00, 25, 29, NULL, NULL),
('route-17', 21, 'walking', 30.00, 20, 22, NULL, NULL),
('route-17', 22, 'walking', 5.00, 25, 27, NULL, NULL),
('route-17', 84, 'walking', 35.00, 24, 28, NULL, NULL),
('route-18', 19, 'walking', 5.00, 22, 22, NULL, NULL),
('route-18', 20, 'walking', 15.00, 25, 29, NULL, NULL),
('route-18', 21, 'walking', 30.00, 20, 22, NULL, NULL),
('route-18', 22, 'walking', 15.00, 25, 29, NULL, NULL),
('route-18', 84, 'walking', 35.00, 24, 28, NULL, NULL),
('safari-zone', 29, 'walking', 80.00, 22, 30, NULL, NULL),
('safari-zone', 30, 'walking', 40.00, 30, 33, NULL, NULL),
('safari-zone', 33, 'walking', 10.00, 30, 31, NULL, NULL),
('safari-zone', 47, 'walking', 10.00, 25, 30, NULL, NULL),
('safari-zone', 48, 'walking', 30.00, 22, 23, NULL, NULL),
('safari-zone', 60, 'fishing_good', 80.00, 5, 15, NULL, NULL),
('safari-zone', 79, 'fishing_super', 16.00, 15, 35, NULL, NULL),
('safari-zone', 79, 'surfing', 400.00, 20, 40, NULL, NULL),
('safari-zone', 102, 'walking', 80.00, 23, 27, NULL, NULL),
('safari-zone', 111, 'walking', 40.00, 25, 26, NULL, NULL),
('safari-zone', 113, 'walking', 5.00, 23, 26, NULL, NULL),
('safari-zone', 118, 'fishing_good', 240.00, 5, 15, NULL, NULL),
('safari-zone', 118, 'fishing_super', 160.00, 15, 25, NULL, NULL),
('safari-zone', 119, 'fishing_super', 160.00, 20, 30, NULL, NULL),
('safari-zone', 127, 'walking', 5.00, 23, 28, NULL, NULL),
('safari-zone', 129, 'fishing_good', 80.00, 5, 15, NULL, NULL),
('safari-zone', 129, 'fishing_old', 400.00, 5, 5, NULL, NULL),
('safari-zone', 147, 'fishing_super', 60.00, 15, 25, NULL, NULL),
('safari-zone', 148, 'fishing_super', 4.00, 25, 35, NULL, NULL),
('safari-zone', 32, 'walking', 10.00, 24, 30, NULL, NULL),
('safari-zone', 46, 'walking', 30.00, 22, 23, NULL, NULL),
('safari-zone', 84, 'walking', 40.00, 26, 26, NULL, NULL),
('safari-zone', 115, 'walking', 5.00, 25, 28, NULL, NULL),
('safari-zone', 49, 'walking', 10.00, 32, 32, NULL, NULL),
('safari-zone', 128, 'walking', 5.00, 25, 28, NULL, NULL),
('route-12', 16, 'walking', 30.00, 23, 27, NULL, NULL),
('route-12', 48, 'walking', 30.00, 24, 26, NULL, NULL),
('route-12', 69, 'walking', 35.00, 22, 26, NULL, NULL),
('route-12', 70, 'walking', 5.00, 28, 30, NULL, NULL),
('route-12', 72, 'surfing', 100.00, 5, 40, NULL, NULL),
('route-12', 79, 'fishing_super', 1.00, 25, 35, NULL, NULL),
('route-12', 98, 'fishing_good', 60.00, 5, 15, NULL, NULL),
('route-12', 98, 'fishing_super', 84.00, 15, 35, NULL, NULL),
('route-12', 116, 'fishing_good', 20.00, 5, 15, NULL, NULL),
('route-12', 129, 'fishing_good', 20.00, 5, 15, NULL, NULL),
('route-12', 129, 'fishing_old', 100.00, 5, 5, NULL, NULL),
('route-12', 130, 'fishing_super', 15.00, 15, 25, NULL, NULL),
('route-12', 143, 'static', 100.00, 30, 30, NULL, NULL),
('route-13', 16, 'walking', 20.00, 25, 27, NULL, NULL),
('route-13', 17, 'walking', 5.00, 29, 29, NULL, NULL),
('route-13', 48, 'walking', 30.00, 24, 26, NULL, NULL),
('route-13', 69, 'walking', 35.00, 22, 26, NULL, NULL),
('route-13', 70, 'walking', 5.00, 28, 30, NULL, NULL),
('route-13', 72, 'surfing', 100.00, 5, 40, NULL, NULL),
('route-13', 79, 'fishing_super', 1.00, 25, 35, NULL, NULL),
('route-13', 98, 'fishing_good', 60.00, 5, 15, NULL, NULL),
('route-13', 98, 'fishing_super', 84.00, 15, 35, NULL, NULL),
('route-13', 116, 'fishing_good', 20.00, 5, 15, NULL, NULL),
('route-13', 129, 'fishing_good', 20.00, 5, 15, NULL, NULL),
('route-13', 129, 'fishing_old', 100.00, 5, 5, NULL, NULL),
('route-13', 130, 'fishing_super', 15.00, 15, 25, NULL, NULL),
('route-13', 132, 'walking', 5.00, 25, 25, NULL, NULL),
('route-14', 16, 'walking', 10.00, 27, 27, NULL, NULL),
('route-14', 17, 'walking', 5.00, 29, 29, NULL, NULL),
('route-14', 48, 'walking', 30.00, 24, 26, NULL, NULL),
('route-14', 69, 'walking', 35.00, 22, 26, NULL, NULL),
('route-14', 70, 'walking', 5.00, 30, 30, NULL, NULL),
('route-14', 132, 'walking', 15.00, 23, 23, NULL, NULL),
('route-15', 16, 'walking', 20.00, 25, 27, NULL, NULL),
('route-15', 17, 'walking', 5.00, 29, 29, NULL, NULL),
('route-15', 48, 'walking', 30.00, 24, 26, NULL, NULL),
('route-15', 69, 'walking', 35.00, 22, 26, NULL, NULL),
('route-15', 70, 'walking', 5.00, 28, 30, NULL, NULL),
('route-15', 132, 'walking', 5.00, 25, 25, NULL, NULL),
('route-19', 72, 'surfing', 100.00, 5, 40, NULL, NULL),
('route-19', 79, 'fishing_super', 1.00, 25, 35, NULL, NULL),
('route-19', 98, 'fishing_good', 60.00, 5, 15, NULL, NULL),
('route-19', 98, 'fishing_super', 80.00, 15, 25, NULL, NULL),
('route-19', 99, 'fishing_super', 4.00, 25, 35, NULL, NULL),
('route-19', 116, 'fishing_good', 20.00, 5, 15, NULL, NULL),
('route-19', 129, 'fishing_good', 20.00, 5, 15, NULL, NULL),
('route-19', 129, 'fishing_old', 100.00, 5, 5, NULL, NULL),
('route-19', 130, 'fishing_super', 15.00, 15, 25, NULL, NULL),
('route-20', 72, 'surfing', 100.00, 5, 40, NULL, NULL),
('route-20', 79, 'fishing_super', 1.00, 25, 35, NULL, NULL),
('route-20', 98, 'fishing_good', 60.00, 5, 15, NULL, NULL),
('route-20', 98, 'fishing_super', 80.00, 15, 25, NULL, NULL),
('route-20', 99, 'fishing_super', 4.00, 25, 35, NULL, NULL),
('route-20', 116, 'fishing_good', 20.00, 5, 15, NULL, NULL),
('route-20', 129, 'fishing_good', 20.00, 5, 15, NULL, NULL),
('route-20', 129, 'fishing_old', 100.00, 5, 5, NULL, NULL),
('route-20', 130, 'fishing_super', 15.00, 15, 25, NULL, NULL),
('seafoam-islands', 41, 'walking', 98.00, 22, 26, NULL, NULL),
('seafoam-islands', 42, 'walking', 57.00, 26, 30, NULL, NULL),
('seafoam-islands', 79, 'walking', 165.00, 26, 33, NULL, NULL),
('seafoam-islands', 80, 'walking', 45.00, 32, 35, NULL, NULL),
('seafoam-islands', 86, 'walking', 120.00, 28, 34, NULL, NULL),
('seafoam-islands', 79, 'fishing_super', 8.00, 15, 25, NULL, NULL),
('seafoam-islands', 79, 'surfing', 8.00, 30, 40, NULL, NULL),
('seafoam-islands', 80, 'surfing', 2.00, 35, 40, NULL, NULL),
('seafoam-islands', 86, 'surfing', 120.00, 25, 35, NULL, NULL),
('seafoam-islands', 87, 'surfing', 10.00, 35, 40, NULL, NULL),
('seafoam-islands', 87, 'walking', 15.00, 32, 36, NULL, NULL),
('seafoam-islands', 98, 'fishing_good', 120.00, 5, 15, NULL, NULL),
('seafoam-islands', 98, 'fishing_super', 160.00, 15, 30, NULL, NULL),
('seafoam-islands', 98, 'surfing', 60.00, 25, 30, NULL, NULL),
('seafoam-islands', 116, 'fishing_good', 40.00, 5, 15, NULL, NULL),
('seafoam-islands', 129, 'fishing_good', 40.00, 5, 15, NULL, NULL),
('seafoam-islands', 129, 'fishing_old', 200.00, 5, 5, NULL, NULL),
('seafoam-islands', 130, 'fishing_super', 32.00, 15, 35, NULL, NULL),
('seafoam-islands', 144, 'static', 100.00, 50, 50, NULL, NULL),
('pokemon-mansion', 19, 'walking', 50.00, 26, 28, NULL, NULL),
('pokemon-mansion', 20, 'walking', 120.00, 32, 38, NULL, NULL),
('pokemon-mansion', 37, 'walking', 60.00, 30, 32, NULL, NULL),
('pokemon-mansion', 88, 'walking', 120.00, 28, 30, NULL, NULL),
('pokemon-mansion', 89, 'walking', 20.00, 32, 34, NULL, NULL),
('pokemon-mansion', 109, 'walking', 20.00, 28, 28, NULL, NULL),
('pokemon-mansion', 132, 'walking', 10.00, 30, 30, NULL, NULL),
('route-21', 72, 'surfing', 100.00, 5, 40, NULL, NULL),
('route-21', 79, 'fishing_super', 1.00, 25, 35, NULL, NULL),
('route-21', 98, 'fishing_good', 60.00, 5, 15, NULL, NULL),
('route-21', 98, 'fishing_super', 80.00, 15, 25, NULL, NULL),
('route-21', 99, 'fishing_super', 4.00, 25, 35, NULL, NULL),
('route-21', 114, 'walking', 100.00, 17, 28, NULL, NULL),
('route-21', 116, 'fishing_good', 20.00, 5, 15, NULL, NULL),
('route-21', 129, 'fishing_good', 20.00, 5, 15, NULL, NULL),
('route-21', 129, 'fishing_old', 100.00, 5, 5, NULL, NULL),
('route-21', 130, 'fishing_super', 15.00, 15, 25, NULL, NULL),
('route-22', 19, 'walking', 45.00, 2, 5, NULL, NULL),
('route-22', 21, 'walking', 10.00, 3, 5, NULL, NULL),
('route-22', 56, 'walking', 45.00, 2, 5, NULL, NULL),
('route-22', 60, 'fishing_good', 60.00, 5, 15, NULL, NULL),
('route-22', 60, 'fishing_super', 40.00, 15, 25, NULL, NULL),
('route-22', 61, 'fishing_super', 40.00, 20, 30, NULL, NULL),
('route-22', 79, 'fishing_super', 5.00, 15, 35, NULL, NULL),
('route-22', 79, 'surfing', 100.00, 20, 40, NULL, NULL),
('route-22', 118, 'fishing_good', 20.00, 5, 15, NULL, NULL),
('route-22', 129, 'fishing_good', 20.00, 5, 15, NULL, NULL),
('route-22', 129, 'fishing_old', 100.00, 5, 5, NULL, NULL),
('route-22', 130, 'fishing_super', 15.00, 15, 25, NULL, NULL),
('route-23', 21, 'walking', 15.00, 32, 34, NULL, NULL),
('route-23', 22, 'walking', 25.00, 40, 44, NULL, NULL),
('route-23', 27, 'walking', 20.00, 32, 34, NULL, NULL),
('route-23', 28, 'walking', 5.00, 44, 44, NULL, NULL),
('route-23', 56, 'walking', 30.00, 32, 34, NULL, NULL),
('route-23', 57, 'walking', 5.00, 42, 42, NULL, NULL),
('route-23', 60, 'fishing_good', 60.00, 5, 15, NULL, NULL),
('route-23', 60, 'fishing_super', 40.00, 15, 25, NULL, NULL),
('route-23', 61, 'fishing_super', 40.00, 20, 30, NULL, NULL),
('route-23', 79, 'fishing_super', 5.00, 15, 35, NULL, NULL),
('route-23', 79, 'surfing', 100.00, 20, 40, NULL, NULL),
('route-23', 118, 'fishing_good', 20.00, 5, 15, NULL, NULL),
('route-23', 129, 'fishing_good', 20.00, 5, 15, NULL, NULL),
('route-23', 129, 'fishing_old', 100.00, 5, 5, NULL, NULL),
('route-23', 130, 'fishing_super', 15.00, 15, 25, NULL, NULL),
('power-plant', 25, 'walking', 25.00, 22, 26, NULL, NULL),
('power-plant', 81, 'walking', 30.00, 22, 25, NULL, NULL),
('power-plant', 82, 'walking', 15.00, 31, 34, NULL, NULL),
('power-plant', 100, 'walking', 30.00, 22, 25, NULL, NULL),
('power-plant', 101, 'static', 200.00, 34, 34, NULL, NULL),
('power-plant', 145, 'static', 100.00, 50, 50, NULL, NULL),
('cerulean-cave', 42, 'walking', 50.00, 46, 61, NULL, NULL),
('cerulean-cave', 47, 'walking', 53.00, 49, 64, NULL, NULL),
('cerulean-cave', 57, 'walking', 11.00, 52, 61, NULL, NULL),
('cerulean-cave', 60, 'fishing_good', 120.00, 5, 15, NULL, NULL),
('cerulean-cave', 60, 'fishing_super', 80.00, 15, 25, NULL, NULL),
('cerulean-cave', 61, 'fishing_super', 80.00, 20, 30, NULL, NULL),
('cerulean-cave', 67, 'walking', 40.00, 46, 52, NULL, NULL),
('cerulean-cave', 74, 'rock_smash', 195.00, 30, 60, NULL, NULL),
('cerulean-cave', 75, 'rock_smash', 105.00, 40, 65, NULL, NULL),
('cerulean-cave', 79, 'fishing_super', 9.00, 15, 35, NULL, NULL),
('cerulean-cave', 79, 'surfing', 130.00, 30, 60, NULL, NULL),
('cerulean-cave', 80, 'surfing', 70.00, 40, 65, NULL, NULL),
('cerulean-cave', 82, 'walking', 40.00, 49, 55, NULL, NULL),
('cerulean-cave', 101, 'walking', 13.00, 58, 64, NULL, NULL),
('cerulean-cave', 118, 'fishing_good', 40.00, 5, 15, NULL, NULL),
('cerulean-cave', 129, 'fishing_good', 40.00, 5, 15, NULL, NULL),
('cerulean-cave', 129, 'fishing_old', 200.00, 5, 5, NULL, NULL),
('cerulean-cave', 130, 'fishing_super', 31.00, 15, 35, NULL, NULL),
('cerulean-cave', 132, 'walking', 47.00, 52, 67, NULL, NULL),
('cerulean-cave', 202, 'walking', 10.00, 55, 61, NULL, NULL),
('cerulean-cave', 64, 'walking', 36.00, 55, 67, NULL, NULL),
('cerulean-cave', 150, 'static', 100.00, 70, 70, NULL, NULL);

INSERT INTO public.encounters (route_id, pokemon_national_dex_id, method, encounter_rate, level_min, level_max, conditions, version_exclusive)
SELECT r.id, e.dex, e.method, e.rate, e.lmin, e.lmax, NULLIF(e.cond, ''), NULLIF(e.ver_excl, '')
FROM _enc e JOIN public.routes r ON r.slug = e.slug AND r.game_id = 'f6a7b8c9-d0e1-2345-fab6-789012345678';

DROP TABLE _enc;

-- ===========================================
-- STEP 5: BOSS TRAINERS
-- ===========================================

-- Brock (Gym Leader)
DO $$
DECLARE
  v_trainer_id UUID;
  v_route_id UUID;
BEGIN
  SELECT id INTO v_route_id FROM public.routes WHERE slug = 'pewter-city' AND game_id = 'f6a7b8c9-d0e1-2345-fab6-789012345678';
  INSERT INTO public.trainers (route_id, name, trainer_class, is_boss, boss_type, level_cap, display_order, notes)
  VALUES (v_route_id, 'Brock', 'Gym Leader', true, 'gym_leader', 14, 1, 'Rock-type specialist. Boulder Badge.')
  RETURNING id INTO v_trainer_id;

  INSERT INTO public.trainer_pokemon (trainer_id, pokemon_national_dex_id, level, slot_order, moves, ability, held_item, nature)
  VALUES (v_trainer_id, 74, 12, 1, '["Tackle", "Defense Curl", "Rock Tomb", "Mud Sport"]'::jsonb, 'Rock Head', NULL, NULL);
  INSERT INTO public.trainer_pokemon (trainer_id, pokemon_national_dex_id, level, slot_order, moves, ability, held_item, nature)
  VALUES (v_trainer_id, 95, 14, 2, '["Tackle", "Bind", "Rock Tomb", "Harden"]'::jsonb, 'Rock Head', NULL, NULL);
END $$;

-- Misty (Gym Leader)
DO $$
DECLARE
  v_trainer_id UUID;
  v_route_id UUID;
BEGIN
  SELECT id INTO v_route_id FROM public.routes WHERE slug = 'cerulean-city' AND game_id = 'f6a7b8c9-d0e1-2345-fab6-789012345678';
  INSERT INTO public.trainers (route_id, name, trainer_class, is_boss, boss_type, level_cap, display_order, notes)
  VALUES (v_route_id, 'Misty', 'Gym Leader', true, 'gym_leader', 21, 1, 'Water-type specialist. Cascade Badge.')
  RETURNING id INTO v_trainer_id;

  INSERT INTO public.trainer_pokemon (trainer_id, pokemon_national_dex_id, level, slot_order, moves, ability, held_item, nature)
  VALUES (v_trainer_id, 120, 18, 1, '["Tackle", "Harden", "Water Pulse", "Recover"]'::jsonb, 'Natural Cure', NULL, NULL);
  INSERT INTO public.trainer_pokemon (trainer_id, pokemon_national_dex_id, level, slot_order, moves, ability, held_item, nature)
  VALUES (v_trainer_id, 121, 21, 2, '["Swift", "Water Pulse", "Recover", "Rapid Spin"]'::jsonb, 'Natural Cure', NULL, NULL);
END $$;

-- Lt. Surge (Gym Leader)
DO $$
DECLARE
  v_trainer_id UUID;
  v_route_id UUID;
BEGIN
  SELECT id INTO v_route_id FROM public.routes WHERE slug = 'vermilion-city' AND game_id = 'f6a7b8c9-d0e1-2345-fab6-789012345678';
  INSERT INTO public.trainers (route_id, name, trainer_class, is_boss, boss_type, level_cap, display_order, notes)
  VALUES (v_route_id, 'Lt. Surge', 'Gym Leader', true, 'gym_leader', 24, 1, 'Electric-type specialist. Thunder Badge.')
  RETURNING id INTO v_trainer_id;

  INSERT INTO public.trainer_pokemon (trainer_id, pokemon_national_dex_id, level, slot_order, moves, ability, held_item, nature)
  VALUES (v_trainer_id, 100, 21, 1, '["Sonic Boom", "Tackle", "Shock Wave", "Screech"]'::jsonb, 'Soundproof', NULL, NULL);
  INSERT INTO public.trainer_pokemon (trainer_id, pokemon_national_dex_id, level, slot_order, moves, ability, held_item, nature)
  VALUES (v_trainer_id, 25, 18, 2, '["Quick Attack", "Shock Wave", "Thunder Wave", "Double Team"]'::jsonb, 'Static', NULL, NULL);
  INSERT INTO public.trainer_pokemon (trainer_id, pokemon_national_dex_id, level, slot_order, moves, ability, held_item, nature)
  VALUES (v_trainer_id, 26, 24, 3, '["Shock Wave", "Quick Attack", "Thunder Wave", "Double Team"]'::jsonb, 'Static', NULL, NULL);
END $$;

-- Erika (Gym Leader)
DO $$
DECLARE
  v_trainer_id UUID;
  v_route_id UUID;
BEGIN
  SELECT id INTO v_route_id FROM public.routes WHERE slug = 'celadon-city' AND game_id = 'f6a7b8c9-d0e1-2345-fab6-789012345678';
  INSERT INTO public.trainers (route_id, name, trainer_class, is_boss, boss_type, level_cap, display_order, notes)
  VALUES (v_route_id, 'Erika', 'Gym Leader', true, 'gym_leader', 29, 1, 'Grass-type specialist. Rainbow Badge.')
  RETURNING id INTO v_trainer_id;

  INSERT INTO public.trainer_pokemon (trainer_id, pokemon_national_dex_id, level, slot_order, moves, ability, held_item, nature)
  VALUES (v_trainer_id, 71, 29, 1, '["Giga Drain", "Stun Spore", "Acid", "PoisonPowder"]'::jsonb, 'Chlorophyll', NULL, NULL);
  INSERT INTO public.trainer_pokemon (trainer_id, pokemon_national_dex_id, level, slot_order, moves, ability, held_item, nature)
  VALUES (v_trainer_id, 114, 24, 2, '["Giga Drain", "Ingrain", "Constrict", "PoisonPowder"]'::jsonb, 'Chlorophyll', NULL, NULL);
  INSERT INTO public.trainer_pokemon (trainer_id, pokemon_national_dex_id, level, slot_order, moves, ability, held_item, nature)
  VALUES (v_trainer_id, 45, 29, 3, '["Giga Drain", "Stun Spore", "Acid", "Sleep Powder"]'::jsonb, 'Chlorophyll', NULL, NULL);
END $$;

-- Koga (Gym Leader)
DO $$
DECLARE
  v_trainer_id UUID;
  v_route_id UUID;
BEGIN
  SELECT id INTO v_route_id FROM public.routes WHERE slug = 'fuchsia-city' AND game_id = 'f6a7b8c9-d0e1-2345-fab6-789012345678';
  INSERT INTO public.trainers (route_id, name, trainer_class, is_boss, boss_type, level_cap, display_order, notes)
  VALUES (v_route_id, 'Koga', 'Gym Leader', true, 'gym_leader', 43, 1, 'Poison-type specialist. Soul Badge.')
  RETURNING id INTO v_trainer_id;

  INSERT INTO public.trainer_pokemon (trainer_id, pokemon_national_dex_id, level, slot_order, moves, ability, held_item, nature)
  VALUES (v_trainer_id, 109, 37, 1, '["Self-Destruct", "Sludge", "Smokescreen", "Tackle"]'::jsonb, 'Levitate', NULL, NULL);
  INSERT INTO public.trainer_pokemon (trainer_id, pokemon_national_dex_id, level, slot_order, moves, ability, held_item, nature)
  VALUES (v_trainer_id, 89, 39, 2, '["Minimize", "Sludge", "Acid Armor", "Toxic"]'::jsonb, 'Stench', NULL, NULL);
  INSERT INTO public.trainer_pokemon (trainer_id, pokemon_national_dex_id, level, slot_order, moves, ability, held_item, nature)
  VALUES (v_trainer_id, 109, 37, 3, '["Self-Destruct", "Sludge", "Smokescreen", "Toxic"]'::jsonb, 'Levitate', NULL, NULL);
  INSERT INTO public.trainer_pokemon (trainer_id, pokemon_national_dex_id, level, slot_order, moves, ability, held_item, nature)
  VALUES (v_trainer_id, 110, 43, 4, '["Tackle", "Sludge", "Smokescreen", "Self-Destruct"]'::jsonb, 'Levitate', NULL, NULL);
END $$;

-- Sabrina (Gym Leader)
DO $$
DECLARE
  v_trainer_id UUID;
  v_route_id UUID;
BEGIN
  SELECT id INTO v_route_id FROM public.routes WHERE slug = 'saffron-city' AND game_id = 'f6a7b8c9-d0e1-2345-fab6-789012345678';
  INSERT INTO public.trainers (route_id, name, trainer_class, is_boss, boss_type, level_cap, display_order, notes)
  VALUES (v_route_id, 'Sabrina', 'Gym Leader', true, 'gym_leader', 43, 1, 'Psychic-type specialist. Marsh Badge.')
  RETURNING id INTO v_trainer_id;

  INSERT INTO public.trainer_pokemon (trainer_id, pokemon_national_dex_id, level, slot_order, moves, ability, held_item, nature)
  VALUES (v_trainer_id, 64, 38, 1, '["Psybeam", "Reflect", "Future Sight", "Calm Mind"]'::jsonb, 'Synchronize', NULL, NULL);
  INSERT INTO public.trainer_pokemon (trainer_id, pokemon_national_dex_id, level, slot_order, moves, ability, held_item, nature)
  VALUES (v_trainer_id, 122, 37, 2, '["Barrier", "Psybeam", "Baton Pass", "Calm Mind"]'::jsonb, 'Soundproof', NULL, NULL);
  INSERT INTO public.trainer_pokemon (trainer_id, pokemon_national_dex_id, level, slot_order, moves, ability, held_item, nature)
  VALUES (v_trainer_id, 49, 38, 3, '["Psybeam", "Gust", "Leech Life", "Supersonic"]'::jsonb, 'Shield Dust', NULL, NULL);
  INSERT INTO public.trainer_pokemon (trainer_id, pokemon_national_dex_id, level, slot_order, moves, ability, held_item, nature)
  VALUES (v_trainer_id, 65, 43, 4, '["Psychic", "Calm Mind", "Reflect", "Future Sight"]'::jsonb, 'Synchronize', NULL, NULL);
END $$;

-- Blaine (Gym Leader)
DO $$
DECLARE
  v_trainer_id UUID;
  v_route_id UUID;
BEGIN
  SELECT id INTO v_route_id FROM public.routes WHERE slug = 'cinnabar-island' AND game_id = 'f6a7b8c9-d0e1-2345-fab6-789012345678';
  INSERT INTO public.trainers (route_id, name, trainer_class, is_boss, boss_type, level_cap, display_order, notes)
  VALUES (v_route_id, 'Blaine', 'Gym Leader', true, 'gym_leader', 47, 1, 'Fire-type specialist. Volcano Badge.')
  RETURNING id INTO v_trainer_id;

  INSERT INTO public.trainer_pokemon (trainer_id, pokemon_national_dex_id, level, slot_order, moves, ability, held_item, nature)
  VALUES (v_trainer_id, 58, 42, 1, '["Fire Blast", "Take Down", "Flamethrower", "Roar"]'::jsonb, 'Intimidate', NULL, NULL);
  INSERT INTO public.trainer_pokemon (trainer_id, pokemon_national_dex_id, level, slot_order, moves, ability, held_item, nature)
  VALUES (v_trainer_id, 77, 40, 2, '["Fire Blast", "Stomp", "Fire Spin", "Bounce"]'::jsonb, 'Run Away', NULL, NULL);
  INSERT INTO public.trainer_pokemon (trainer_id, pokemon_national_dex_id, level, slot_order, moves, ability, held_item, nature)
  VALUES (v_trainer_id, 78, 42, 3, '["Fire Blast", "Stomp", "Bounce", "Fire Spin"]'::jsonb, 'Run Away', NULL, NULL);
  INSERT INTO public.trainer_pokemon (trainer_id, pokemon_national_dex_id, level, slot_order, moves, ability, held_item, nature)
  VALUES (v_trainer_id, 59, 47, 4, '["Fire Blast", "ExtremeSpeed", "Flamethrower", "Bite"]'::jsonb, 'Intimidate', NULL, NULL);
END $$;

-- Giovanni (Gym Leader)
DO $$
DECLARE
  v_trainer_id UUID;
  v_route_id UUID;
BEGIN
  SELECT id INTO v_route_id FROM public.routes WHERE slug = 'viridian-city-gym' AND game_id = 'f6a7b8c9-d0e1-2345-fab6-789012345678';
  INSERT INTO public.trainers (route_id, name, trainer_class, is_boss, boss_type, level_cap, display_order, notes)
  VALUES (v_route_id, 'Giovanni', 'Gym Leader', true, 'gym_leader', 50, 1, 'Ground-type specialist. Earth Badge.')
  RETURNING id INTO v_trainer_id;

  INSERT INTO public.trainer_pokemon (trainer_id, pokemon_national_dex_id, level, slot_order, moves, ability, held_item, nature)
  VALUES (v_trainer_id, 111, 45, 1, '["Earthquake", "Take Down", "Horn Drill", "Rock Blast"]'::jsonb, 'Lightning Rod', NULL, NULL);
  INSERT INTO public.trainer_pokemon (trainer_id, pokemon_national_dex_id, level, slot_order, moves, ability, held_item, nature)
  VALUES (v_trainer_id, 51, 42, 2, '["Earthquake", "Slash", "Sand Tomb", "Mud-Slap"]'::jsonb, 'Sand Veil', NULL, NULL);
  INSERT INTO public.trainer_pokemon (trainer_id, pokemon_national_dex_id, level, slot_order, moves, ability, held_item, nature)
  VALUES (v_trainer_id, 31, 44, 3, '["Earthquake", "Body Slam", "Double Kick", "Superpower"]'::jsonb, 'Poison Point', NULL, NULL);
  INSERT INTO public.trainer_pokemon (trainer_id, pokemon_national_dex_id, level, slot_order, moves, ability, held_item, nature)
  VALUES (v_trainer_id, 34, 45, 4, '["Earthquake", "Thrash", "Megahorn", "Shadow Ball"]'::jsonb, 'Poison Point', NULL, NULL);
  INSERT INTO public.trainer_pokemon (trainer_id, pokemon_national_dex_id, level, slot_order, moves, ability, held_item, nature)
  VALUES (v_trainer_id, 111, 50, 5, '["Earthquake", "Double Edge", "Megahorn", "Rock Blast"]'::jsonb, 'Lightning Rod', NULL, NULL);
END $$;

-- Rival (Rival)
DO $$
DECLARE
  v_trainer_id UUID;
  v_route_id UUID;
BEGIN
  SELECT id INTO v_route_id FROM public.routes WHERE slug = 'cerulean-city' AND game_id = 'f6a7b8c9-d0e1-2345-fab6-789012345678';
  INSERT INTO public.trainers (route_id, name, trainer_class, is_boss, boss_type, level_cap, display_order, notes)
  VALUES (v_route_id, 'Rival', 'Rival', true, 'rival', 18, 2, 'Team varies by starter. Shown for Bulbasaur starter.')
  RETURNING id INTO v_trainer_id;

  INSERT INTO public.trainer_pokemon (trainer_id, pokemon_national_dex_id, level, slot_order, moves, ability, held_item, nature)
  VALUES (v_trainer_id, 17, 17, 1, '["Gust", "Sand Attack", "Quick Attack", "Tackle"]'::jsonb, 'Keen Eye', NULL, NULL);
  INSERT INTO public.trainer_pokemon (trainer_id, pokemon_national_dex_id, level, slot_order, moves, ability, held_item, nature)
  VALUES (v_trainer_id, 63, 16, 2, '["Teleport"]'::jsonb, 'Synchronize', NULL, NULL);
  INSERT INTO public.trainer_pokemon (trainer_id, pokemon_national_dex_id, level, slot_order, moves, ability, held_item, nature)
  VALUES (v_trainer_id, 19, 15, 3, '["Tackle", "Quick Attack", "Hyper Fang", "Focus Energy"]'::jsonb, 'Run Away', NULL, NULL);
  INSERT INTO public.trainer_pokemon (trainer_id, pokemon_national_dex_id, level, slot_order, moves, ability, held_item, nature)
  VALUES (v_trainer_id, 5, 18, 4, '["Metal Claw", "Ember", "Rage", "Scratch"]'::jsonb, 'Blaze', NULL, NULL);
END $$;

-- Rival (Rival)
DO $$
DECLARE
  v_trainer_id UUID;
  v_route_id UUID;
BEGIN
  SELECT id INTO v_route_id FROM public.routes WHERE slug = 'route-22' AND game_id = 'f6a7b8c9-d0e1-2345-fab6-789012345678';
  INSERT INTO public.trainers (route_id, name, trainer_class, is_boss, boss_type, level_cap, display_order, notes)
  VALUES (v_route_id, 'Rival', 'Rival', true, 'rival', 53, 1, 'Late-game rival battle before Victory Road. Team varies by starter.')
  RETURNING id INTO v_trainer_id;

  INSERT INTO public.trainer_pokemon (trainer_id, pokemon_national_dex_id, level, slot_order, moves, ability, held_item, nature)
  VALUES (v_trainer_id, 18, 47, 1, '["Aerial Ace", "Feather Dance", "Quick Attack", "Whirlwind"]'::jsonb, 'Keen Eye', NULL, NULL);
  INSERT INTO public.trainer_pokemon (trainer_id, pokemon_national_dex_id, level, slot_order, moves, ability, held_item, nature)
  VALUES (v_trainer_id, 112, 45, 2, '["Earthquake", "Take Down", "Rock Tomb", "Scary Face"]'::jsonb, 'Lightning Rod', NULL, NULL);
  INSERT INTO public.trainer_pokemon (trainer_id, pokemon_national_dex_id, level, slot_order, moves, ability, held_item, nature)
  VALUES (v_trainer_id, 65, 47, 3, '["Psychic", "Future Sight", "Reflect", "Calm Mind"]'::jsonb, 'Synchronize', NULL, NULL);
  INSERT INTO public.trainer_pokemon (trainer_id, pokemon_national_dex_id, level, slot_order, moves, ability, held_item, nature)
  VALUES (v_trainer_id, 130, 45, 4, '["Hydro Pump", "Dragon Dance", "Bite", "Thrash"]'::jsonb, 'Intimidate', NULL, NULL);
  INSERT INTO public.trainer_pokemon (trainer_id, pokemon_national_dex_id, level, slot_order, moves, ability, held_item, nature)
  VALUES (v_trainer_id, 59, 45, 5, '["Fire Blast", "ExtremeSpeed", "Bite", "Roar"]'::jsonb, 'Intimidate', NULL, NULL);
  INSERT INTO public.trainer_pokemon (trainer_id, pokemon_national_dex_id, level, slot_order, moves, ability, held_item, nature)
  VALUES (v_trainer_id, 6, 53, 6, '["Fire Blast", "Slash", "Dragon Rage", "Flamethrower"]'::jsonb, 'Blaze', NULL, NULL);
END $$;

-- Lorelei (Elite Four)
DO $$
DECLARE
  v_trainer_id UUID;
  v_route_id UUID;
BEGIN
  SELECT id INTO v_route_id FROM public.routes WHERE slug = 'indigo-plateau' AND game_id = 'f6a7b8c9-d0e1-2345-fab6-789012345678';
  INSERT INTO public.trainers (route_id, name, trainer_class, is_boss, boss_type, level_cap, display_order, notes)
  VALUES (v_route_id, 'Lorelei', 'Elite Four', true, 'elite_four', 54, 1, 'Ice-type specialist. First of the Elite Four.')
  RETURNING id INTO v_trainer_id;

  INSERT INTO public.trainer_pokemon (trainer_id, pokemon_national_dex_id, level, slot_order, moves, ability, held_item, nature)
  VALUES (v_trainer_id, 87, 52, 1, '["Ice Beam", "Surf", "Hail", "Safeguard"]'::jsonb, 'Thick Fat', NULL, NULL);
  INSERT INTO public.trainer_pokemon (trainer_id, pokemon_national_dex_id, level, slot_order, moves, ability, held_item, nature)
  VALUES (v_trainer_id, 91, 51, 2, '["Ice Beam", "Surf", "Hail", "Supersonic"]'::jsonb, 'Shell Armor', NULL, NULL);
  INSERT INTO public.trainer_pokemon (trainer_id, pokemon_national_dex_id, level, slot_order, moves, ability, held_item, nature)
  VALUES (v_trainer_id, 80, 52, 3, '["Ice Beam", "Surf", "Yawn", "Amnesia"]'::jsonb, 'Own Tempo', NULL, NULL);
  INSERT INTO public.trainer_pokemon (trainer_id, pokemon_national_dex_id, level, slot_order, moves, ability, held_item, nature)
  VALUES (v_trainer_id, 124, 54, 4, '["Ice Punch", "Lovely Kiss", "Attract", "Double Slap"]'::jsonb, 'Oblivious', NULL, NULL);
  INSERT INTO public.trainer_pokemon (trainer_id, pokemon_national_dex_id, level, slot_order, moves, ability, held_item, nature)
  VALUES (v_trainer_id, 131, 54, 5, '["Ice Beam", "Surf", "Body Slam", "Confuse Ray"]'::jsonb, 'Water Absorb', NULL, NULL);
END $$;

-- Bruno (Elite Four)
DO $$
DECLARE
  v_trainer_id UUID;
  v_route_id UUID;
BEGIN
  SELECT id INTO v_route_id FROM public.routes WHERE slug = 'indigo-plateau' AND game_id = 'f6a7b8c9-d0e1-2345-fab6-789012345678';
  INSERT INTO public.trainers (route_id, name, trainer_class, is_boss, boss_type, level_cap, display_order, notes)
  VALUES (v_route_id, 'Bruno', 'Elite Four', true, 'elite_four', 56, 2, 'Fighting-type specialist. Second of the Elite Four.')
  RETURNING id INTO v_trainer_id;

  INSERT INTO public.trainer_pokemon (trainer_id, pokemon_national_dex_id, level, slot_order, moves, ability, held_item, nature)
  VALUES (v_trainer_id, 95, 51, 1, '["Earthquake", "Rock Tomb", "Iron Tail", "Roar"]'::jsonb, 'Rock Head', NULL, NULL);
  INSERT INTO public.trainer_pokemon (trainer_id, pokemon_national_dex_id, level, slot_order, moves, ability, held_item, nature)
  VALUES (v_trainer_id, 107, 53, 2, '["Sky Uppercut", "Mach Punch", "Rock Tomb", "Counter"]'::jsonb, 'Keen Eye', NULL, NULL);
  INSERT INTO public.trainer_pokemon (trainer_id, pokemon_national_dex_id, level, slot_order, moves, ability, held_item, nature)
  VALUES (v_trainer_id, 106, 53, 3, '["Mega Kick", "Foresight", "Brick Break", "Facade"]'::jsonb, 'Limber', NULL, NULL);
  INSERT INTO public.trainer_pokemon (trainer_id, pokemon_national_dex_id, level, slot_order, moves, ability, held_item, nature)
  VALUES (v_trainer_id, 95, 54, 4, '["Earthquake", "Double Edge", "Iron Tail", "Sand Tomb"]'::jsonb, 'Rock Head', NULL, NULL);
  INSERT INTO public.trainer_pokemon (trainer_id, pokemon_national_dex_id, level, slot_order, moves, ability, held_item, nature)
  VALUES (v_trainer_id, 68, 56, 5, '["Cross Chop", "Bulk Up", "Scary Face", "Rock Tomb"]'::jsonb, 'Guts', NULL, NULL);
END $$;

-- Agatha (Elite Four)
DO $$
DECLARE
  v_trainer_id UUID;
  v_route_id UUID;
BEGIN
  SELECT id INTO v_route_id FROM public.routes WHERE slug = 'indigo-plateau' AND game_id = 'f6a7b8c9-d0e1-2345-fab6-789012345678';
  INSERT INTO public.trainers (route_id, name, trainer_class, is_boss, boss_type, level_cap, display_order, notes)
  VALUES (v_route_id, 'Agatha', 'Elite Four', true, 'elite_four', 58, 3, 'Ghost-type specialist. Third of the Elite Four.')
  RETURNING id INTO v_trainer_id;

  INSERT INTO public.trainer_pokemon (trainer_id, pokemon_national_dex_id, level, slot_order, moves, ability, held_item, nature)
  VALUES (v_trainer_id, 94, 54, 1, '["Shadow Punch", "Confuse Ray", "Toxic", "Double Team"]'::jsonb, 'Levitate', NULL, NULL);
  INSERT INTO public.trainer_pokemon (trainer_id, pokemon_national_dex_id, level, slot_order, moves, ability, held_item, nature)
  VALUES (v_trainer_id, 42, 54, 2, '["Confuse Ray", "Air Cutter", "Poison Fang", "Bite"]'::jsonb, 'Inner Focus', NULL, NULL);
  INSERT INTO public.trainer_pokemon (trainer_id, pokemon_national_dex_id, level, slot_order, moves, ability, held_item, nature)
  VALUES (v_trainer_id, 93, 53, 3, '["Shadow Ball", "Hypnosis", "Dream Eater", "Mean Look"]'::jsonb, 'Levitate', NULL, NULL);
  INSERT INTO public.trainer_pokemon (trainer_id, pokemon_national_dex_id, level, slot_order, moves, ability, held_item, nature)
  VALUES (v_trainer_id, 24, 56, 4, '["Sludge Bomb", "Screech", "Iron Tail", "Bite"]'::jsonb, 'Intimidate', NULL, NULL);
  INSERT INTO public.trainer_pokemon (trainer_id, pokemon_national_dex_id, level, slot_order, moves, ability, held_item, nature)
  VALUES (v_trainer_id, 94, 58, 5, '["Shadow Ball", "Sludge Bomb", "Hypnosis", "Nightmare"]'::jsonb, 'Levitate', NULL, NULL);
END $$;

-- Lance (Elite Four)
DO $$
DECLARE
  v_trainer_id UUID;
  v_route_id UUID;
BEGIN
  SELECT id INTO v_route_id FROM public.routes WHERE slug = 'indigo-plateau' AND game_id = 'f6a7b8c9-d0e1-2345-fab6-789012345678';
  INSERT INTO public.trainers (route_id, name, trainer_class, is_boss, boss_type, level_cap, display_order, notes)
  VALUES (v_route_id, 'Lance', 'Elite Four', true, 'elite_four', 60, 4, 'Dragon-type specialist. Fourth of the Elite Four.')
  RETURNING id INTO v_trainer_id;

  INSERT INTO public.trainer_pokemon (trainer_id, pokemon_national_dex_id, level, slot_order, moves, ability, held_item, nature)
  VALUES (v_trainer_id, 130, 56, 1, '["Hyper Beam", "Dragon Rage", "Twister", "Bite"]'::jsonb, 'Intimidate', NULL, NULL);
  INSERT INTO public.trainer_pokemon (trainer_id, pokemon_national_dex_id, level, slot_order, moves, ability, held_item, nature)
  VALUES (v_trainer_id, 148, 54, 2, '["Hyper Beam", "Dragon Rage", "Outrage", "Thunder Wave"]'::jsonb, 'Shed Skin', NULL, NULL);
  INSERT INTO public.trainer_pokemon (trainer_id, pokemon_national_dex_id, level, slot_order, moves, ability, held_item, nature)
  VALUES (v_trainer_id, 148, 54, 3, '["Hyper Beam", "Dragon Rage", "Outrage", "Safeguard"]'::jsonb, 'Shed Skin', NULL, NULL);
  INSERT INTO public.trainer_pokemon (trainer_id, pokemon_national_dex_id, level, slot_order, moves, ability, held_item, nature)
  VALUES (v_trainer_id, 142, 58, 4, '["Hyper Beam", "Ancient Power", "Wing Attack", "Scary Face"]'::jsonb, 'Rock Head', NULL, NULL);
  INSERT INTO public.trainer_pokemon (trainer_id, pokemon_national_dex_id, level, slot_order, moves, ability, held_item, nature)
  VALUES (v_trainer_id, 149, 60, 5, '["Hyper Beam", "Outrage", "Wing Attack", "Safeguard"]'::jsonb, 'Inner Focus', NULL, NULL);
END $$;

-- Blue (Champion)
DO $$
DECLARE
  v_trainer_id UUID;
  v_route_id UUID;
BEGIN
  SELECT id INTO v_route_id FROM public.routes WHERE slug = 'indigo-plateau' AND game_id = 'f6a7b8c9-d0e1-2345-fab6-789012345678';
  INSERT INTO public.trainers (route_id, name, trainer_class, is_boss, boss_type, level_cap, display_order, notes)
  VALUES (v_route_id, 'Blue', 'Champion', true, 'champion', 61, 5, 'Champion''s team varies by starter. This is the Squirtle starter version.')
  RETURNING id INTO v_trainer_id;

  INSERT INTO public.trainer_pokemon (trainer_id, pokemon_national_dex_id, level, slot_order, moves, ability, held_item, nature)
  VALUES (v_trainer_id, 18, 59, 1, '["Aerial Ace", "Feather Dance", "Sand Attack", "Whirlwind"]'::jsonb, 'Keen Eye', NULL, NULL);
  INSERT INTO public.trainer_pokemon (trainer_id, pokemon_national_dex_id, level, slot_order, moves, ability, held_item, nature)
  VALUES (v_trainer_id, 65, 57, 2, '["Psychic", "Future Sight", "Reflect", "Calm Mind"]'::jsonb, 'Synchronize', NULL, NULL);
  INSERT INTO public.trainer_pokemon (trainer_id, pokemon_national_dex_id, level, slot_order, moves, ability, held_item, nature)
  VALUES (v_trainer_id, 112, 59, 3, '["Earthquake", "Take Down", "Rock Tomb", "Scary Face"]'::jsonb, 'Lightning Rod', NULL, NULL);
  INSERT INTO public.trainer_pokemon (trainer_id, pokemon_national_dex_id, level, slot_order, moves, ability, held_item, nature)
  VALUES (v_trainer_id, 130, 58, 4, '["Hyper Beam", "Dragon Dance", "Earthquake", "Thrash"]'::jsonb, 'Intimidate', NULL, NULL);
  INSERT INTO public.trainer_pokemon (trainer_id, pokemon_national_dex_id, level, slot_order, moves, ability, held_item, nature)
  VALUES (v_trainer_id, 59, 59, 5, '["Fire Blast", "ExtremeSpeed", "Bite", "Roar"]'::jsonb, 'Intimidate', NULL, NULL);
  INSERT INTO public.trainer_pokemon (trainer_id, pokemon_national_dex_id, level, slot_order, moves, ability, held_item, nature)
  VALUES (v_trainer_id, 103, 61, 6, '["Giga Drain", "Sleep Powder", "Egg Bomb", "Light Screen"]'::jsonb, 'Chlorophyll', NULL, NULL);
END $$;

-- Update total_routes count
UPDATE public.games SET total_routes = 50 WHERE id = 'f6a7b8c9-d0e1-2345-fab6-789012345678';
-- ===========================================
-- POKEMON RUBY: COMPLETE GAME DATA
-- Official Pokemon Game
-- Gen 3, Hoenn region
-- ===========================================
-- Game ID: a7b8c9d0-e1f2-3456-ab67-890123456789
-- ===========================================

-- STEP 1: Insert the game
INSERT INTO public.games (id, slug, name, generation, region, base_game_slug, is_romhack, sprite_url, total_routes, description)
VALUES (
  'a7b8c9d0-e1f2-3456-ab67-890123456789',
  'pokemon-ruby',
  'Pokemon Ruby',
  3,
  'Hoenn',
  NULL,
  false,
  'https://raw.githubusercontent.com/PokeAPI/sprites/master/sprites/pokemon/383.png',
  66,
  'Pokemon Ruby Version for Game Boy Advance. Set in the Hoenn region with Team Magma as the villains.'
);

-- ===========================================
-- STEP 2: ALL ROUTES (66 total)
-- ===========================================

INSERT INTO public.routes (game_id, name, slug, display_order, route_type, has_encounters, has_trainers, has_items, notes) VALUES
('a7b8c9d0-e1f2-3456-ab67-890123456789', 'Littleroot Town', 'littleroot-town', 1, 'city', true, false, false, 'Starter town. Choose Treecko, Torchic, or Mudkip.'),
('a7b8c9d0-e1f2-3456-ab67-890123456789', 'Route 101', 'route-101', 2, 'route', true, false, false, NULL),
('a7b8c9d0-e1f2-3456-ab67-890123456789', 'Oldale Town', 'oldale-town', 3, 'city', false, false, true, NULL),
('a7b8c9d0-e1f2-3456-ab67-890123456789', 'Route 103', 'route-103', 4, 'route', true, true, false, NULL),
('a7b8c9d0-e1f2-3456-ab67-890123456789', 'Route 102', 'route-102', 5, 'route', true, true, true, NULL),
('a7b8c9d0-e1f2-3456-ab67-890123456789', 'Petalburg City', 'petalburg-city', 6, 'city', false, false, true, NULL),
('a7b8c9d0-e1f2-3456-ab67-890123456789', 'Route 104 (South)', 'route-104-south', 7, 'route', true, true, true, NULL),
('a7b8c9d0-e1f2-3456-ab67-890123456789', 'Petalburg Woods', 'petalburg-woods', 8, 'cave', true, true, true, NULL),
('a7b8c9d0-e1f2-3456-ab67-890123456789', 'Route 104 (North)', 'route-104-north', 9, 'route', true, true, true, NULL),
('a7b8c9d0-e1f2-3456-ab67-890123456789', 'Rustboro City', 'rustboro-city', 10, 'city', false, true, true, 'Gym Leader Roxanne. Rock-type specialist.'),
('a7b8c9d0-e1f2-3456-ab67-890123456789', 'Route 116', 'route-116', 11, 'route', true, true, true, NULL),
('a7b8c9d0-e1f2-3456-ab67-890123456789', 'Rusturf Tunnel', 'rusturf-tunnel', 12, 'cave', true, false, true, NULL),
('a7b8c9d0-e1f2-3456-ab67-890123456789', 'Route 105', 'route-105', 13, 'water', true, true, false, NULL),
('a7b8c9d0-e1f2-3456-ab67-890123456789', 'Dewford Town', 'dewford-town', 14, 'city', false, true, true, 'Gym Leader Brawly. Fighting-type specialist.'),
('a7b8c9d0-e1f2-3456-ab67-890123456789', 'Granite Cave', 'granite-cave', 15, 'cave', true, false, true, NULL),
('a7b8c9d0-e1f2-3456-ab67-890123456789', 'Route 106', 'route-106', 16, 'water', true, true, false, NULL),
('a7b8c9d0-e1f2-3456-ab67-890123456789', 'Route 107', 'route-107', 17, 'water', true, true, false, NULL),
('a7b8c9d0-e1f2-3456-ab67-890123456789', 'Route 108', 'route-108', 18, 'water', true, true, false, NULL),
('a7b8c9d0-e1f2-3456-ab67-890123456789', 'Route 109', 'route-109', 19, 'water', true, true, false, NULL),
('a7b8c9d0-e1f2-3456-ab67-890123456789', 'Slateport City', 'slateport-city', 20, 'city', false, false, true, NULL),
('a7b8c9d0-e1f2-3456-ab67-890123456789', 'Route 110', 'route-110', 21, 'route', true, true, true, 'Cycling Road. Rival battle here.'),
('a7b8c9d0-e1f2-3456-ab67-890123456789', 'Mauville City', 'mauville-city', 22, 'city', false, true, true, 'Gym Leader Wattson. Electric-type specialist.'),
('a7b8c9d0-e1f2-3456-ab67-890123456789', 'Route 117', 'route-117', 23, 'route', true, true, true, NULL),
('a7b8c9d0-e1f2-3456-ab67-890123456789', 'Verdanturf Town', 'verdanturf-town', 24, 'city', false, false, true, NULL),
('a7b8c9d0-e1f2-3456-ab67-890123456789', 'Route 111', 'route-111', 25, 'route', true, true, true, 'Features a desert area accessible with Go-Goggles.'),
('a7b8c9d0-e1f2-3456-ab67-890123456789', 'Route 112', 'route-112', 26, 'route', true, true, false, NULL),
('a7b8c9d0-e1f2-3456-ab67-890123456789', 'Fiery Path', 'fiery-path', 27, 'cave', true, false, true, NULL),
('a7b8c9d0-e1f2-3456-ab67-890123456789', 'Route 113', 'route-113', 28, 'route', true, true, true, 'Ash-covered route.'),
('a7b8c9d0-e1f2-3456-ab67-890123456789', 'Fallarbor Town', 'fallarbor-town', 29, 'city', false, false, true, NULL),
('a7b8c9d0-e1f2-3456-ab67-890123456789', 'Route 114', 'route-114', 30, 'route', true, true, true, NULL),
('a7b8c9d0-e1f2-3456-ab67-890123456789', 'Meteor Falls', 'meteor-falls', 31, 'cave', true, false, true, NULL),
('a7b8c9d0-e1f2-3456-ab67-890123456789', 'Route 115', 'route-115', 32, 'route', true, true, false, NULL),
('a7b8c9d0-e1f2-3456-ab67-890123456789', 'Mt. Chimney', 'mt-chimney', 33, 'special', false, true, false, 'Team confrontation at the summit.'),
('a7b8c9d0-e1f2-3456-ab67-890123456789', 'Jagged Pass', 'jagged-pass', 34, 'route', true, true, false, NULL),
('a7b8c9d0-e1f2-3456-ab67-890123456789', 'Lavaridge Town', 'lavaridge-town', 35, 'city', false, true, true, 'Gym Leader Flannery. Fire-type specialist.'),
('a7b8c9d0-e1f2-3456-ab67-890123456789', 'Petalburg City Gym', 'petalburg-city-gym', 36, 'building', false, true, false, 'Gym Leader Norman. Normal-type specialist.'),
('a7b8c9d0-e1f2-3456-ab67-890123456789', 'Route 118', 'route-118', 37, 'route', true, true, false, 'Requires Surf.'),
('a7b8c9d0-e1f2-3456-ab67-890123456789', 'Route 119', 'route-119', 38, 'route', true, true, true, 'Weather Institute.'),
('a7b8c9d0-e1f2-3456-ab67-890123456789', 'Fortree City', 'fortree-city', 39, 'city', false, true, true, 'Gym Leader Winona. Flying-type specialist.'),
('a7b8c9d0-e1f2-3456-ab67-890123456789', 'Route 120', 'route-120', 40, 'route', true, true, true, NULL),
('a7b8c9d0-e1f2-3456-ab67-890123456789', 'Route 121', 'route-121', 41, 'route', true, true, false, NULL),
('a7b8c9d0-e1f2-3456-ab67-890123456789', 'Mt. Pyre', 'mt-pyre', 42, 'cave', true, true, true, NULL),
('a7b8c9d0-e1f2-3456-ab67-890123456789', 'Route 122', 'route-122', 43, 'water', true, false, false, NULL),
('a7b8c9d0-e1f2-3456-ab67-890123456789', 'Lilycove City', 'lilycove-city', 44, 'city', false, false, true, NULL),
('a7b8c9d0-e1f2-3456-ab67-890123456789', 'Route 123', 'route-123', 45, 'route', true, true, true, NULL),
('a7b8c9d0-e1f2-3456-ab67-890123456789', 'Route 124', 'route-124', 46, 'water', true, true, false, NULL),
('a7b8c9d0-e1f2-3456-ab67-890123456789', 'Mossdeep City', 'mossdeep-city', 47, 'city', false, true, true, 'Gym Leaders Tate & Liza. Psychic-type specialists.'),
('a7b8c9d0-e1f2-3456-ab67-890123456789', 'Route 125', 'route-125', 48, 'water', true, true, false, NULL),
('a7b8c9d0-e1f2-3456-ab67-890123456789', 'Shoal Cave', 'shoal-cave', 49, 'cave', true, false, true, 'Tidal cave. Changes with tides.'),
('a7b8c9d0-e1f2-3456-ab67-890123456789', 'Route 126', 'route-126', 50, 'water', true, false, false, NULL),
('a7b8c9d0-e1f2-3456-ab67-890123456789', 'Route 127', 'route-127', 51, 'water', true, true, false, NULL),
('a7b8c9d0-e1f2-3456-ab67-890123456789', 'Route 128', 'route-128', 52, 'water', true, true, false, NULL),
('a7b8c9d0-e1f2-3456-ab67-890123456789', 'Seafloor Cavern', 'seafloor-cavern', 53, 'cave', true, true, false, NULL),
('a7b8c9d0-e1f2-3456-ab67-890123456789', 'Sootopolis City', 'sootopolis-city', 54, 'city', false, true, true, 'Gym Leader Wallace. Water-type specialist.'),
('a7b8c9d0-e1f2-3456-ab67-890123456789', 'Route 129', 'route-129', 55, 'water', true, false, false, NULL),
('a7b8c9d0-e1f2-3456-ab67-890123456789', 'Route 130', 'route-130', 56, 'water', true, false, false, NULL),
('a7b8c9d0-e1f2-3456-ab67-890123456789', 'Route 131', 'route-131', 57, 'water', true, false, false, NULL),
('a7b8c9d0-e1f2-3456-ab67-890123456789', 'Pacifidlog Town', 'pacifidlog-town', 58, 'city', false, false, true, NULL),
('a7b8c9d0-e1f2-3456-ab67-890123456789', 'Route 132', 'route-132', 59, 'water', true, false, false, NULL),
('a7b8c9d0-e1f2-3456-ab67-890123456789', 'Route 133', 'route-133', 60, 'water', true, false, false, NULL),
('a7b8c9d0-e1f2-3456-ab67-890123456789', 'Route 134', 'route-134', 61, 'water', true, false, false, NULL),
('a7b8c9d0-e1f2-3456-ab67-890123456789', 'Ever Grande City', 'ever-grande-city', 62, 'city', false, false, false, NULL),
('a7b8c9d0-e1f2-3456-ab67-890123456789', 'Victory Road', 'victory-road', 63, 'cave', true, true, true, NULL),
('a7b8c9d0-e1f2-3456-ab67-890123456789', 'Pokemon League', 'pokemon-league', 64, 'building', false, true, false, 'Elite Four and Champion Steven.'),
('a7b8c9d0-e1f2-3456-ab67-890123456789', 'New Mauville', 'new-mauville', 65, 'building', true, false, true, 'Electric-type Pokemon.'),
('a7b8c9d0-e1f2-3456-ab67-890123456789', 'Sky Pillar', 'sky-pillar', 66, 'building', true, false, false, 'Rayquaza at the top.');

-- ===========================================
-- STEP 3: STARTER POKEMON
-- ===========================================

INSERT INTO public.encounters (route_id, pokemon_national_dex_id, method, encounter_rate, level_min, level_max)
SELECT r.id, 252, 'gift', NULL, 5, 5
FROM public.routes r WHERE r.slug = 'littleroot-town' AND r.game_id = 'a7b8c9d0-e1f2-3456-ab67-890123456789';

INSERT INTO public.encounters (route_id, pokemon_national_dex_id, method, encounter_rate, level_min, level_max)
SELECT r.id, 255, 'gift', NULL, 5, 5
FROM public.routes r WHERE r.slug = 'littleroot-town' AND r.game_id = 'a7b8c9d0-e1f2-3456-ab67-890123456789';

INSERT INTO public.encounters (route_id, pokemon_national_dex_id, method, encounter_rate, level_min, level_max)
SELECT r.id, 258, 'gift', NULL, 5, 5
FROM public.routes r WHERE r.slug = 'littleroot-town' AND r.game_id = 'a7b8c9d0-e1f2-3456-ab67-890123456789';

-- ===========================================
-- STEP 4: ENCOUNTER DATA (472 total)
-- ===========================================

CREATE TEMP TABLE _enc (slug TEXT, dex INT, method TEXT, rate DECIMAL(5,2), lmin INT, lmax INT, cond TEXT, ver_excl TEXT);
INSERT INTO _enc VALUES
('route-101', 252, 'gift', 100.00, 5, 5, NULL, NULL),
('route-101', 255, 'gift', 100.00, 5, 5, NULL, NULL),
('route-101', 258, 'gift', 100.00, 5, 5, NULL, NULL),
('route-101', 261, 'walking', 10.00, 2, 3, NULL, NULL),
('route-101', 263, 'walking', 45.00, 2, 3, NULL, NULL),
('route-101', 265, 'walking', 45.00, 2, 3, NULL, NULL),
('route-103', 72, 'fishing_good', 20.00, 10, 30, NULL, NULL),
('route-103', 72, 'fishing_old', 30.00, 5, 10, NULL, NULL),
('route-103', 72, 'surfing', 60.00, 5, 35, NULL, NULL),
('route-103', 129, 'fishing_good', 60.00, 10, 30, NULL, NULL),
('route-103', 129, 'fishing_old', 70.00, 5, 10, NULL, NULL),
('route-103', 261, 'walking', 30.00, 2, 4, NULL, NULL),
('route-103', 263, 'walking', 60.00, 2, 4, NULL, NULL),
('route-103', 278, 'surfing', 35.00, 10, 30, NULL, NULL),
('route-103', 278, 'walking', 10.00, 2, 4, NULL, NULL),
('route-103', 279, 'surfing', 5.00, 25, 30, NULL, NULL),
('route-103', 319, 'fishing_super', 40.00, 30, 35, NULL, NULL),
('route-103', 320, 'fishing_good', 20.00, 10, 30, NULL, NULL),
('route-103', 320, 'fishing_super', 60.00, 25, 45, NULL, NULL),
('route-102', 118, 'fishing_good', 20.00, 10, 30, NULL, NULL),
('route-102', 118, 'fishing_old', 30.00, 5, 10, NULL, NULL),
('route-102', 129, 'fishing_good', 60.00, 10, 30, NULL, NULL),
('route-102', 129, 'fishing_old', 70.00, 5, 10, NULL, NULL),
('route-102', 183, 'surfing', 99.00, 5, 35, NULL, NULL),
('route-102', 261, 'walking', 15.00, 3, 4, NULL, NULL),
('route-102', 263, 'walking', 30.00, 3, 4, NULL, NULL),
('route-102', 265, 'walking', 30.00, 3, 4, NULL, NULL),
('route-102', 273, 'walking', 20.00, 3, 4, NULL, NULL),
('route-102', 280, 'walking', 4.00, 4, 4, NULL, NULL),
('route-102', 283, 'surfing', 1.00, 20, 30, NULL, NULL),
('route-102', 283, 'walking', 1.00, 3, 3, NULL, NULL),
('route-102', 341, 'fishing_good', 20.00, 10, 30, NULL, NULL),
('route-102', 341, 'fishing_super', 100.00, 20, 45, NULL, NULL),
('route-104-south', 129, 'fishing_good', 100.00, 10, 30, NULL, NULL),
('route-104-south', 129, 'fishing_old', 100.00, 5, 10, NULL, NULL),
('route-104-south', 129, 'fishing_super', 100.00, 20, 45, NULL, NULL),
('route-104-south', 263, 'walking', 50.00, 4, 5, NULL, NULL),
('route-104-south', 265, 'walking', 30.00, 4, 5, NULL, NULL),
('route-104-south', 276, 'walking', 10.00, 4, 5, NULL, NULL),
('route-104-south', 278, 'surfing', 95.00, 10, 30, NULL, NULL),
('route-104-south', 278, 'walking', 10.00, 3, 5, NULL, NULL),
('route-104-south', 279, 'surfing', 5.00, 25, 30, NULL, NULL),
('petalburg-woods', 263, 'walking', 30.00, 5, 6, NULL, NULL),
('petalburg-woods', 265, 'walking', 25.00, 5, 6, NULL, NULL),
('petalburg-woods', 266, 'walking', 10.00, 5, 5, NULL, NULL),
('petalburg-woods', 268, 'walking', 10.00, 5, 5, NULL, NULL),
('petalburg-woods', 276, 'walking', 5.00, 5, 6, NULL, NULL),
('petalburg-woods', 285, 'walking', 15.00, 5, 6, NULL, NULL),
('petalburg-woods', 287, 'walking', 5.00, 5, 6, NULL, NULL),
('route-116', 263, 'walking', 28.00, 6, 8, NULL, NULL),
('route-116', 276, 'walking', 20.00, 6, 8, NULL, NULL),
('route-116', 290, 'walking', 20.00, 6, 7, NULL, NULL),
('route-116', 293, 'walking', 30.00, 6, 7, NULL, NULL),
('route-116', 300, 'walking', 2.00, 7, 8, NULL, NULL),
('rusturf-tunnel', 293, 'walking', 100.00, 5, 8, NULL, NULL),
('route-105', 72, 'fishing_good', 20.00, 10, 30, NULL, NULL),
('route-105', 72, 'fishing_old', 30.00, 5, 10, NULL, NULL),
('route-105', 72, 'surfing', 60.00, 5, 35, NULL, NULL),
('route-105', 129, 'fishing_good', 60.00, 10, 30, NULL, NULL),
('route-105', 129, 'fishing_old', 70.00, 5, 10, NULL, NULL),
('route-105', 278, 'surfing', 35.00, 10, 30, NULL, NULL),
('route-105', 279, 'surfing', 5.00, 25, 30, NULL, NULL),
('route-105', 320, 'fishing_good', 20.00, 10, 30, NULL, NULL),
('route-105', 320, 'fishing_super', 100.00, 20, 45, NULL, NULL),
('granite-cave', 41, 'walking', 90.00, 7, 11, NULL, NULL),
('granite-cave', 63, 'walking', 30.00, 8, 10, NULL, NULL),
('granite-cave', 74, 'walking', 10.00, 6, 9, NULL, NULL),
('granite-cave', 296, 'walking', 60.00, 6, 11, NULL, NULL),
('granite-cave', 303, 'walking', 30.00, 9, 12, NULL, NULL),
('granite-cave', 304, 'walking', 80.00, 9, 12, NULL, NULL),
('granite-cave', 74, 'rock_smash', 70.00, 5, 20, NULL, NULL),
('granite-cave', 299, 'rock_smash', 30.00, 10, 20, NULL, NULL),
('route-106', 72, 'fishing_good', 20.00, 10, 30, NULL, NULL),
('route-106', 72, 'fishing_old', 30.00, 5, 10, NULL, NULL),
('route-106', 72, 'surfing', 60.00, 5, 35, NULL, NULL),
('route-106', 129, 'fishing_good', 60.00, 10, 30, NULL, NULL),
('route-106', 129, 'fishing_old', 70.00, 5, 10, NULL, NULL),
('route-106', 278, 'surfing', 35.00, 10, 30, NULL, NULL),
('route-106', 279, 'surfing', 5.00, 25, 30, NULL, NULL),
('route-106', 320, 'fishing_good', 20.00, 10, 30, NULL, NULL),
('route-106', 320, 'fishing_super', 100.00, 20, 45, NULL, NULL),
('route-107', 72, 'fishing_good', 20.00, 10, 30, NULL, NULL),
('route-107', 72, 'fishing_old', 30.00, 5, 10, NULL, NULL),
('route-107', 72, 'surfing', 60.00, 5, 35, NULL, NULL),
('route-107', 129, 'fishing_good', 60.00, 10, 30, NULL, NULL),
('route-107', 129, 'fishing_old', 70.00, 5, 10, NULL, NULL),
('route-107', 278, 'surfing', 35.00, 10, 30, NULL, NULL),
('route-107', 279, 'surfing', 5.00, 25, 30, NULL, NULL),
('route-107', 320, 'fishing_good', 20.00, 10, 30, NULL, NULL),
('route-107', 320, 'fishing_super', 100.00, 20, 45, NULL, NULL),
('route-108', 72, 'fishing_good', 20.00, 10, 30, NULL, NULL),
('route-108', 72, 'fishing_old', 30.00, 5, 10, NULL, NULL),
('route-108', 72, 'surfing', 60.00, 5, 35, NULL, NULL),
('route-108', 129, 'fishing_good', 60.00, 10, 30, NULL, NULL),
('route-108', 129, 'fishing_old', 70.00, 5, 10, NULL, NULL),
('route-108', 278, 'surfing', 35.00, 10, 30, NULL, NULL),
('route-108', 279, 'surfing', 5.00, 25, 30, NULL, NULL),
('route-108', 320, 'fishing_good', 20.00, 10, 30, NULL, NULL),
('route-108', 320, 'fishing_super', 100.00, 20, 45, NULL, NULL),
('route-109', 72, 'fishing_good', 20.00, 10, 30, NULL, NULL),
('route-109', 72, 'fishing_old', 30.00, 5, 10, NULL, NULL),
('route-109', 72, 'surfing', 60.00, 5, 35, NULL, NULL),
('route-109', 129, 'fishing_good', 60.00, 10, 30, NULL, NULL),
('route-109', 129, 'fishing_old', 70.00, 5, 10, NULL, NULL),
('route-109', 278, 'surfing', 35.00, 10, 30, NULL, NULL),
('route-109', 279, 'surfing', 5.00, 25, 30, NULL, NULL),
('route-109', 320, 'fishing_good', 20.00, 10, 30, NULL, NULL),
('route-109', 320, 'fishing_super', 100.00, 20, 45, NULL, NULL),
('route-110', 43, 'walking', 10.00, 13, 13, NULL, NULL),
('route-110', 72, 'fishing_good', 20.00, 10, 30, NULL, NULL),
('route-110', 72, 'fishing_old', 30.00, 5, 10, NULL, NULL),
('route-110', 72, 'surfing', 60.00, 5, 35, NULL, NULL),
('route-110', 129, 'fishing_good', 60.00, 10, 30, NULL, NULL),
('route-110', 129, 'fishing_old', 70.00, 5, 10, NULL, NULL),
('route-110', 263, 'walking', 20.00, 12, 12, NULL, NULL),
('route-110', 278, 'surfing', 35.00, 10, 30, NULL, NULL),
('route-110', 278, 'walking', 8.00, 12, 12, NULL, NULL),
('route-110', 279, 'surfing', 5.00, 25, 30, NULL, NULL),
('route-110', 309, 'walking', 30.00, 12, 13, NULL, NULL),
('route-110', 311, 'walking', 2.00, 12, 13, NULL, NULL),
('route-110', 312, 'walking', 15.00, 13, 13, NULL, NULL),
('route-110', 316, 'walking', 15.00, 12, 13, NULL, NULL),
('route-110', 320, 'fishing_good', 20.00, 10, 30, NULL, NULL),
('route-110', 320, 'fishing_super', 100.00, 20, 45, NULL, NULL),
('route-117', 43, 'walking', 10.00, 13, 13, NULL, NULL),
('route-117', 118, 'fishing_good', 20.00, 10, 30, NULL, NULL),
('route-117', 118, 'fishing_old', 30.00, 5, 10, NULL, NULL),
('route-117', 129, 'fishing_good', 60.00, 10, 30, NULL, NULL),
('route-117', 129, 'fishing_old', 70.00, 5, 10, NULL, NULL),
('route-117', 183, 'surfing', 99.00, 5, 35, NULL, NULL),
('route-117', 183, 'walking', 10.00, 13, 13, NULL, NULL),
('route-117', 263, 'walking', 30.00, 13, 14, NULL, NULL),
('route-117', 283, 'surfing', 1.00, 20, 30, NULL, NULL),
('route-117', 283, 'walking', 1.00, 13, 13, NULL, NULL),
('route-117', 313, 'walking', 1.00, 13, 13, NULL, NULL),
('route-117', 314, 'walking', 18.00, 13, 14, NULL, NULL),
('route-117', 315, 'walking', 30.00, 13, 14, NULL, NULL),
('route-117', 341, 'fishing_good', 20.00, 10, 30, NULL, NULL),
('route-117', 341, 'fishing_super', 100.00, 20, 45, NULL, NULL),
('route-111', 27, 'walking', 35.00, 19, 21, NULL, NULL),
('route-111', 74, 'rock_smash', 100.00, 5, 20, NULL, NULL),
('route-111', 118, 'fishing_good', 20.00, 10, 30, NULL, NULL),
('route-111', 118, 'fishing_old', 30.00, 5, 10, NULL, NULL),
('route-111', 129, 'fishing_good', 60.00, 10, 30, NULL, NULL),
('route-111', 129, 'fishing_old', 70.00, 5, 10, NULL, NULL),
('route-111', 183, 'surfing', 99.00, 5, 35, NULL, NULL),
('route-111', 283, 'surfing', 1.00, 20, 30, NULL, NULL),
('route-111', 328, 'walking', 35.00, 19, 21, NULL, NULL),
('route-111', 331, 'walking', 20.00, 19, 21, NULL, NULL),
('route-111', 339, 'fishing_good', 20.00, 10, 30, NULL, NULL),
('route-111', 339, 'fishing_super', 100.00, 20, 45, NULL, NULL),
('route-111', 343, 'walking', 10.00, 20, 22, NULL, NULL),
('route-112', 66, 'walking', 25.00, 14, 16, NULL, NULL),
('route-112', 322, 'walking', 75.00, 14, 16, NULL, NULL),
('fiery-path', 66, 'walking', 15.00, 15, 16, NULL, NULL),
('fiery-path', 88, 'walking', 2.00, 14, 14, NULL, NULL),
('fiery-path', 109, 'walking', 25.00, 15, 16, NULL, NULL),
('fiery-path', 218, 'walking', 10.00, 15, 15, NULL, NULL),
('fiery-path', 322, 'walking', 30.00, 15, 16, NULL, NULL),
('fiery-path', 324, 'walking', 18.00, 14, 16, NULL, NULL),
('route-113', 27, 'walking', 25.00, 14, 16, NULL, NULL),
('route-113', 227, 'walking', 5.00, 16, 16, NULL, NULL),
('route-113', 327, 'walking', 70.00, 14, 16, NULL, NULL),
('route-114', 74, 'rock_smash', 100.00, 5, 20, NULL, NULL),
('route-114', 118, 'fishing_good', 20.00, 10, 30, NULL, NULL),
('route-114', 118, 'fishing_old', 30.00, 5, 10, NULL, NULL),
('route-114', 129, 'fishing_good', 60.00, 10, 30, NULL, NULL),
('route-114', 129, 'fishing_old', 70.00, 5, 10, NULL, NULL),
('route-114', 183, 'surfing', 99.00, 5, 35, NULL, NULL),
('route-114', 273, 'walking', 30.00, 15, 16, NULL, NULL),
('route-114', 274, 'walking', 10.00, 16, 18, NULL, NULL),
('route-114', 283, 'surfing', 1.00, 20, 30, NULL, NULL),
('route-114', 283, 'walking', 1.00, 15, 15, NULL, NULL),
('route-114', 333, 'walking', 40.00, 15, 17, NULL, NULL),
('route-114', 335, 'walking', 19.00, 15, 17, NULL, NULL),
('route-114', 339, 'fishing_good', 20.00, 10, 30, NULL, NULL),
('route-114', 339, 'fishing_super', 100.00, 20, 45, NULL, NULL),
('meteor-falls', 41, 'surfing', 90.00, 5, 35, NULL, NULL),
('meteor-falls', 41, 'walking', 80.00, 14, 20, NULL, NULL),
('meteor-falls', 118, 'fishing_good', 60.00, 10, 30, NULL, NULL),
('meteor-falls', 118, 'fishing_old', 90.00, 5, 10, NULL, NULL),
('meteor-falls', 129, 'fishing_good', 180.00, 10, 30, NULL, NULL),
('meteor-falls', 129, 'fishing_old', 210.00, 5, 10, NULL, NULL),
('meteor-falls', 338, 'surfing', 30.00, 5, 35, NULL, NULL),
('meteor-falls', 338, 'walking', 90.00, 14, 39, NULL, NULL),
('meteor-falls', 339, 'fishing_good', 60.00, 10, 30, NULL, NULL),
('meteor-falls', 339, 'fishing_super', 260.00, 20, 45, NULL, NULL),
('meteor-falls', 42, 'surfing', 180.00, 30, 35, NULL, NULL),
('meteor-falls', 42, 'walking', 130.00, 33, 40, NULL, NULL),
('meteor-falls', 340, 'fishing_super', 40.00, 30, 45, NULL, NULL),
('route-115', 39, 'walking', 10.00, 24, 25, NULL, NULL),
('route-115', 72, 'fishing_good', 20.00, 10, 30, NULL, NULL),
('route-115', 72, 'fishing_old', 30.00, 5, 10, NULL, NULL),
('route-115', 72, 'surfing', 60.00, 5, 35, NULL, NULL),
('route-115', 129, 'fishing_good', 60.00, 10, 30, NULL, NULL),
('route-115', 129, 'fishing_old', 70.00, 5, 10, NULL, NULL),
('route-115', 276, 'walking', 40.00, 23, 25, NULL, NULL),
('route-115', 277, 'walking', 10.00, 25, 25, NULL, NULL),
('route-115', 278, 'surfing', 35.00, 10, 30, NULL, NULL),
('route-115', 278, 'walking', 10.00, 24, 26, NULL, NULL),
('route-115', 279, 'surfing', 5.00, 25, 30, NULL, NULL),
('route-115', 320, 'fishing_good', 20.00, 10, 30, NULL, NULL),
('route-115', 320, 'fishing_super', 100.00, 20, 45, NULL, NULL),
('route-115', 333, 'walking', 30.00, 23, 25, NULL, NULL),
('jagged-pass', 66, 'walking', 25.00, 18, 20, NULL, NULL),
('jagged-pass', 322, 'walking', 55.00, 18, 20, NULL, NULL),
('jagged-pass', 325, 'walking', 20.00, 18, 20, NULL, NULL),
('route-118', 72, 'fishing_good', 20.00, 10, 30, NULL, NULL),
('route-118', 72, 'fishing_old', 30.00, 5, 10, NULL, NULL),
('route-118', 72, 'surfing', 60.00, 5, 35, NULL, NULL),
('route-118', 129, 'fishing_good', 60.00, 10, 30, NULL, NULL),
('route-118', 129, 'fishing_old', 70.00, 5, 10, NULL, NULL),
('route-118', 263, 'walking', 30.00, 24, 26, NULL, NULL),
('route-118', 264, 'walking', 10.00, 26, 26, NULL, NULL),
('route-118', 278, 'surfing', 35.00, 10, 30, NULL, NULL),
('route-118', 278, 'walking', 19.00, 25, 27, NULL, NULL),
('route-118', 279, 'surfing', 5.00, 25, 30, NULL, NULL),
('route-118', 309, 'walking', 30.00, 24, 26, NULL, NULL),
('route-118', 310, 'walking', 10.00, 26, 26, NULL, NULL),
('route-118', 318, 'fishing_good', 20.00, 10, 30, NULL, NULL),
('route-118', 318, 'fishing_super', 60.00, 20, 45, NULL, NULL),
('route-118', 319, 'fishing_super', 40.00, 30, 35, NULL, NULL),
('route-118', 352, 'walking', 1.00, 25, 25, NULL, NULL),
('route-119', 43, 'walking', 30.00, 24, 27, NULL, NULL),
('route-119', 72, 'fishing_good', 20.00, 10, 30, NULL, NULL),
('route-119', 72, 'fishing_old', 30.00, 5, 10, NULL, NULL),
('route-119', 72, 'surfing', 60.00, 5, 35, NULL, NULL),
('route-119', 129, 'fishing_good', 60.00, 10, 30, NULL, NULL),
('route-119', 129, 'fishing_old', 70.00, 5, 10, NULL, NULL),
('route-119', 263, 'walking', 30.00, 25, 27, NULL, NULL),
('route-119', 264, 'walking', 30.00, 25, 27, NULL, NULL),
('route-119', 278, 'surfing', 35.00, 10, 30, NULL, NULL),
('route-119', 279, 'surfing', 5.00, 25, 30, NULL, NULL),
('route-119', 318, 'fishing_good', 20.00, 10, 30, NULL, NULL),
('route-119', 318, 'fishing_super', 100.00, 20, 45, NULL, NULL),
('route-119', 352, 'walking', 1.00, 25, 25, NULL, NULL),
('route-119', 357, 'walking', 9.00, 25, 27, NULL, NULL),
('route-120', 43, 'walking', 25.00, 25, 27, NULL, NULL),
('route-120', 118, 'fishing_good', 20.00, 10, 30, NULL, NULL),
('route-120', 118, 'fishing_old', 30.00, 5, 10, NULL, NULL),
('route-120', 129, 'fishing_good', 60.00, 10, 30, NULL, NULL),
('route-120', 129, 'fishing_old', 70.00, 5, 10, NULL, NULL),
('route-120', 183, 'surfing', 99.00, 5, 35, NULL, NULL),
('route-120', 183, 'walking', 15.00, 25, 27, NULL, NULL),
('route-120', 263, 'walking', 20.00, 25, 25, NULL, NULL),
('route-120', 264, 'walking', 30.00, 25, 27, NULL, NULL),
('route-120', 283, 'surfing', 1.00, 20, 30, NULL, NULL),
('route-120', 283, 'walking', 1.00, 25, 25, NULL, NULL),
('route-120', 339, 'fishing_good', 20.00, 10, 30, NULL, NULL),
('route-120', 339, 'fishing_super', 100.00, 20, 45, NULL, NULL),
('route-120', 352, 'walking', 1.00, 25, 25, NULL, NULL),
('route-120', 359, 'walking', 8.00, 25, 27, NULL, NULL),
('route-121', 43, 'walking', 15.00, 26, 28, NULL, NULL),
('route-121', 44, 'walking', 5.00, 28, 28, NULL, NULL),
('route-121', 72, 'fishing_good', 20.00, 10, 30, NULL, NULL),
('route-121', 72, 'fishing_old', 30.00, 5, 10, NULL, NULL),
('route-121', 72, 'surfing', 60.00, 5, 35, NULL, NULL),
('route-121', 129, 'fishing_good', 60.00, 10, 30, NULL, NULL),
('route-121', 129, 'fishing_old', 70.00, 5, 10, NULL, NULL),
('route-121', 263, 'walking', 20.00, 26, 26, NULL, NULL),
('route-121', 264, 'walking', 20.00, 26, 28, NULL, NULL),
('route-121', 278, 'surfing', 35.00, 10, 30, NULL, NULL),
('route-121', 278, 'walking', 9.00, 26, 28, NULL, NULL),
('route-121', 279, 'surfing', 5.00, 25, 30, NULL, NULL),
('route-121', 320, 'fishing_good', 20.00, 10, 30, NULL, NULL),
('route-121', 320, 'fishing_super', 100.00, 20, 45, NULL, NULL),
('route-121', 352, 'walking', 1.00, 25, 25, NULL, NULL),
('route-121', 355, 'walking', 30.00, 26, 28, NULL, NULL),
('mt-pyre', 355, 'walking', 695.00, 22, 30, NULL, NULL),
('mt-pyre', 353, 'walking', 43.00, 25, 30, NULL, NULL),
('mt-pyre', 37, 'walking', 20.00, 25, 29, NULL, NULL),
('mt-pyre', 278, 'walking', 10.00, 26, 28, NULL, NULL),
('mt-pyre', 307, 'walking', 30.00, 27, 29, NULL, NULL),
('mt-pyre', 358, 'walking', 2.00, 28, 28, NULL, NULL),
('route-122', 72, 'fishing_good', 20.00, 10, 30, NULL, NULL),
('route-122', 72, 'fishing_old', 30.00, 5, 10, NULL, NULL),
('route-122', 72, 'surfing', 60.00, 5, 35, NULL, NULL),
('route-122', 129, 'fishing_good', 60.00, 10, 30, NULL, NULL),
('route-122', 129, 'fishing_old', 70.00, 5, 10, NULL, NULL),
('route-122', 278, 'surfing', 35.00, 10, 30, NULL, NULL),
('route-122', 279, 'surfing', 5.00, 25, 30, NULL, NULL),
('route-122', 319, 'fishing_super', 40.00, 30, 35, NULL, NULL),
('route-122', 320, 'fishing_good', 20.00, 10, 30, NULL, NULL),
('route-122', 320, 'fishing_super', 60.00, 25, 45, NULL, NULL),
('route-123', 43, 'walking', 15.00, 26, 28, NULL, NULL),
('route-123', 44, 'walking', 5.00, 28, 28, NULL, NULL),
('route-123', 72, 'fishing_good', 20.00, 10, 30, NULL, NULL),
('route-123', 72, 'fishing_old', 30.00, 5, 10, NULL, NULL),
('route-123', 72, 'surfing', 60.00, 5, 35, NULL, NULL),
('route-123', 129, 'fishing_good', 60.00, 10, 30, NULL, NULL),
('route-123', 129, 'fishing_old', 70.00, 5, 10, NULL, NULL),
('route-123', 263, 'walking', 20.00, 26, 26, NULL, NULL),
('route-123', 264, 'walking', 20.00, 26, 28, NULL, NULL),
('route-123', 278, 'surfing', 35.00, 10, 30, NULL, NULL),
('route-123', 278, 'walking', 9.00, 26, 28, NULL, NULL),
('route-123', 279, 'surfing', 5.00, 25, 30, NULL, NULL),
('route-123', 320, 'fishing_good', 20.00, 10, 30, NULL, NULL),
('route-123', 320, 'fishing_super', 100.00, 20, 45, NULL, NULL),
('route-123', 352, 'walking', 1.00, 25, 25, NULL, NULL),
('route-123', 355, 'walking', 30.00, 26, 28, NULL, NULL),
('route-124', 72, 'fishing_good', 20.00, 10, 30, NULL, NULL),
('route-124', 72, 'fishing_old', 30.00, 5, 10, NULL, NULL),
('route-124', 72, 'surfing', 60.00, 5, 35, NULL, NULL),
('route-124', 129, 'fishing_good', 60.00, 10, 30, NULL, NULL),
('route-124', 129, 'fishing_old', 70.00, 5, 10, NULL, NULL),
('route-124', 278, 'surfing', 35.00, 10, 30, NULL, NULL),
('route-124', 279, 'surfing', 5.00, 25, 30, NULL, NULL),
('route-124', 319, 'fishing_super', 40.00, 30, 35, NULL, NULL),
('route-124', 320, 'fishing_good', 20.00, 10, 30, NULL, NULL),
('route-124', 320, 'fishing_super', 60.00, 25, 45, NULL, NULL),
('route-125', 72, 'fishing_good', 20.00, 10, 30, NULL, NULL),
('route-125', 72, 'fishing_old', 30.00, 5, 10, NULL, NULL),
('route-125', 72, 'surfing', 60.00, 5, 35, NULL, NULL),
('route-125', 129, 'fishing_good', 60.00, 10, 30, NULL, NULL),
('route-125', 129, 'fishing_old', 70.00, 5, 10, NULL, NULL),
('route-125', 278, 'surfing', 35.00, 10, 30, NULL, NULL),
('route-125', 279, 'surfing', 5.00, 25, 30, NULL, NULL),
('route-125', 319, 'fishing_super', 40.00, 30, 35, NULL, NULL),
('route-125', 320, 'fishing_good', 20.00, 10, 30, NULL, NULL),
('route-125', 320, 'fishing_super', 60.00, 25, 45, NULL, NULL),
('shoal-cave', 41, 'surfing', 30.00, 5, 35, NULL, NULL),
('shoal-cave', 41, 'walking', 85.00, 26, 32, NULL, NULL),
('shoal-cave', 42, 'walking', 10.00, 30, 32, NULL, NULL),
('shoal-cave', 72, 'fishing_good', 20.00, 10, 30, NULL, NULL),
('shoal-cave', 72, 'fishing_old', 30.00, 5, 10, NULL, NULL),
('shoal-cave', 72, 'surfing', 60.00, 5, 35, NULL, NULL),
('shoal-cave', 129, 'fishing_good', 60.00, 10, 30, NULL, NULL),
('shoal-cave', 129, 'fishing_old', 70.00, 5, 10, NULL, NULL),
('shoal-cave', 320, 'fishing_good', 20.00, 10, 30, NULL, NULL),
('shoal-cave', 320, 'fishing_super', 100.00, 20, 45, NULL, NULL),
('shoal-cave', 363, 'surfing', 10.00, 25, 35, NULL, NULL),
('shoal-cave', 363, 'walking', 95.00, 26, 32, NULL, NULL),
('shoal-cave', 361, 'walking', 10.00, 26, 30, NULL, NULL),
('route-126', 72, 'fishing_good', 20.00, 10, 30, NULL, NULL),
('route-126', 72, 'fishing_old', 30.00, 5, 10, NULL, NULL),
('route-126', 72, 'surfing', 60.00, 5, 35, NULL, NULL),
('route-126', 129, 'fishing_good', 60.00, 10, 30, NULL, NULL),
('route-126', 129, 'fishing_old', 70.00, 5, 10, NULL, NULL),
('route-126', 278, 'surfing', 35.00, 10, 30, NULL, NULL),
('route-126', 279, 'surfing', 5.00, 25, 30, NULL, NULL),
('route-126', 319, 'fishing_super', 40.00, 30, 35, NULL, NULL),
('route-126', 320, 'fishing_good', 20.00, 10, 30, NULL, NULL),
('route-126', 320, 'fishing_super', 60.00, 25, 45, NULL, NULL),
('route-127', 72, 'fishing_good', 20.00, 10, 30, NULL, NULL),
('route-127', 72, 'fishing_old', 30.00, 5, 10, NULL, NULL),
('route-127', 72, 'surfing', 60.00, 5, 35, NULL, NULL),
('route-127', 129, 'fishing_good', 60.00, 10, 30, NULL, NULL),
('route-127', 129, 'fishing_old', 70.00, 5, 10, NULL, NULL),
('route-127', 278, 'surfing', 35.00, 10, 30, NULL, NULL),
('route-127', 279, 'surfing', 5.00, 25, 30, NULL, NULL),
('route-127', 319, 'fishing_super', 40.00, 30, 35, NULL, NULL),
('route-127', 320, 'fishing_good', 20.00, 10, 30, NULL, NULL),
('route-127', 320, 'fishing_super', 60.00, 25, 45, NULL, NULL),
('route-128', 72, 'fishing_old', 30.00, 5, 10, NULL, NULL),
('route-128', 72, 'surfing', 60.00, 5, 35, NULL, NULL),
('route-128', 129, 'fishing_good', 60.00, 10, 30, NULL, NULL),
('route-128', 129, 'fishing_old', 70.00, 5, 10, NULL, NULL),
('route-128', 222, 'fishing_super', 15.00, 30, 35, NULL, NULL),
('route-128', 278, 'surfing', 35.00, 10, 30, NULL, NULL),
('route-128', 279, 'surfing', 5.00, 25, 30, NULL, NULL),
('route-128', 320, 'fishing_good', 20.00, 10, 30, NULL, NULL),
('route-128', 320, 'fishing_super', 45.00, 30, 45, NULL, NULL),
('route-128', 370, 'fishing_good', 20.00, 10, 30, NULL, NULL),
('route-128', 370, 'fishing_super', 40.00, 30, 35, NULL, NULL),
('seafloor-cavern', 41, 'surfing', 35.00, 5, 35, NULL, NULL),
('seafloor-cavern', 41, 'walking', 90.00, 28, 35, NULL, NULL),
('seafloor-cavern', 42, 'surfing', 5.00, 30, 35, NULL, NULL),
('seafloor-cavern', 42, 'walking', 10.00, 33, 36, NULL, NULL),
('seafloor-cavern', 72, 'fishing_good', 20.00, 10, 30, NULL, NULL),
('seafloor-cavern', 72, 'fishing_old', 30.00, 5, 10, NULL, NULL),
('seafloor-cavern', 72, 'surfing', 60.00, 5, 35, NULL, NULL),
('seafloor-cavern', 129, 'fishing_good', 60.00, 10, 30, NULL, NULL),
('seafloor-cavern', 129, 'fishing_old', 70.00, 5, 10, NULL, NULL),
('seafloor-cavern', 320, 'fishing_good', 20.00, 10, 30, NULL, NULL),
('seafloor-cavern', 320, 'fishing_super', 100.00, 20, 45, NULL, NULL),
('route-129', 72, 'fishing_good', 20.00, 10, 30, NULL, NULL),
('route-129', 72, 'fishing_old', 30.00, 5, 10, NULL, NULL),
('route-129', 72, 'surfing', 60.00, 5, 35, NULL, NULL),
('route-129', 129, 'fishing_good', 60.00, 10, 30, NULL, NULL),
('route-129', 129, 'fishing_old', 70.00, 5, 10, NULL, NULL),
('route-129', 278, 'surfing', 35.00, 10, 30, NULL, NULL),
('route-129', 279, 'surfing', 4.00, 25, 30, NULL, NULL),
('route-129', 319, 'fishing_super', 40.00, 30, 35, NULL, NULL),
('route-129', 320, 'fishing_good', 20.00, 10, 30, NULL, NULL),
('route-129', 320, 'fishing_super', 60.00, 25, 45, NULL, NULL),
('route-129', 321, 'surfing', 1.00, 35, 40, NULL, NULL),
('route-130', 72, 'fishing_good', 20.00, 10, 30, NULL, NULL),
('route-130', 72, 'fishing_old', 30.00, 5, 10, NULL, NULL),
('route-130', 72, 'surfing', 60.00, 5, 35, NULL, NULL),
('route-130', 129, 'fishing_good', 60.00, 10, 30, NULL, NULL),
('route-130', 129, 'fishing_old', 70.00, 5, 10, NULL, NULL),
('route-130', 278, 'surfing', 35.00, 10, 30, NULL, NULL),
('route-130', 279, 'surfing', 5.00, 25, 30, NULL, NULL),
('route-130', 319, 'fishing_super', 40.00, 30, 35, NULL, NULL),
('route-130', 320, 'fishing_good', 20.00, 10, 30, NULL, NULL),
('route-130', 320, 'fishing_super', 60.00, 25, 45, NULL, NULL),
('route-130', 360, 'walking', 100.00, 5, 50, NULL, NULL),
('route-131', 72, 'fishing_good', 20.00, 10, 30, NULL, NULL),
('route-131', 72, 'fishing_old', 30.00, 5, 10, NULL, NULL),
('route-131', 72, 'surfing', 60.00, 5, 35, NULL, NULL),
('route-131', 129, 'fishing_good', 60.00, 10, 30, NULL, NULL),
('route-131', 129, 'fishing_old', 70.00, 5, 10, NULL, NULL),
('route-131', 278, 'surfing', 35.00, 10, 30, NULL, NULL),
('route-131', 279, 'surfing', 5.00, 25, 30, NULL, NULL),
('route-131', 319, 'fishing_super', 40.00, 30, 35, NULL, NULL),
('route-131', 320, 'fishing_good', 20.00, 10, 30, NULL, NULL),
('route-131', 320, 'fishing_super', 60.00, 25, 45, NULL, NULL),
('route-132', 72, 'fishing_good', 20.00, 10, 30, NULL, NULL),
('route-132', 72, 'fishing_old', 30.00, 5, 10, NULL, NULL),
('route-132', 72, 'surfing', 60.00, 5, 35, NULL, NULL),
('route-132', 116, 'fishing_super', 15.00, 25, 30, NULL, NULL),
('route-132', 129, 'fishing_good', 60.00, 10, 30, NULL, NULL),
('route-132', 129, 'fishing_old', 70.00, 5, 10, NULL, NULL),
('route-132', 278, 'surfing', 35.00, 10, 30, NULL, NULL),
('route-132', 279, 'surfing', 5.00, 25, 30, NULL, NULL),
('route-132', 319, 'fishing_super', 40.00, 30, 35, NULL, NULL),
('route-132', 320, 'fishing_good', 20.00, 10, 30, NULL, NULL),
('route-132', 320, 'fishing_super', 45.00, 30, 45, NULL, NULL),
('route-133', 72, 'fishing_good', 20.00, 10, 30, NULL, NULL),
('route-133', 72, 'fishing_old', 30.00, 5, 10, NULL, NULL),
('route-133', 72, 'surfing', 60.00, 5, 35, NULL, NULL),
('route-133', 116, 'fishing_super', 15.00, 25, 30, NULL, NULL),
('route-133', 129, 'fishing_good', 60.00, 10, 30, NULL, NULL),
('route-133', 129, 'fishing_old', 70.00, 5, 10, NULL, NULL),
('route-133', 278, 'surfing', 35.00, 10, 30, NULL, NULL),
('route-133', 279, 'surfing', 5.00, 25, 30, NULL, NULL),
('route-133', 319, 'fishing_super', 40.00, 30, 35, NULL, NULL),
('route-133', 320, 'fishing_good', 20.00, 10, 30, NULL, NULL),
('route-133', 320, 'fishing_super', 45.00, 30, 45, NULL, NULL),
('route-134', 72, 'fishing_good', 20.00, 10, 30, NULL, NULL),
('route-134', 72, 'fishing_old', 30.00, 5, 10, NULL, NULL),
('route-134', 72, 'surfing', 60.00, 5, 35, NULL, NULL),
('route-134', 116, 'fishing_super', 15.00, 25, 30, NULL, NULL),
('route-134', 129, 'fishing_good', 60.00, 10, 30, NULL, NULL),
('route-134', 129, 'fishing_old', 70.00, 5, 10, NULL, NULL),
('route-134', 278, 'surfing', 35.00, 10, 30, NULL, NULL),
('route-134', 279, 'surfing', 5.00, 25, 30, NULL, NULL),
('route-134', 319, 'fishing_super', 40.00, 30, 35, NULL, NULL),
('route-134', 320, 'fishing_good', 20.00, 10, 30, NULL, NULL),
('route-134', 320, 'fishing_super', 45.00, 30, 45, NULL, NULL),
('victory-road', 41, 'walking', 10.00, 36, 36, NULL, NULL),
('victory-road', 42, 'walking', 95.00, 38, 44, NULL, NULL),
('victory-road', 293, 'walking', 5.00, 36, 36, NULL, NULL),
('victory-road', 294, 'walking', 10.00, 40, 40, NULL, NULL),
('victory-road', 296, 'walking', 10.00, 36, 36, NULL, NULL),
('victory-road', 297, 'walking', 60.00, 38, 42, NULL, NULL),
('victory-road', 304, 'walking', 5.00, 36, 36, NULL, NULL),
('victory-road', 305, 'walking', 40.00, 40, 44, NULL, NULL),
('victory-road', 74, 'rock_smash', 30.00, 30, 40, NULL, NULL),
('victory-road', 75, 'rock_smash', 70.00, 30, 40, NULL, NULL),
('victory-road', 307, 'walking', 5.00, 38, 38, NULL, NULL),
('victory-road', 308, 'walking', 25.00, 40, 44, NULL, NULL),
('victory-road', 42, 'surfing', 100.00, 25, 40, NULL, NULL),
('victory-road', 118, 'fishing_good', 20.00, 10, 30, NULL, NULL),
('victory-road', 118, 'fishing_old', 30.00, 5, 10, NULL, NULL),
('victory-road', 129, 'fishing_good', 60.00, 10, 30, NULL, NULL),
('victory-road', 129, 'fishing_old', 70.00, 5, 10, NULL, NULL),
('victory-road', 303, 'walking', 35.00, 40, 44, NULL, NULL),
('victory-road', 339, 'fishing_good', 20.00, 10, 30, NULL, NULL),
('victory-road', 339, 'fishing_super', 80.00, 25, 35, NULL, NULL),
('victory-road', 340, 'fishing_super', 20.00, 30, 45, NULL, NULL),
('new-mauville', 81, 'walking', 99.00, 22, 26, NULL, NULL),
('new-mauville', 100, 'walking', 99.00, 22, 26, NULL, NULL),
('new-mauville', 82, 'walking', 1.00, 26, 26, NULL, NULL),
('new-mauville', 100, 'static', 600.00, 25, 25, NULL, NULL),
('new-mauville', 101, 'walking', 1.00, 26, 26, NULL, NULL),
('new-mauville', 101, 'static', 200.00, 30, 30, NULL, NULL),
('sky-pillar', 42, 'walking', 90.00, 48, 56, NULL, NULL),
('sky-pillar', 303, 'walking', 90.00, 48, 56, NULL, NULL),
('sky-pillar', 344, 'walking', 69.00, 47, 56, NULL, NULL),
('sky-pillar', 356, 'walking', 45.00, 48, 56, NULL, NULL),
('sky-pillar', 334, 'walking', 6.00, 54, 60, NULL, NULL);

INSERT INTO public.encounters (route_id, pokemon_national_dex_id, method, encounter_rate, level_min, level_max, conditions, version_exclusive)
SELECT r.id, e.dex, e.method, e.rate, e.lmin, e.lmax, NULLIF(e.cond, ''), NULLIF(e.ver_excl, '')
FROM _enc e JOIN public.routes r ON r.slug = e.slug AND r.game_id = 'a7b8c9d0-e1f2-3456-ab67-890123456789';

DROP TABLE _enc;

-- ===========================================
-- STEP 5: BOSS TRAINERS
-- ===========================================

-- Roxanne (Gym Leader)
DO $$
DECLARE
  v_trainer_id UUID;
  v_route_id UUID;
BEGIN
  SELECT id INTO v_route_id FROM public.routes WHERE slug = 'rustboro-city' AND game_id = 'a7b8c9d0-e1f2-3456-ab67-890123456789';
  INSERT INTO public.trainers (route_id, name, trainer_class, is_boss, boss_type, level_cap, display_order, notes)
  VALUES (v_route_id, 'Roxanne', 'Gym Leader', true, 'gym_leader', 15, 1, 'Rock-type specialist. Stone Badge.')
  RETURNING id INTO v_trainer_id;

  INSERT INTO public.trainer_pokemon (trainer_id, pokemon_national_dex_id, level, slot_order, moves, ability, held_item, nature)
  VALUES (v_trainer_id, 74, 12, 1, '["Tackle", "Defense Curl", "Rock Throw", "Rock Tomb"]'::jsonb, 'Rock Head', NULL, NULL);
  INSERT INTO public.trainer_pokemon (trainer_id, pokemon_national_dex_id, level, slot_order, moves, ability, held_item, nature)
  VALUES (v_trainer_id, 299, 15, 2, '["Rock Throw", "Harden", "Block", "Rock Tomb"]'::jsonb, 'Sturdy', NULL, NULL);
END $$;

-- Brawly (Gym Leader)
DO $$
DECLARE
  v_trainer_id UUID;
  v_route_id UUID;
BEGIN
  SELECT id INTO v_route_id FROM public.routes WHERE slug = 'dewford-town' AND game_id = 'a7b8c9d0-e1f2-3456-ab67-890123456789';
  INSERT INTO public.trainers (route_id, name, trainer_class, is_boss, boss_type, level_cap, display_order, notes)
  VALUES (v_route_id, 'Brawly', 'Gym Leader', true, 'gym_leader', 19, 1, 'Fighting-type specialist. Knuckle Badge.')
  RETURNING id INTO v_trainer_id;

  INSERT INTO public.trainer_pokemon (trainer_id, pokemon_national_dex_id, level, slot_order, moves, ability, held_item, nature)
  VALUES (v_trainer_id, 66, 16, 1, '["Karate Chop", "Leer", "Seismic Toss", "Bulk Up"]'::jsonb, 'Guts', NULL, NULL);
  INSERT INTO public.trainer_pokemon (trainer_id, pokemon_national_dex_id, level, slot_order, moves, ability, held_item, nature)
  VALUES (v_trainer_id, 296, 19, 2, '["Arm Thrust", "Vital Throw", "Reversal", "Bulk Up"]'::jsonb, 'Thick Fat', NULL, NULL);
END $$;

-- May/Brendan (Rival)
DO $$
DECLARE
  v_trainer_id UUID;
  v_route_id UUID;
BEGIN
  SELECT id INTO v_route_id FROM public.routes WHERE slug = 'route-110' AND game_id = 'a7b8c9d0-e1f2-3456-ab67-890123456789';
  INSERT INTO public.trainers (route_id, name, trainer_class, is_boss, boss_type, level_cap, display_order, notes)
  VALUES (v_route_id, 'May/Brendan', 'Rival', true, 'rival', 20, 1, 'Second rival battle. Team varies by starter.')
  RETURNING id INTO v_trainer_id;

  INSERT INTO public.trainer_pokemon (trainer_id, pokemon_national_dex_id, level, slot_order, moves, ability, held_item, nature)
  VALUES (v_trainer_id, 218, 18, 1, '["Ember", "Rock Throw", "Light Screen", "Smog"]'::jsonb, 'Flame Body', NULL, NULL);
  INSERT INTO public.trainer_pokemon (trainer_id, pokemon_national_dex_id, level, slot_order, moves, ability, held_item, nature)
  VALUES (v_trainer_id, 271, 18, 2, '["Absorb", "Nature Power", "Fake Out", "Astonish"]'::jsonb, 'Swift Swim', NULL, NULL);
  INSERT INTO public.trainer_pokemon (trainer_id, pokemon_national_dex_id, level, slot_order, moves, ability, held_item, nature)
  VALUES (v_trainer_id, 253, 20, 3, '["Absorb", "Quick Attack", "Fury Cutter", "Pursuit"]'::jsonb, 'Overgrow', NULL, NULL);
END $$;

-- Wattson (Gym Leader)
DO $$
DECLARE
  v_trainer_id UUID;
  v_route_id UUID;
BEGIN
  SELECT id INTO v_route_id FROM public.routes WHERE slug = 'mauville-city' AND game_id = 'a7b8c9d0-e1f2-3456-ab67-890123456789';
  INSERT INTO public.trainers (route_id, name, trainer_class, is_boss, boss_type, level_cap, display_order, notes)
  VALUES (v_route_id, 'Wattson', 'Gym Leader', true, 'gym_leader', 24, 1, 'Electric-type specialist. Dynamo Badge.')
  RETURNING id INTO v_trainer_id;

  INSERT INTO public.trainer_pokemon (trainer_id, pokemon_national_dex_id, level, slot_order, moves, ability, held_item, nature)
  VALUES (v_trainer_id, 100, 20, 1, '["Rollout", "Spark", "Self-Destruct", "Charge"]'::jsonb, 'Soundproof', NULL, NULL);
  INSERT INTO public.trainer_pokemon (trainer_id, pokemon_national_dex_id, level, slot_order, moves, ability, held_item, nature)
  VALUES (v_trainer_id, 309, 20, 2, '["Howl", "Quick Attack", "Spark", "Leer"]'::jsonb, 'Static', NULL, NULL);
  INSERT INTO public.trainer_pokemon (trainer_id, pokemon_national_dex_id, level, slot_order, moves, ability, held_item, nature)
  VALUES (v_trainer_id, 82, 22, 3, '["Sonic Boom", "Supersonic", "Thunder Wave", "Shock Wave"]'::jsonb, 'Magnet Pull', NULL, NULL);
END $$;

-- Flannery (Gym Leader)
DO $$
DECLARE
  v_trainer_id UUID;
  v_route_id UUID;
BEGIN
  SELECT id INTO v_route_id FROM public.routes WHERE slug = 'lavaridge-town' AND game_id = 'a7b8c9d0-e1f2-3456-ab67-890123456789';
  INSERT INTO public.trainers (route_id, name, trainer_class, is_boss, boss_type, level_cap, display_order, notes)
  VALUES (v_route_id, 'Flannery', 'Gym Leader', true, 'gym_leader', 28, 1, 'Fire-type specialist. Heat Badge.')
  RETURNING id INTO v_trainer_id;

  INSERT INTO public.trainer_pokemon (trainer_id, pokemon_national_dex_id, level, slot_order, moves, ability, held_item, nature)
  VALUES (v_trainer_id, 322, 24, 1, '["Overheat", "Tackle", "Magnitude", "Sunny Day"]'::jsonb, 'Oblivious', NULL, NULL);
  INSERT INTO public.trainer_pokemon (trainer_id, pokemon_national_dex_id, level, slot_order, moves, ability, held_item, nature)
  VALUES (v_trainer_id, 218, 24, 2, '["Overheat", "Smog", "Light Screen", "Sunny Day"]'::jsonb, 'Flame Body', NULL, NULL);
  INSERT INTO public.trainer_pokemon (trainer_id, pokemon_national_dex_id, level, slot_order, moves, ability, held_item, nature)
  VALUES (v_trainer_id, 324, 28, 3, '["Overheat", "Body Slam", "Flail", "Attract"]'::jsonb, 'White Smoke', NULL, NULL);
END $$;

-- Norman (Gym Leader)
DO $$
DECLARE
  v_trainer_id UUID;
  v_route_id UUID;
BEGIN
  SELECT id INTO v_route_id FROM public.routes WHERE slug = 'petalburg-city-gym' AND game_id = 'a7b8c9d0-e1f2-3456-ab67-890123456789';
  INSERT INTO public.trainers (route_id, name, trainer_class, is_boss, boss_type, level_cap, display_order, notes)
  VALUES (v_route_id, 'Norman', 'Gym Leader', true, 'gym_leader', 31, 1, 'Normal-type specialist. Balance Badge.')
  RETURNING id INTO v_trainer_id;

  INSERT INTO public.trainer_pokemon (trainer_id, pokemon_national_dex_id, level, slot_order, moves, ability, held_item, nature)
  VALUES (v_trainer_id, 327, 27, 1, '["Teeter Dance", "Psybeam", "Facade", "Encore"]'::jsonb, 'Own Tempo', NULL, NULL);
  INSERT INTO public.trainer_pokemon (trainer_id, pokemon_national_dex_id, level, slot_order, moves, ability, held_item, nature)
  VALUES (v_trainer_id, 288, 27, 2, '["Slash", "Faint Attack", "Facade", "Encore"]'::jsonb, 'Vital Spirit', NULL, NULL);
  INSERT INTO public.trainer_pokemon (trainer_id, pokemon_national_dex_id, level, slot_order, moves, ability, held_item, nature)
  VALUES (v_trainer_id, 264, 29, 3, '["Slash", "Belly Drum", "Headbutt", "Facade"]'::jsonb, 'Pickup', NULL, NULL);
  INSERT INTO public.trainer_pokemon (trainer_id, pokemon_national_dex_id, level, slot_order, moves, ability, held_item, nature)
  VALUES (v_trainer_id, 289, 31, 4, '["Counter", "Yawn", "Facade", "Faint Attack"]'::jsonb, 'Truant', NULL, NULL);
END $$;

-- Winona (Gym Leader)
DO $$
DECLARE
  v_trainer_id UUID;
  v_route_id UUID;
BEGIN
  SELECT id INTO v_route_id FROM public.routes WHERE slug = 'fortree-city' AND game_id = 'a7b8c9d0-e1f2-3456-ab67-890123456789';
  INSERT INTO public.trainers (route_id, name, trainer_class, is_boss, boss_type, level_cap, display_order, notes)
  VALUES (v_route_id, 'Winona', 'Gym Leader', true, 'gym_leader', 33, 1, 'Flying-type specialist. Feather Badge.')
  RETURNING id INTO v_trainer_id;

  INSERT INTO public.trainer_pokemon (trainer_id, pokemon_national_dex_id, level, slot_order, moves, ability, held_item, nature)
  VALUES (v_trainer_id, 333, 29, 1, '["Perish Song", "Mirror Move", "Safeguard", "Aerial Ace"]'::jsonb, 'Natural Cure', NULL, NULL);
  INSERT INTO public.trainer_pokemon (trainer_id, pokemon_national_dex_id, level, slot_order, moves, ability, held_item, nature)
  VALUES (v_trainer_id, 357, 29, 2, '["Sunny Day", "Aerial Ace", "Solar Beam", "Synthesis"]'::jsonb, 'Chlorophyll', NULL, NULL);
  INSERT INTO public.trainer_pokemon (trainer_id, pokemon_national_dex_id, level, slot_order, moves, ability, held_item, nature)
  VALUES (v_trainer_id, 279, 30, 3, '["Water Gun", "Supersonic", "Protect", "Aerial Ace"]'::jsonb, 'Keen Eye', NULL, NULL);
  INSERT INTO public.trainer_pokemon (trainer_id, pokemon_national_dex_id, level, slot_order, moves, ability, held_item, nature)
  VALUES (v_trainer_id, 227, 31, 4, '["Sand Attack", "Fury Attack", "Steel Wing", "Aerial Ace"]'::jsonb, 'Keen Eye', NULL, NULL);
  INSERT INTO public.trainer_pokemon (trainer_id, pokemon_national_dex_id, level, slot_order, moves, ability, held_item, nature)
  VALUES (v_trainer_id, 334, 33, 5, '["Dragon Dance", "DragonBreath", "Aerial Ace", "Earthquake"]'::jsonb, 'Natural Cure', NULL, NULL);
END $$;

-- Tate & Liza (Gym Leader)
DO $$
DECLARE
  v_trainer_id UUID;
  v_route_id UUID;
BEGIN
  SELECT id INTO v_route_id FROM public.routes WHERE slug = 'mossdeep-city' AND game_id = 'a7b8c9d0-e1f2-3456-ab67-890123456789';
  INSERT INTO public.trainers (route_id, name, trainer_class, is_boss, boss_type, level_cap, display_order, notes)
  VALUES (v_route_id, 'Tate & Liza', 'Gym Leader', true, 'gym_leader', 42, 1, 'Psychic-type specialists. Mind Badge. Double battle.')
  RETURNING id INTO v_trainer_id;

  INSERT INTO public.trainer_pokemon (trainer_id, pokemon_national_dex_id, level, slot_order, moves, ability, held_item, nature)
  VALUES (v_trainer_id, 338, 42, 1, '["Sunny Day", "Solar Beam", "Psychic", "Flamethrower"]'::jsonb, 'Levitate', NULL, NULL);
  INSERT INTO public.trainer_pokemon (trainer_id, pokemon_national_dex_id, level, slot_order, moves, ability, held_item, nature)
  VALUES (v_trainer_id, 337, 42, 2, '["Hypnosis", "Calm Mind", "Psychic", "Light Screen"]'::jsonb, 'Levitate', NULL, NULL);
END $$;

-- Wallace (Gym Leader)
DO $$
DECLARE
  v_trainer_id UUID;
  v_route_id UUID;
BEGIN
  SELECT id INTO v_route_id FROM public.routes WHERE slug = 'sootopolis-city' AND game_id = 'a7b8c9d0-e1f2-3456-ab67-890123456789';
  INSERT INTO public.trainers (route_id, name, trainer_class, is_boss, boss_type, level_cap, display_order, notes)
  VALUES (v_route_id, 'Wallace', 'Gym Leader', true, 'gym_leader', 43, 1, 'Water-type specialist. Rain Badge.')
  RETURNING id INTO v_trainer_id;

  INSERT INTO public.trainer_pokemon (trainer_id, pokemon_national_dex_id, level, slot_order, moves, ability, held_item, nature)
  VALUES (v_trainer_id, 370, 40, 1, '["Water Pulse", "Attract", "Sweet Kiss", "Flail"]'::jsonb, 'Swift Swim', NULL, NULL);
  INSERT INTO public.trainer_pokemon (trainer_id, pokemon_national_dex_id, level, slot_order, moves, ability, held_item, nature)
  VALUES (v_trainer_id, 340, 42, 2, '["Rain Dance", "Water Pulse", "Amnesia", "Earthquake"]'::jsonb, 'Oblivious', NULL, NULL);
  INSERT INTO public.trainer_pokemon (trainer_id, pokemon_national_dex_id, level, slot_order, moves, ability, held_item, nature)
  VALUES (v_trainer_id, 364, 40, 3, '["Encore", "Body Slam", "Aurora Beam", "Water Pulse"]'::jsonb, 'Thick Fat', NULL, NULL);
  INSERT INTO public.trainer_pokemon (trainer_id, pokemon_national_dex_id, level, slot_order, moves, ability, held_item, nature)
  VALUES (v_trainer_id, 119, 42, 4, '["Water Pulse", "Rain Dance", "Fury Attack", "Horn Drill"]'::jsonb, 'Swift Swim', NULL, NULL);
  INSERT INTO public.trainer_pokemon (trainer_id, pokemon_national_dex_id, level, slot_order, moves, ability, held_item, nature)
  VALUES (v_trainer_id, 350, 43, 5, '["Water Pulse", "Twister", "Recover", "Ice Beam"]'::jsonb, 'Marvel Scale', NULL, NULL);
END $$;

-- Sidney (Elite Four)
DO $$
DECLARE
  v_trainer_id UUID;
  v_route_id UUID;
BEGIN
  SELECT id INTO v_route_id FROM public.routes WHERE slug = 'pokemon-league' AND game_id = 'a7b8c9d0-e1f2-3456-ab67-890123456789';
  INSERT INTO public.trainers (route_id, name, trainer_class, is_boss, boss_type, level_cap, display_order, notes)
  VALUES (v_route_id, 'Sidney', 'Elite Four', true, 'elite_four', 49, 1, 'Dark-type specialist. First of the Elite Four.')
  RETURNING id INTO v_trainer_id;

  INSERT INTO public.trainer_pokemon (trainer_id, pokemon_national_dex_id, level, slot_order, moves, ability, held_item, nature)
  VALUES (v_trainer_id, 262, 46, 1, '["Crunch", "Sand Attack", "Take Down", "Swagger"]'::jsonb, 'Intimidate', NULL, NULL);
  INSERT INTO public.trainer_pokemon (trainer_id, pokemon_national_dex_id, level, slot_order, moves, ability, held_item, nature)
  VALUES (v_trainer_id, 275, 48, 2, '["Fake Out", "Double Team", "Swagger", "Extrasensory"]'::jsonb, 'Chlorophyll', NULL, NULL);
  INSERT INTO public.trainer_pokemon (trainer_id, pokemon_national_dex_id, level, slot_order, moves, ability, held_item, nature)
  VALUES (v_trainer_id, 359, 49, 3, '["Swords Dance", "Slash", "Aerial Ace", "Crunch"]'::jsonb, 'Pressure', NULL, NULL);
  INSERT INTO public.trainer_pokemon (trainer_id, pokemon_national_dex_id, level, slot_order, moves, ability, held_item, nature)
  VALUES (v_trainer_id, 332, 46, 4, '["Needle Arm", "Faint Attack", "Cotton Spore", "Leech Seed"]'::jsonb, 'Sand Veil', NULL, NULL);
  INSERT INTO public.trainer_pokemon (trainer_id, pokemon_national_dex_id, level, slot_order, moves, ability, held_item, nature)
  VALUES (v_trainer_id, 319, 48, 5, '["Surf", "Crunch", "Slash", "Swagger"]'::jsonb, 'Rough Skin', NULL, NULL);
END $$;

-- Phoebe (Elite Four)
DO $$
DECLARE
  v_trainer_id UUID;
  v_route_id UUID;
BEGIN
  SELECT id INTO v_route_id FROM public.routes WHERE slug = 'pokemon-league' AND game_id = 'a7b8c9d0-e1f2-3456-ab67-890123456789';
  INSERT INTO public.trainers (route_id, name, trainer_class, is_boss, boss_type, level_cap, display_order, notes)
  VALUES (v_route_id, 'Phoebe', 'Elite Four', true, 'elite_four', 51, 2, 'Ghost-type specialist. Second of the Elite Four.')
  RETURNING id INTO v_trainer_id;

  INSERT INTO public.trainer_pokemon (trainer_id, pokemon_national_dex_id, level, slot_order, moves, ability, held_item, nature)
  VALUES (v_trainer_id, 356, 48, 1, '["Shadow Punch", "Confuse Ray", "Curse", "Protect"]'::jsonb, 'Pressure', NULL, NULL);
  INSERT INTO public.trainer_pokemon (trainer_id, pokemon_national_dex_id, level, slot_order, moves, ability, held_item, nature)
  VALUES (v_trainer_id, 354, 49, 2, '["Shadow Ball", "Grudge", "Will-O-Wisp", "Faint Attack"]'::jsonb, 'Insomnia', NULL, NULL);
  INSERT INTO public.trainer_pokemon (trainer_id, pokemon_national_dex_id, level, slot_order, moves, ability, held_item, nature)
  VALUES (v_trainer_id, 302, 50, 3, '["Shadow Ball", "Faint Attack", "Double Team", "Attract"]'::jsonb, 'Keen Eye', NULL, NULL);
  INSERT INTO public.trainer_pokemon (trainer_id, pokemon_national_dex_id, level, slot_order, moves, ability, held_item, nature)
  VALUES (v_trainer_id, 354, 49, 4, '["Shadow Ball", "Psychic", "Thunderbolt", "Toxic"]'::jsonb, 'Insomnia', NULL, NULL);
  INSERT INTO public.trainer_pokemon (trainer_id, pokemon_national_dex_id, level, slot_order, moves, ability, held_item, nature)
  VALUES (v_trainer_id, 356, 51, 5, '["Shadow Ball", "Ice Beam", "Rock Slide", "Earthquake"]'::jsonb, 'Pressure', NULL, NULL);
END $$;

-- Glacia (Elite Four)
DO $$
DECLARE
  v_trainer_id UUID;
  v_route_id UUID;
BEGIN
  SELECT id INTO v_route_id FROM public.routes WHERE slug = 'pokemon-league' AND game_id = 'a7b8c9d0-e1f2-3456-ab67-890123456789';
  INSERT INTO public.trainers (route_id, name, trainer_class, is_boss, boss_type, level_cap, display_order, notes)
  VALUES (v_route_id, 'Glacia', 'Elite Four', true, 'elite_four', 53, 3, 'Ice-type specialist. Third of the Elite Four.')
  RETURNING id INTO v_trainer_id;

  INSERT INTO public.trainer_pokemon (trainer_id, pokemon_national_dex_id, level, slot_order, moves, ability, held_item, nature)
  VALUES (v_trainer_id, 364, 50, 1, '["Encore", "Body Slam", "Hail", "Ice Ball"]'::jsonb, 'Thick Fat', NULL, NULL);
  INSERT INTO public.trainer_pokemon (trainer_id, pokemon_national_dex_id, level, slot_order, moves, ability, held_item, nature)
  VALUES (v_trainer_id, 362, 50, 2, '["Light Screen", "Crunch", "Icy Wind", "Ice Beam"]'::jsonb, 'Inner Focus', NULL, NULL);
  INSERT INTO public.trainer_pokemon (trainer_id, pokemon_national_dex_id, level, slot_order, moves, ability, held_item, nature)
  VALUES (v_trainer_id, 364, 52, 3, '["Attract", "Double Edge", "Hail", "Blizzard"]'::jsonb, 'Thick Fat', NULL, NULL);
  INSERT INTO public.trainer_pokemon (trainer_id, pokemon_national_dex_id, level, slot_order, moves, ability, held_item, nature)
  VALUES (v_trainer_id, 362, 52, 4, '["Shadow Ball", "Hail", "Ice Beam", "Crunch"]'::jsonb, 'Inner Focus', NULL, NULL);
  INSERT INTO public.trainer_pokemon (trainer_id, pokemon_national_dex_id, level, slot_order, moves, ability, held_item, nature)
  VALUES (v_trainer_id, 365, 53, 5, '["Surf", "Body Slam", "Ice Beam", "Sheer Cold"]'::jsonb, 'Thick Fat', NULL, NULL);
END $$;

-- Drake (Elite Four)
DO $$
DECLARE
  v_trainer_id UUID;
  v_route_id UUID;
BEGIN
  SELECT id INTO v_route_id FROM public.routes WHERE slug = 'pokemon-league' AND game_id = 'a7b8c9d0-e1f2-3456-ab67-890123456789';
  INSERT INTO public.trainers (route_id, name, trainer_class, is_boss, boss_type, level_cap, display_order, notes)
  VALUES (v_route_id, 'Drake', 'Elite Four', true, 'elite_four', 55, 4, 'Dragon-type specialist. Fourth of the Elite Four.')
  RETURNING id INTO v_trainer_id;

  INSERT INTO public.trainer_pokemon (trainer_id, pokemon_national_dex_id, level, slot_order, moves, ability, held_item, nature)
  VALUES (v_trainer_id, 372, 52, 1, '["Rock Tomb", "Dragon Claw", "Protect", "Double Edge"]'::jsonb, 'Rock Head', NULL, NULL);
  INSERT INTO public.trainer_pokemon (trainer_id, pokemon_national_dex_id, level, slot_order, moves, ability, held_item, nature)
  VALUES (v_trainer_id, 334, 54, 2, '["Dragon Dance", "Refresh", "DragonBreath", "Aerial Ace"]'::jsonb, 'Natural Cure', NULL, NULL);
  INSERT INTO public.trainer_pokemon (trainer_id, pokemon_national_dex_id, level, slot_order, moves, ability, held_item, nature)
  VALUES (v_trainer_id, 330, 53, 3, '["Flamethrower", "Crunch", "DragonBreath", "Screech"]'::jsonb, 'Levitate', NULL, NULL);
  INSERT INTO public.trainer_pokemon (trainer_id, pokemon_national_dex_id, level, slot_order, moves, ability, held_item, nature)
  VALUES (v_trainer_id, 330, 53, 4, '["Fly", "Crunch", "DragonBreath", "Dig"]'::jsonb, 'Levitate', NULL, NULL);
  INSERT INTO public.trainer_pokemon (trainer_id, pokemon_national_dex_id, level, slot_order, moves, ability, held_item, nature)
  VALUES (v_trainer_id, 373, 55, 5, '["Flamethrower", "Dragon Claw", "Rock Slide", "Crunch"]'::jsonb, 'Intimidate', NULL, NULL);
END $$;

-- Steven (Champion)
DO $$
DECLARE
  v_trainer_id UUID;
  v_route_id UUID;
BEGIN
  SELECT id INTO v_route_id FROM public.routes WHERE slug = 'pokemon-league' AND game_id = 'a7b8c9d0-e1f2-3456-ab67-890123456789';
  INSERT INTO public.trainers (route_id, name, trainer_class, is_boss, boss_type, level_cap, display_order, notes)
  VALUES (v_route_id, 'Steven', 'Champion', true, 'champion', 58, 5, 'Steel-type specialist. Hoenn Champion in Ruby/Sapphire.')
  RETURNING id INTO v_trainer_id;

  INSERT INTO public.trainer_pokemon (trainer_id, pokemon_national_dex_id, level, slot_order, moves, ability, held_item, nature)
  VALUES (v_trainer_id, 227, 57, 1, '["Toxic", "Steel Wing", "Aerial Ace", "Spikes"]'::jsonb, 'Keen Eye', NULL, NULL);
  INSERT INTO public.trainer_pokemon (trainer_id, pokemon_national_dex_id, level, slot_order, moves, ability, held_item, nature)
  VALUES (v_trainer_id, 344, 55, 2, '["Earthquake", "AncientPower", "Light Screen", "Reflect"]'::jsonb, 'Levitate', NULL, NULL);
  INSERT INTO public.trainer_pokemon (trainer_id, pokemon_national_dex_id, level, slot_order, moves, ability, held_item, nature)
  VALUES (v_trainer_id, 306, 56, 3, '["Earthquake", "Dragon Claw", "Thunder", "SolarBeam"]'::jsonb, 'Sturdy', NULL, NULL);
  INSERT INTO public.trainer_pokemon (trainer_id, pokemon_national_dex_id, level, slot_order, moves, ability, held_item, nature)
  VALUES (v_trainer_id, 346, 56, 4, '["AncientPower", "Confuse Ray", "Sludge Bomb", "Giga Drain"]'::jsonb, 'Suction Cups', NULL, NULL);
  INSERT INTO public.trainer_pokemon (trainer_id, pokemon_national_dex_id, level, slot_order, moves, ability, held_item, nature)
  VALUES (v_trainer_id, 348, 56, 5, '["AncientPower", "Slash", "Aerial Ace", "Water Pulse"]'::jsonb, 'Battle Armor', NULL, NULL);
  INSERT INTO public.trainer_pokemon (trainer_id, pokemon_national_dex_id, level, slot_order, moves, ability, held_item, nature)
  VALUES (v_trainer_id, 376, 58, 6, '["Meteor Mash", "Earthquake", "Psychic", "Hyper Beam"]'::jsonb, 'Clear Body', 'Sitrus Berry', NULL);
END $$;

-- Update total_routes count
UPDATE public.games SET total_routes = 66 WHERE id = 'a7b8c9d0-e1f2-3456-ab67-890123456789';
-- ===========================================
-- POKEMON SAPPHIRE: COMPLETE GAME DATA
-- Official Pokemon Game
-- Gen 3, Hoenn region
-- ===========================================
-- Game ID: b8c9d0e1-f2a3-4567-bc78-901234567890
-- ===========================================

-- STEP 1: Insert the game
INSERT INTO public.games (id, slug, name, generation, region, base_game_slug, is_romhack, sprite_url, total_routes, description)
VALUES (
  'b8c9d0e1-f2a3-4567-bc78-901234567890',
  'pokemon-sapphire',
  'Pokemon Sapphire',
  3,
  'Hoenn',
  NULL,
  false,
  'https://raw.githubusercontent.com/PokeAPI/sprites/master/sprites/pokemon/382.png',
  66,
  'Pokemon Sapphire Version for Game Boy Advance. Set in the Hoenn region with Team Aqua as the villains.'
);

-- ===========================================
-- STEP 2: ALL ROUTES (66 total)
-- ===========================================

INSERT INTO public.routes (game_id, name, slug, display_order, route_type, has_encounters, has_trainers, has_items, notes) VALUES
('b8c9d0e1-f2a3-4567-bc78-901234567890', 'Littleroot Town', 'littleroot-town', 1, 'city', true, false, false, 'Starter town. Choose Treecko, Torchic, or Mudkip.'),
('b8c9d0e1-f2a3-4567-bc78-901234567890', 'Route 101', 'route-101', 2, 'route', true, false, false, NULL),
('b8c9d0e1-f2a3-4567-bc78-901234567890', 'Oldale Town', 'oldale-town', 3, 'city', false, false, true, NULL),
('b8c9d0e1-f2a3-4567-bc78-901234567890', 'Route 103', 'route-103', 4, 'route', true, true, false, NULL),
('b8c9d0e1-f2a3-4567-bc78-901234567890', 'Route 102', 'route-102', 5, 'route', true, true, true, NULL),
('b8c9d0e1-f2a3-4567-bc78-901234567890', 'Petalburg City', 'petalburg-city', 6, 'city', false, false, true, NULL),
('b8c9d0e1-f2a3-4567-bc78-901234567890', 'Route 104 (South)', 'route-104-south', 7, 'route', true, true, true, NULL),
('b8c9d0e1-f2a3-4567-bc78-901234567890', 'Petalburg Woods', 'petalburg-woods', 8, 'cave', true, true, true, NULL),
('b8c9d0e1-f2a3-4567-bc78-901234567890', 'Route 104 (North)', 'route-104-north', 9, 'route', true, true, true, NULL),
('b8c9d0e1-f2a3-4567-bc78-901234567890', 'Rustboro City', 'rustboro-city', 10, 'city', false, true, true, 'Gym Leader Roxanne. Rock-type specialist.'),
('b8c9d0e1-f2a3-4567-bc78-901234567890', 'Route 116', 'route-116', 11, 'route', true, true, true, NULL),
('b8c9d0e1-f2a3-4567-bc78-901234567890', 'Rusturf Tunnel', 'rusturf-tunnel', 12, 'cave', true, false, true, NULL),
('b8c9d0e1-f2a3-4567-bc78-901234567890', 'Route 105', 'route-105', 13, 'water', true, true, false, NULL),
('b8c9d0e1-f2a3-4567-bc78-901234567890', 'Dewford Town', 'dewford-town', 14, 'city', false, true, true, 'Gym Leader Brawly. Fighting-type specialist.'),
('b8c9d0e1-f2a3-4567-bc78-901234567890', 'Granite Cave', 'granite-cave', 15, 'cave', true, false, true, NULL),
('b8c9d0e1-f2a3-4567-bc78-901234567890', 'Route 106', 'route-106', 16, 'water', true, true, false, NULL),
('b8c9d0e1-f2a3-4567-bc78-901234567890', 'Route 107', 'route-107', 17, 'water', true, true, false, NULL),
('b8c9d0e1-f2a3-4567-bc78-901234567890', 'Route 108', 'route-108', 18, 'water', true, true, false, NULL),
('b8c9d0e1-f2a3-4567-bc78-901234567890', 'Route 109', 'route-109', 19, 'water', true, true, false, NULL),
('b8c9d0e1-f2a3-4567-bc78-901234567890', 'Slateport City', 'slateport-city', 20, 'city', false, false, true, NULL),
('b8c9d0e1-f2a3-4567-bc78-901234567890', 'Route 110', 'route-110', 21, 'route', true, true, true, 'Cycling Road. Rival battle here.'),
('b8c9d0e1-f2a3-4567-bc78-901234567890', 'Mauville City', 'mauville-city', 22, 'city', false, true, true, 'Gym Leader Wattson. Electric-type specialist.'),
('b8c9d0e1-f2a3-4567-bc78-901234567890', 'Route 117', 'route-117', 23, 'route', true, true, true, NULL),
('b8c9d0e1-f2a3-4567-bc78-901234567890', 'Verdanturf Town', 'verdanturf-town', 24, 'city', false, false, true, NULL),
('b8c9d0e1-f2a3-4567-bc78-901234567890', 'Route 111', 'route-111', 25, 'route', true, true, true, 'Features a desert area accessible with Go-Goggles.'),
('b8c9d0e1-f2a3-4567-bc78-901234567890', 'Route 112', 'route-112', 26, 'route', true, true, false, NULL),
('b8c9d0e1-f2a3-4567-bc78-901234567890', 'Fiery Path', 'fiery-path', 27, 'cave', true, false, true, NULL),
('b8c9d0e1-f2a3-4567-bc78-901234567890', 'Route 113', 'route-113', 28, 'route', true, true, true, 'Ash-covered route.'),
('b8c9d0e1-f2a3-4567-bc78-901234567890', 'Fallarbor Town', 'fallarbor-town', 29, 'city', false, false, true, NULL),
('b8c9d0e1-f2a3-4567-bc78-901234567890', 'Route 114', 'route-114', 30, 'route', true, true, true, NULL),
('b8c9d0e1-f2a3-4567-bc78-901234567890', 'Meteor Falls', 'meteor-falls', 31, 'cave', true, false, true, NULL),
('b8c9d0e1-f2a3-4567-bc78-901234567890', 'Route 115', 'route-115', 32, 'route', true, true, false, NULL),
('b8c9d0e1-f2a3-4567-bc78-901234567890', 'Mt. Chimney', 'mt-chimney', 33, 'special', false, true, false, 'Team confrontation at the summit.'),
('b8c9d0e1-f2a3-4567-bc78-901234567890', 'Jagged Pass', 'jagged-pass', 34, 'route', true, true, false, NULL),
('b8c9d0e1-f2a3-4567-bc78-901234567890', 'Lavaridge Town', 'lavaridge-town', 35, 'city', false, true, true, 'Gym Leader Flannery. Fire-type specialist.'),
('b8c9d0e1-f2a3-4567-bc78-901234567890', 'Petalburg City Gym', 'petalburg-city-gym', 36, 'building', false, true, false, 'Gym Leader Norman. Normal-type specialist.'),
('b8c9d0e1-f2a3-4567-bc78-901234567890', 'Route 118', 'route-118', 37, 'route', true, true, false, 'Requires Surf.'),
('b8c9d0e1-f2a3-4567-bc78-901234567890', 'Route 119', 'route-119', 38, 'route', true, true, true, 'Weather Institute.'),
('b8c9d0e1-f2a3-4567-bc78-901234567890', 'Fortree City', 'fortree-city', 39, 'city', false, true, true, 'Gym Leader Winona. Flying-type specialist.'),
('b8c9d0e1-f2a3-4567-bc78-901234567890', 'Route 120', 'route-120', 40, 'route', true, true, true, NULL),
('b8c9d0e1-f2a3-4567-bc78-901234567890', 'Route 121', 'route-121', 41, 'route', true, true, false, NULL),
('b8c9d0e1-f2a3-4567-bc78-901234567890', 'Mt. Pyre', 'mt-pyre', 42, 'cave', true, true, true, NULL),
('b8c9d0e1-f2a3-4567-bc78-901234567890', 'Route 122', 'route-122', 43, 'water', true, false, false, NULL),
('b8c9d0e1-f2a3-4567-bc78-901234567890', 'Lilycove City', 'lilycove-city', 44, 'city', false, false, true, NULL),
('b8c9d0e1-f2a3-4567-bc78-901234567890', 'Route 123', 'route-123', 45, 'route', true, true, true, NULL),
('b8c9d0e1-f2a3-4567-bc78-901234567890', 'Route 124', 'route-124', 46, 'water', true, true, false, NULL),
('b8c9d0e1-f2a3-4567-bc78-901234567890', 'Mossdeep City', 'mossdeep-city', 47, 'city', false, true, true, 'Gym Leaders Tate & Liza. Psychic-type specialists.'),
('b8c9d0e1-f2a3-4567-bc78-901234567890', 'Route 125', 'route-125', 48, 'water', true, true, false, NULL),
('b8c9d0e1-f2a3-4567-bc78-901234567890', 'Shoal Cave', 'shoal-cave', 49, 'cave', true, false, true, 'Tidal cave. Changes with tides.'),
('b8c9d0e1-f2a3-4567-bc78-901234567890', 'Route 126', 'route-126', 50, 'water', true, false, false, NULL),
('b8c9d0e1-f2a3-4567-bc78-901234567890', 'Route 127', 'route-127', 51, 'water', true, true, false, NULL),
('b8c9d0e1-f2a3-4567-bc78-901234567890', 'Route 128', 'route-128', 52, 'water', true, true, false, NULL),
('b8c9d0e1-f2a3-4567-bc78-901234567890', 'Seafloor Cavern', 'seafloor-cavern', 53, 'cave', true, true, false, NULL),
('b8c9d0e1-f2a3-4567-bc78-901234567890', 'Sootopolis City', 'sootopolis-city', 54, 'city', false, true, true, 'Gym Leader Wallace. Water-type specialist.'),
('b8c9d0e1-f2a3-4567-bc78-901234567890', 'Route 129', 'route-129', 55, 'water', true, false, false, NULL),
('b8c9d0e1-f2a3-4567-bc78-901234567890', 'Route 130', 'route-130', 56, 'water', true, false, false, NULL),
('b8c9d0e1-f2a3-4567-bc78-901234567890', 'Route 131', 'route-131', 57, 'water', true, false, false, NULL),
('b8c9d0e1-f2a3-4567-bc78-901234567890', 'Pacifidlog Town', 'pacifidlog-town', 58, 'city', false, false, true, NULL),
('b8c9d0e1-f2a3-4567-bc78-901234567890', 'Route 132', 'route-132', 59, 'water', true, false, false, NULL),
('b8c9d0e1-f2a3-4567-bc78-901234567890', 'Route 133', 'route-133', 60, 'water', true, false, false, NULL),
('b8c9d0e1-f2a3-4567-bc78-901234567890', 'Route 134', 'route-134', 61, 'water', true, false, false, NULL),
('b8c9d0e1-f2a3-4567-bc78-901234567890', 'Ever Grande City', 'ever-grande-city', 62, 'city', false, false, false, NULL),
('b8c9d0e1-f2a3-4567-bc78-901234567890', 'Victory Road', 'victory-road', 63, 'cave', true, true, true, NULL),
('b8c9d0e1-f2a3-4567-bc78-901234567890', 'Pokemon League', 'pokemon-league', 64, 'building', false, true, false, 'Elite Four and Champion Steven.'),
('b8c9d0e1-f2a3-4567-bc78-901234567890', 'New Mauville', 'new-mauville', 65, 'building', true, false, true, 'Electric-type Pokemon.'),
('b8c9d0e1-f2a3-4567-bc78-901234567890', 'Sky Pillar', 'sky-pillar', 66, 'building', true, false, false, 'Rayquaza at the top.');

-- ===========================================
-- STEP 3: STARTER POKEMON
-- ===========================================

INSERT INTO public.encounters (route_id, pokemon_national_dex_id, method, encounter_rate, level_min, level_max)
SELECT r.id, 252, 'gift', NULL, 5, 5
FROM public.routes r WHERE r.slug = 'littleroot-town' AND r.game_id = 'b8c9d0e1-f2a3-4567-bc78-901234567890';

INSERT INTO public.encounters (route_id, pokemon_national_dex_id, method, encounter_rate, level_min, level_max)
SELECT r.id, 255, 'gift', NULL, 5, 5
FROM public.routes r WHERE r.slug = 'littleroot-town' AND r.game_id = 'b8c9d0e1-f2a3-4567-bc78-901234567890';

INSERT INTO public.encounters (route_id, pokemon_national_dex_id, method, encounter_rate, level_min, level_max)
SELECT r.id, 258, 'gift', NULL, 5, 5
FROM public.routes r WHERE r.slug = 'littleroot-town' AND r.game_id = 'b8c9d0e1-f2a3-4567-bc78-901234567890';

-- ===========================================
-- STEP 4: ENCOUNTER DATA (471 total)
-- ===========================================

CREATE TEMP TABLE _enc (slug TEXT, dex INT, method TEXT, rate DECIMAL(5,2), lmin INT, lmax INT, cond TEXT, ver_excl TEXT);
INSERT INTO _enc VALUES
('route-101', 252, 'gift', 100.00, 5, 5, NULL, NULL),
('route-101', 255, 'gift', 100.00, 5, 5, NULL, NULL),
('route-101', 258, 'gift', 100.00, 5, 5, NULL, NULL),
('route-101', 261, 'walking', 10.00, 2, 3, NULL, NULL),
('route-101', 263, 'walking', 45.00, 2, 3, NULL, NULL),
('route-101', 265, 'walking', 45.00, 2, 3, NULL, NULL),
('route-103', 72, 'fishing_good', 20.00, 10, 30, NULL, NULL),
('route-103', 72, 'fishing_old', 30.00, 5, 10, NULL, NULL),
('route-103', 72, 'surfing', 60.00, 5, 35, NULL, NULL),
('route-103', 129, 'fishing_good', 60.00, 10, 30, NULL, NULL),
('route-103', 129, 'fishing_old', 70.00, 5, 10, NULL, NULL),
('route-103', 261, 'walking', 30.00, 2, 4, NULL, NULL),
('route-103', 263, 'walking', 60.00, 2, 4, NULL, NULL),
('route-103', 278, 'surfing', 35.00, 10, 30, NULL, NULL),
('route-103', 278, 'walking', 10.00, 2, 4, NULL, NULL),
('route-103', 279, 'surfing', 5.00, 25, 30, NULL, NULL),
('route-103', 319, 'fishing_super', 40.00, 30, 35, NULL, NULL),
('route-103', 320, 'fishing_good', 20.00, 10, 30, NULL, NULL),
('route-103', 320, 'fishing_super', 60.00, 25, 45, NULL, NULL),
('route-102', 118, 'fishing_good', 20.00, 10, 30, NULL, NULL),
('route-102', 118, 'fishing_old', 30.00, 5, 10, NULL, NULL),
('route-102', 129, 'fishing_good', 60.00, 10, 30, NULL, NULL),
('route-102', 129, 'fishing_old', 70.00, 5, 10, NULL, NULL),
('route-102', 183, 'surfing', 99.00, 5, 35, NULL, NULL),
('route-102', 261, 'walking', 15.00, 3, 4, NULL, NULL),
('route-102', 263, 'walking', 30.00, 3, 4, NULL, NULL),
('route-102', 265, 'walking', 30.00, 3, 4, NULL, NULL),
('route-102', 270, 'walking', 20.00, 3, 4, NULL, NULL),
('route-102', 280, 'walking', 4.00, 4, 4, NULL, NULL),
('route-102', 283, 'surfing', 1.00, 20, 30, NULL, NULL),
('route-102', 283, 'walking', 1.00, 3, 3, NULL, NULL),
('route-102', 341, 'fishing_good', 20.00, 10, 30, NULL, NULL),
('route-102', 341, 'fishing_super', 100.00, 20, 45, NULL, NULL),
('route-104-south', 129, 'fishing_good', 100.00, 10, 30, NULL, NULL),
('route-104-south', 129, 'fishing_old', 100.00, 5, 10, NULL, NULL),
('route-104-south', 129, 'fishing_super', 100.00, 20, 45, NULL, NULL),
('route-104-south', 263, 'walking', 50.00, 4, 5, NULL, NULL),
('route-104-south', 265, 'walking', 30.00, 4, 5, NULL, NULL),
('route-104-south', 276, 'walking', 10.00, 4, 5, NULL, NULL),
('route-104-south', 278, 'surfing', 95.00, 10, 30, NULL, NULL),
('route-104-south', 278, 'walking', 10.00, 3, 5, NULL, NULL),
('route-104-south', 279, 'surfing', 5.00, 25, 30, NULL, NULL),
('petalburg-woods', 263, 'walking', 30.00, 5, 6, NULL, NULL),
('petalburg-woods', 265, 'walking', 25.00, 5, 6, NULL, NULL),
('petalburg-woods', 266, 'walking', 10.00, 5, 5, NULL, NULL),
('petalburg-woods', 268, 'walking', 10.00, 5, 5, NULL, NULL),
('petalburg-woods', 276, 'walking', 5.00, 5, 6, NULL, NULL),
('petalburg-woods', 285, 'walking', 15.00, 5, 6, NULL, NULL),
('petalburg-woods', 287, 'walking', 5.00, 5, 6, NULL, NULL),
('route-116', 263, 'walking', 28.00, 6, 8, NULL, NULL),
('route-116', 276, 'walking', 20.00, 6, 8, NULL, NULL),
('route-116', 290, 'walking', 20.00, 6, 7, NULL, NULL),
('route-116', 293, 'walking', 30.00, 6, 7, NULL, NULL),
('route-116', 300, 'walking', 2.00, 7, 8, NULL, NULL),
('rusturf-tunnel', 293, 'walking', 100.00, 5, 8, NULL, NULL),
('route-105', 72, 'fishing_good', 20.00, 10, 30, NULL, NULL),
('route-105', 72, 'fishing_old', 30.00, 5, 10, NULL, NULL),
('route-105', 72, 'surfing', 60.00, 5, 35, NULL, NULL),
('route-105', 129, 'fishing_good', 60.00, 10, 30, NULL, NULL),
('route-105', 129, 'fishing_old', 70.00, 5, 10, NULL, NULL),
('route-105', 278, 'surfing', 35.00, 10, 30, NULL, NULL),
('route-105', 279, 'surfing', 5.00, 25, 30, NULL, NULL),
('route-105', 320, 'fishing_good', 20.00, 10, 30, NULL, NULL),
('route-105', 320, 'fishing_super', 100.00, 20, 45, NULL, NULL),
('granite-cave', 41, 'walking', 90.00, 7, 11, NULL, NULL),
('granite-cave', 63, 'walking', 30.00, 8, 10, NULL, NULL),
('granite-cave', 74, 'walking', 10.00, 6, 9, NULL, NULL),
('granite-cave', 296, 'walking', 60.00, 6, 11, NULL, NULL),
('granite-cave', 302, 'walking', 30.00, 9, 12, NULL, NULL),
('granite-cave', 304, 'walking', 80.00, 9, 12, NULL, NULL),
('granite-cave', 74, 'rock_smash', 70.00, 5, 20, NULL, NULL),
('granite-cave', 299, 'rock_smash', 30.00, 10, 20, NULL, NULL),
('route-106', 72, 'fishing_good', 20.00, 10, 30, NULL, NULL),
('route-106', 72, 'fishing_old', 30.00, 5, 10, NULL, NULL),
('route-106', 72, 'surfing', 60.00, 5, 35, NULL, NULL),
('route-106', 129, 'fishing_good', 60.00, 10, 30, NULL, NULL),
('route-106', 129, 'fishing_old', 70.00, 5, 10, NULL, NULL),
('route-106', 278, 'surfing', 35.00, 10, 30, NULL, NULL),
('route-106', 279, 'surfing', 5.00, 25, 30, NULL, NULL),
('route-106', 320, 'fishing_good', 20.00, 10, 30, NULL, NULL),
('route-106', 320, 'fishing_super', 100.00, 20, 45, NULL, NULL),
('route-107', 72, 'fishing_good', 20.00, 10, 30, NULL, NULL),
('route-107', 72, 'fishing_old', 30.00, 5, 10, NULL, NULL),
('route-107', 72, 'surfing', 60.00, 5, 35, NULL, NULL),
('route-107', 129, 'fishing_good', 60.00, 10, 30, NULL, NULL),
('route-107', 129, 'fishing_old', 70.00, 5, 10, NULL, NULL),
('route-107', 278, 'surfing', 35.00, 10, 30, NULL, NULL),
('route-107', 279, 'surfing', 5.00, 25, 30, NULL, NULL),
('route-107', 320, 'fishing_good', 20.00, 10, 30, NULL, NULL),
('route-107', 320, 'fishing_super', 100.00, 20, 45, NULL, NULL),
('route-108', 72, 'fishing_good', 20.00, 10, 30, NULL, NULL),
('route-108', 72, 'fishing_old', 30.00, 5, 10, NULL, NULL),
('route-108', 72, 'surfing', 60.00, 5, 35, NULL, NULL),
('route-108', 129, 'fishing_good', 60.00, 10, 30, NULL, NULL),
('route-108', 129, 'fishing_old', 70.00, 5, 10, NULL, NULL),
('route-108', 278, 'surfing', 35.00, 10, 30, NULL, NULL),
('route-108', 279, 'surfing', 5.00, 25, 30, NULL, NULL),
('route-108', 320, 'fishing_good', 20.00, 10, 30, NULL, NULL),
('route-108', 320, 'fishing_super', 100.00, 20, 45, NULL, NULL),
('route-109', 72, 'fishing_good', 20.00, 10, 30, NULL, NULL),
('route-109', 72, 'fishing_old', 30.00, 5, 10, NULL, NULL),
('route-109', 72, 'surfing', 60.00, 5, 35, NULL, NULL),
('route-109', 129, 'fishing_good', 60.00, 10, 30, NULL, NULL),
('route-109', 129, 'fishing_old', 70.00, 5, 10, NULL, NULL),
('route-109', 278, 'surfing', 35.00, 10, 30, NULL, NULL),
('route-109', 279, 'surfing', 5.00, 25, 30, NULL, NULL),
('route-109', 320, 'fishing_good', 20.00, 10, 30, NULL, NULL),
('route-109', 320, 'fishing_super', 100.00, 20, 45, NULL, NULL),
('route-110', 43, 'walking', 10.00, 13, 13, NULL, NULL),
('route-110', 72, 'fishing_good', 20.00, 10, 30, NULL, NULL),
('route-110', 72, 'fishing_old', 30.00, 5, 10, NULL, NULL),
('route-110', 72, 'surfing', 60.00, 5, 35, NULL, NULL),
('route-110', 129, 'fishing_good', 60.00, 10, 30, NULL, NULL),
('route-110', 129, 'fishing_old', 70.00, 5, 10, NULL, NULL),
('route-110', 263, 'walking', 20.00, 12, 12, NULL, NULL),
('route-110', 278, 'surfing', 35.00, 10, 30, NULL, NULL),
('route-110', 278, 'walking', 8.00, 12, 12, NULL, NULL),
('route-110', 279, 'surfing', 5.00, 25, 30, NULL, NULL),
('route-110', 309, 'walking', 30.00, 12, 13, NULL, NULL),
('route-110', 311, 'walking', 15.00, 13, 13, NULL, NULL),
('route-110', 312, 'walking', 2.00, 12, 13, NULL, NULL),
('route-110', 316, 'walking', 15.00, 12, 13, NULL, NULL),
('route-110', 320, 'fishing_good', 20.00, 10, 30, NULL, NULL),
('route-110', 320, 'fishing_super', 100.00, 20, 45, NULL, NULL),
('route-117', 43, 'walking', 10.00, 13, 13, NULL, NULL),
('route-117', 118, 'fishing_good', 20.00, 10, 30, NULL, NULL),
('route-117', 118, 'fishing_old', 30.00, 5, 10, NULL, NULL),
('route-117', 129, 'fishing_good', 60.00, 10, 30, NULL, NULL),
('route-117', 129, 'fishing_old', 70.00, 5, 10, NULL, NULL),
('route-117', 183, 'surfing', 99.00, 5, 35, NULL, NULL),
('route-117', 183, 'walking', 10.00, 13, 13, NULL, NULL),
('route-117', 263, 'walking', 30.00, 13, 14, NULL, NULL),
('route-117', 283, 'surfing', 1.00, 20, 30, NULL, NULL),
('route-117', 283, 'walking', 1.00, 13, 13, NULL, NULL),
('route-117', 313, 'walking', 18.00, 13, 14, NULL, NULL),
('route-117', 314, 'walking', 1.00, 13, 13, NULL, NULL),
('route-117', 315, 'walking', 30.00, 13, 14, NULL, NULL),
('route-117', 341, 'fishing_good', 20.00, 10, 30, NULL, NULL),
('route-117', 341, 'fishing_super', 100.00, 20, 45, NULL, NULL),
('route-111', 27, 'walking', 35.00, 19, 21, NULL, NULL),
('route-111', 74, 'rock_smash', 100.00, 5, 20, NULL, NULL),
('route-111', 118, 'fishing_good', 20.00, 10, 30, NULL, NULL),
('route-111', 118, 'fishing_old', 30.00, 5, 10, NULL, NULL),
('route-111', 129, 'fishing_good', 60.00, 10, 30, NULL, NULL),
('route-111', 129, 'fishing_old', 70.00, 5, 10, NULL, NULL),
('route-111', 183, 'surfing', 99.00, 5, 35, NULL, NULL),
('route-111', 283, 'surfing', 1.00, 20, 30, NULL, NULL),
('route-111', 328, 'walking', 35.00, 19, 21, NULL, NULL),
('route-111', 331, 'walking', 20.00, 19, 21, NULL, NULL),
('route-111', 339, 'fishing_good', 20.00, 10, 30, NULL, NULL),
('route-111', 339, 'fishing_super', 100.00, 20, 45, NULL, NULL),
('route-111', 343, 'walking', 10.00, 20, 22, NULL, NULL),
('route-112', 66, 'walking', 25.00, 14, 16, NULL, NULL),
('route-112', 322, 'walking', 75.00, 14, 16, NULL, NULL),
('fiery-path', 66, 'walking', 15.00, 15, 16, NULL, NULL),
('fiery-path', 88, 'walking', 25.00, 15, 16, NULL, NULL),
('fiery-path', 109, 'walking', 2.00, 14, 14, NULL, NULL),
('fiery-path', 218, 'walking', 10.00, 15, 15, NULL, NULL),
('fiery-path', 322, 'walking', 30.00, 15, 16, NULL, NULL),
('fiery-path', 324, 'walking', 18.00, 14, 16, NULL, NULL),
('route-113', 27, 'walking', 25.00, 14, 16, NULL, NULL),
('route-113', 227, 'walking', 5.00, 16, 16, NULL, NULL),
('route-113', 327, 'walking', 70.00, 14, 16, NULL, NULL),
('route-114', 74, 'rock_smash', 100.00, 5, 20, NULL, NULL),
('route-114', 118, 'fishing_good', 20.00, 10, 30, NULL, NULL),
('route-114', 118, 'fishing_old', 30.00, 5, 10, NULL, NULL),
('route-114', 129, 'fishing_good', 60.00, 10, 30, NULL, NULL),
('route-114', 129, 'fishing_old', 70.00, 5, 10, NULL, NULL),
('route-114', 183, 'surfing', 99.00, 5, 35, NULL, NULL),
('route-114', 270, 'walking', 30.00, 15, 16, NULL, NULL),
('route-114', 271, 'walking', 10.00, 16, 18, NULL, NULL),
('route-114', 283, 'surfing', 1.00, 20, 30, NULL, NULL),
('route-114', 283, 'walking', 1.00, 15, 15, NULL, NULL),
('route-114', 333, 'walking', 40.00, 15, 17, NULL, NULL),
('route-114', 336, 'walking', 19.00, 15, 17, NULL, NULL),
('route-114', 339, 'fishing_good', 20.00, 10, 30, NULL, NULL),
('route-114', 339, 'fishing_super', 100.00, 20, 45, NULL, NULL),
('meteor-falls', 41, 'surfing', 90.00, 5, 35, NULL, NULL),
('meteor-falls', 41, 'walking', 80.00, 14, 20, NULL, NULL),
('meteor-falls', 118, 'fishing_good', 60.00, 10, 30, NULL, NULL),
('meteor-falls', 118, 'fishing_old', 90.00, 5, 10, NULL, NULL),
('meteor-falls', 129, 'fishing_good', 180.00, 10, 30, NULL, NULL),
('meteor-falls', 129, 'fishing_old', 210.00, 5, 10, NULL, NULL),
('meteor-falls', 337, 'surfing', 30.00, 5, 35, NULL, NULL),
('meteor-falls', 337, 'walking', 90.00, 14, 39, NULL, NULL),
('meteor-falls', 339, 'fishing_good', 60.00, 10, 30, NULL, NULL),
('meteor-falls', 339, 'fishing_super', 260.00, 20, 45, NULL, NULL),
('meteor-falls', 42, 'surfing', 180.00, 30, 35, NULL, NULL),
('meteor-falls', 42, 'walking', 130.00, 33, 40, NULL, NULL),
('meteor-falls', 340, 'fishing_super', 40.00, 30, 45, NULL, NULL),
('route-115', 39, 'walking', 10.00, 24, 25, NULL, NULL),
('route-115', 72, 'fishing_good', 20.00, 10, 30, NULL, NULL),
('route-115', 72, 'fishing_old', 30.00, 5, 10, NULL, NULL),
('route-115', 72, 'surfing', 60.00, 5, 35, NULL, NULL),
('route-115', 129, 'fishing_good', 60.00, 10, 30, NULL, NULL),
('route-115', 129, 'fishing_old', 70.00, 5, 10, NULL, NULL),
('route-115', 276, 'walking', 40.00, 23, 25, NULL, NULL),
('route-115', 277, 'walking', 10.00, 25, 25, NULL, NULL),
('route-115', 278, 'surfing', 35.00, 10, 30, NULL, NULL),
('route-115', 278, 'walking', 10.00, 24, 26, NULL, NULL),
('route-115', 279, 'surfing', 5.00, 25, 30, NULL, NULL),
('route-115', 320, 'fishing_good', 20.00, 10, 30, NULL, NULL),
('route-115', 320, 'fishing_super', 100.00, 20, 45, NULL, NULL),
('route-115', 333, 'walking', 30.00, 23, 25, NULL, NULL),
('jagged-pass', 66, 'walking', 25.00, 20, 22, NULL, NULL),
('jagged-pass', 322, 'walking', 55.00, 20, 22, NULL, NULL),
('jagged-pass', 325, 'walking', 20.00, 20, 22, NULL, NULL),
('route-118', 72, 'fishing_good', 20.00, 10, 30, NULL, NULL),
('route-118', 72, 'fishing_old', 30.00, 5, 10, NULL, NULL),
('route-118', 72, 'surfing', 60.00, 5, 35, NULL, NULL),
('route-118', 129, 'fishing_good', 60.00, 10, 30, NULL, NULL),
('route-118', 129, 'fishing_old', 70.00, 5, 10, NULL, NULL),
('route-118', 263, 'walking', 30.00, 24, 26, NULL, NULL),
('route-118', 264, 'walking', 10.00, 26, 26, NULL, NULL),
('route-118', 278, 'surfing', 35.00, 10, 30, NULL, NULL),
('route-118', 278, 'walking', 19.00, 25, 27, NULL, NULL),
('route-118', 279, 'surfing', 5.00, 25, 30, NULL, NULL),
('route-118', 309, 'walking', 30.00, 24, 26, NULL, NULL),
('route-118', 310, 'walking', 10.00, 26, 26, NULL, NULL),
('route-118', 318, 'fishing_good', 20.00, 10, 30, NULL, NULL),
('route-118', 318, 'fishing_super', 60.00, 20, 45, NULL, NULL),
('route-118', 319, 'fishing_super', 40.00, 30, 35, NULL, NULL),
('route-118', 352, 'walking', 1.00, 25, 25, NULL, NULL),
('route-119', 43, 'walking', 30.00, 24, 27, NULL, NULL),
('route-119', 72, 'fishing_good', 20.00, 10, 30, NULL, NULL),
('route-119', 72, 'fishing_old', 30.00, 5, 10, NULL, NULL),
('route-119', 72, 'surfing', 60.00, 5, 35, NULL, NULL),
('route-119', 129, 'fishing_good', 60.00, 10, 30, NULL, NULL),
('route-119', 129, 'fishing_old', 70.00, 5, 10, NULL, NULL),
('route-119', 263, 'walking', 30.00, 25, 27, NULL, NULL),
('route-119', 264, 'walking', 30.00, 25, 27, NULL, NULL),
('route-119', 278, 'surfing', 35.00, 10, 30, NULL, NULL),
('route-119', 279, 'surfing', 5.00, 25, 30, NULL, NULL),
('route-119', 318, 'fishing_good', 20.00, 10, 30, NULL, NULL),
('route-119', 318, 'fishing_super', 100.00, 20, 45, NULL, NULL),
('route-119', 352, 'walking', 1.00, 25, 25, NULL, NULL),
('route-119', 357, 'walking', 9.00, 25, 27, NULL, NULL),
('route-120', 43, 'walking', 25.00, 25, 27, NULL, NULL),
('route-120', 118, 'fishing_good', 20.00, 10, 30, NULL, NULL),
('route-120', 118, 'fishing_old', 30.00, 5, 10, NULL, NULL),
('route-120', 129, 'fishing_good', 60.00, 10, 30, NULL, NULL),
('route-120', 129, 'fishing_old', 70.00, 5, 10, NULL, NULL),
('route-120', 183, 'surfing', 99.00, 5, 35, NULL, NULL),
('route-120', 183, 'walking', 15.00, 25, 27, NULL, NULL),
('route-120', 263, 'walking', 20.00, 25, 25, NULL, NULL),
('route-120', 264, 'walking', 30.00, 25, 27, NULL, NULL),
('route-120', 283, 'surfing', 1.00, 20, 30, NULL, NULL),
('route-120', 283, 'walking', 1.00, 25, 25, NULL, NULL),
('route-120', 339, 'fishing_good', 20.00, 10, 30, NULL, NULL),
('route-120', 339, 'fishing_super', 100.00, 20, 45, NULL, NULL),
('route-120', 352, 'walking', 1.00, 25, 25, NULL, NULL),
('route-120', 359, 'walking', 8.00, 25, 27, NULL, NULL),
('route-121', 43, 'walking', 15.00, 26, 28, NULL, NULL),
('route-121', 44, 'walking', 5.00, 28, 28, NULL, NULL),
('route-121', 72, 'fishing_good', 20.00, 10, 30, NULL, NULL),
('route-121', 72, 'fishing_old', 30.00, 5, 10, NULL, NULL),
('route-121', 72, 'surfing', 60.00, 5, 35, NULL, NULL),
('route-121', 129, 'fishing_good', 60.00, 10, 30, NULL, NULL),
('route-121', 129, 'fishing_old', 70.00, 5, 10, NULL, NULL),
('route-121', 263, 'walking', 20.00, 26, 26, NULL, NULL),
('route-121', 264, 'walking', 20.00, 26, 28, NULL, NULL),
('route-121', 278, 'surfing', 35.00, 10, 30, NULL, NULL),
('route-121', 278, 'walking', 9.00, 26, 28, NULL, NULL),
('route-121', 279, 'surfing', 5.00, 25, 30, NULL, NULL),
('route-121', 320, 'fishing_good', 20.00, 10, 30, NULL, NULL),
('route-121', 320, 'fishing_super', 100.00, 20, 45, NULL, NULL),
('route-121', 352, 'walking', 1.00, 25, 25, NULL, NULL),
('route-121', 353, 'walking', 30.00, 26, 28, NULL, NULL),
('mt-pyre', 353, 'walking', 695.00, 22, 30, NULL, NULL),
('mt-pyre', 355, 'walking', 43.00, 25, 30, NULL, NULL),
('mt-pyre', 37, 'walking', 20.00, 25, 29, NULL, NULL),
('mt-pyre', 278, 'walking', 10.00, 26, 28, NULL, NULL),
('mt-pyre', 307, 'walking', 30.00, 27, 29, NULL, NULL),
('mt-pyre', 358, 'walking', 2.00, 28, 28, NULL, NULL),
('route-122', 72, 'fishing_good', 20.00, 10, 30, NULL, NULL),
('route-122', 72, 'fishing_old', 30.00, 5, 10, NULL, NULL),
('route-122', 72, 'surfing', 60.00, 5, 35, NULL, NULL),
('route-122', 129, 'fishing_good', 60.00, 10, 30, NULL, NULL),
('route-122', 129, 'fishing_old', 70.00, 5, 10, NULL, NULL),
('route-122', 278, 'surfing', 35.00, 10, 30, NULL, NULL),
('route-122', 279, 'surfing', 5.00, 25, 30, NULL, NULL),
('route-122', 319, 'fishing_super', 40.00, 30, 35, NULL, NULL),
('route-122', 320, 'fishing_good', 20.00, 10, 30, NULL, NULL),
('route-122', 320, 'fishing_super', 60.00, 25, 45, NULL, NULL),
('route-123', 43, 'walking', 15.00, 26, 28, NULL, NULL),
('route-123', 44, 'walking', 5.00, 28, 28, NULL, NULL),
('route-123', 72, 'fishing_good', 20.00, 10, 30, NULL, NULL),
('route-123', 72, 'fishing_old', 30.00, 5, 10, NULL, NULL),
('route-123', 72, 'surfing', 60.00, 5, 35, NULL, NULL),
('route-123', 129, 'fishing_good', 60.00, 10, 30, NULL, NULL),
('route-123', 129, 'fishing_old', 70.00, 5, 10, NULL, NULL),
('route-123', 263, 'walking', 20.00, 26, 26, NULL, NULL),
('route-123', 264, 'walking', 20.00, 26, 28, NULL, NULL),
('route-123', 278, 'surfing', 35.00, 10, 30, NULL, NULL),
('route-123', 278, 'walking', 9.00, 26, 28, NULL, NULL),
('route-123', 279, 'surfing', 5.00, 25, 30, NULL, NULL),
('route-123', 320, 'fishing_good', 20.00, 10, 30, NULL, NULL),
('route-123', 320, 'fishing_super', 100.00, 20, 45, NULL, NULL),
('route-123', 352, 'walking', 1.00, 25, 25, NULL, NULL),
('route-123', 353, 'walking', 30.00, 26, 28, NULL, NULL),
('route-124', 72, 'fishing_good', 20.00, 10, 30, NULL, NULL),
('route-124', 72, 'fishing_old', 30.00, 5, 10, NULL, NULL),
('route-124', 72, 'surfing', 60.00, 5, 35, NULL, NULL),
('route-124', 129, 'fishing_good', 60.00, 10, 30, NULL, NULL),
('route-124', 129, 'fishing_old', 70.00, 5, 10, NULL, NULL),
('route-124', 278, 'surfing', 35.00, 10, 30, NULL, NULL),
('route-124', 279, 'surfing', 5.00, 25, 30, NULL, NULL),
('route-124', 319, 'fishing_super', 40.00, 30, 35, NULL, NULL),
('route-124', 320, 'fishing_good', 20.00, 10, 30, NULL, NULL),
('route-124', 320, 'fishing_super', 60.00, 25, 45, NULL, NULL),
('route-125', 72, 'fishing_good', 20.00, 10, 30, NULL, NULL),
('route-125', 72, 'fishing_old', 30.00, 5, 10, NULL, NULL),
('route-125', 72, 'surfing', 60.00, 5, 35, NULL, NULL),
('route-125', 129, 'fishing_good', 60.00, 10, 30, NULL, NULL),
('route-125', 129, 'fishing_old', 70.00, 5, 10, NULL, NULL),
('route-125', 278, 'surfing', 35.00, 10, 30, NULL, NULL),
('route-125', 279, 'surfing', 5.00, 25, 30, NULL, NULL),
('route-125', 319, 'fishing_super', 40.00, 30, 35, NULL, NULL),
('route-125', 320, 'fishing_good', 20.00, 10, 30, NULL, NULL),
('route-125', 320, 'fishing_super', 60.00, 25, 45, NULL, NULL),
('shoal-cave', 41, 'surfing', 30.00, 5, 35, NULL, NULL),
('shoal-cave', 41, 'walking', 85.00, 26, 32, NULL, NULL),
('shoal-cave', 42, 'walking', 10.00, 30, 32, NULL, NULL),
('shoal-cave', 72, 'fishing_good', 20.00, 10, 30, NULL, NULL),
('shoal-cave', 72, 'fishing_old', 30.00, 5, 10, NULL, NULL),
('shoal-cave', 72, 'surfing', 60.00, 5, 35, NULL, NULL),
('shoal-cave', 129, 'fishing_good', 60.00, 10, 30, NULL, NULL),
('shoal-cave', 129, 'fishing_old', 70.00, 5, 10, NULL, NULL),
('shoal-cave', 320, 'fishing_good', 20.00, 10, 30, NULL, NULL),
('shoal-cave', 320, 'fishing_super', 100.00, 20, 45, NULL, NULL),
('shoal-cave', 363, 'surfing', 10.00, 25, 35, NULL, NULL),
('shoal-cave', 363, 'walking', 95.00, 26, 32, NULL, NULL),
('shoal-cave', 361, 'walking', 10.00, 26, 30, NULL, NULL),
('route-126', 72, 'fishing_good', 20.00, 10, 30, NULL, NULL),
('route-126', 72, 'fishing_old', 30.00, 5, 10, NULL, NULL),
('route-126', 72, 'surfing', 60.00, 5, 35, NULL, NULL),
('route-126', 129, 'fishing_good', 60.00, 10, 30, NULL, NULL),
('route-126', 129, 'fishing_old', 70.00, 5, 10, NULL, NULL),
('route-126', 278, 'surfing', 35.00, 10, 30, NULL, NULL),
('route-126', 279, 'surfing', 5.00, 25, 30, NULL, NULL),
('route-126', 319, 'fishing_super', 40.00, 30, 35, NULL, NULL),
('route-126', 320, 'fishing_good', 20.00, 10, 30, NULL, NULL),
('route-126', 320, 'fishing_super', 60.00, 25, 45, NULL, NULL),
('route-127', 72, 'fishing_good', 20.00, 10, 30, NULL, NULL),
('route-127', 72, 'fishing_old', 30.00, 5, 10, NULL, NULL),
('route-127', 72, 'surfing', 60.00, 5, 35, NULL, NULL),
('route-127', 129, 'fishing_good', 60.00, 10, 30, NULL, NULL),
('route-127', 129, 'fishing_old', 70.00, 5, 10, NULL, NULL),
('route-127', 278, 'surfing', 35.00, 10, 30, NULL, NULL),
('route-127', 279, 'surfing', 5.00, 25, 30, NULL, NULL),
('route-127', 319, 'fishing_super', 40.00, 30, 35, NULL, NULL),
('route-127', 320, 'fishing_good', 20.00, 10, 30, NULL, NULL),
('route-127', 320, 'fishing_super', 60.00, 25, 45, NULL, NULL),
('route-128', 72, 'fishing_old', 30.00, 5, 10, NULL, NULL),
('route-128', 72, 'surfing', 60.00, 5, 35, NULL, NULL),
('route-128', 129, 'fishing_good', 60.00, 10, 30, NULL, NULL),
('route-128', 129, 'fishing_old', 70.00, 5, 10, NULL, NULL),
('route-128', 222, 'fishing_super', 15.00, 30, 35, NULL, NULL),
('route-128', 278, 'surfing', 35.00, 10, 30, NULL, NULL),
('route-128', 279, 'surfing', 5.00, 25, 30, NULL, NULL),
('route-128', 320, 'fishing_good', 20.00, 10, 30, NULL, NULL),
('route-128', 320, 'fishing_super', 45.00, 30, 45, NULL, NULL),
('route-128', 370, 'fishing_good', 20.00, 10, 30, NULL, NULL),
('route-128', 370, 'fishing_super', 40.00, 30, 35, NULL, NULL),
('seafloor-cavern', 41, 'surfing', 35.00, 5, 35, NULL, NULL),
('seafloor-cavern', 41, 'walking', 90.00, 28, 35, NULL, NULL),
('seafloor-cavern', 42, 'surfing', 5.00, 30, 35, NULL, NULL),
('seafloor-cavern', 42, 'walking', 10.00, 33, 36, NULL, NULL),
('seafloor-cavern', 72, 'fishing_good', 20.00, 10, 30, NULL, NULL),
('seafloor-cavern', 72, 'fishing_old', 30.00, 5, 10, NULL, NULL),
('seafloor-cavern', 72, 'surfing', 60.00, 5, 35, NULL, NULL),
('seafloor-cavern', 129, 'fishing_good', 60.00, 10, 30, NULL, NULL),
('seafloor-cavern', 129, 'fishing_old', 70.00, 5, 10, NULL, NULL),
('seafloor-cavern', 320, 'fishing_good', 20.00, 10, 30, NULL, NULL),
('seafloor-cavern', 320, 'fishing_super', 100.00, 20, 45, NULL, NULL),
('route-129', 72, 'fishing_good', 20.00, 10, 30, NULL, NULL),
('route-129', 72, 'fishing_old', 30.00, 5, 10, NULL, NULL),
('route-129', 72, 'surfing', 60.00, 5, 35, NULL, NULL),
('route-129', 129, 'fishing_good', 60.00, 10, 30, NULL, NULL),
('route-129', 129, 'fishing_old', 70.00, 5, 10, NULL, NULL),
('route-129', 278, 'surfing', 35.00, 10, 30, NULL, NULL),
('route-129', 279, 'surfing', 4.00, 25, 30, NULL, NULL),
('route-129', 319, 'fishing_super', 40.00, 30, 35, NULL, NULL),
('route-129', 320, 'fishing_good', 20.00, 10, 30, NULL, NULL),
('route-129', 320, 'fishing_super', 60.00, 25, 45, NULL, NULL),
('route-129', 321, 'surfing', 1.00, 25, 30, NULL, NULL),
('route-130', 72, 'fishing_good', 20.00, 10, 30, NULL, NULL),
('route-130', 72, 'fishing_old', 30.00, 5, 10, NULL, NULL),
('route-130', 72, 'surfing', 60.00, 5, 35, NULL, NULL),
('route-130', 129, 'fishing_good', 60.00, 10, 30, NULL, NULL),
('route-130', 129, 'fishing_old', 70.00, 5, 10, NULL, NULL),
('route-130', 278, 'surfing', 35.00, 10, 30, NULL, NULL),
('route-130', 279, 'surfing', 5.00, 25, 30, NULL, NULL),
('route-130', 319, 'fishing_super', 40.00, 30, 35, NULL, NULL),
('route-130', 320, 'fishing_good', 20.00, 10, 30, NULL, NULL),
('route-130', 320, 'fishing_super', 60.00, 25, 45, NULL, NULL),
('route-130', 360, 'walking', 100.00, 5, 50, NULL, NULL),
('route-131', 72, 'fishing_good', 20.00, 10, 30, NULL, NULL),
('route-131', 72, 'fishing_old', 30.00, 5, 10, NULL, NULL),
('route-131', 72, 'surfing', 60.00, 5, 35, NULL, NULL),
('route-131', 129, 'fishing_good', 60.00, 10, 30, NULL, NULL),
('route-131', 129, 'fishing_old', 70.00, 5, 10, NULL, NULL),
('route-131', 278, 'surfing', 35.00, 10, 30, NULL, NULL),
('route-131', 279, 'surfing', 5.00, 25, 30, NULL, NULL),
('route-131', 319, 'fishing_super', 40.00, 30, 35, NULL, NULL),
('route-131', 320, 'fishing_good', 20.00, 10, 30, NULL, NULL),
('route-131', 320, 'fishing_super', 60.00, 25, 45, NULL, NULL),
('route-132', 72, 'fishing_good', 20.00, 10, 30, NULL, NULL),
('route-132', 72, 'fishing_old', 30.00, 5, 10, NULL, NULL),
('route-132', 72, 'surfing', 60.00, 5, 35, NULL, NULL),
('route-132', 116, 'fishing_super', 15.00, 25, 30, NULL, NULL),
('route-132', 129, 'fishing_good', 60.00, 10, 30, NULL, NULL),
('route-132', 129, 'fishing_old', 70.00, 5, 10, NULL, NULL),
('route-132', 278, 'surfing', 35.00, 10, 30, NULL, NULL),
('route-132', 279, 'surfing', 5.00, 25, 30, NULL, NULL),
('route-132', 319, 'fishing_super', 40.00, 30, 35, NULL, NULL),
('route-132', 320, 'fishing_good', 20.00, 10, 30, NULL, NULL),
('route-132', 320, 'fishing_super', 45.00, 30, 45, NULL, NULL),
('route-133', 72, 'fishing_good', 20.00, 10, 30, NULL, NULL),
('route-133', 72, 'fishing_old', 30.00, 5, 10, NULL, NULL),
('route-133', 72, 'surfing', 60.00, 5, 35, NULL, NULL),
('route-133', 116, 'fishing_super', 15.00, 25, 30, NULL, NULL),
('route-133', 129, 'fishing_good', 60.00, 10, 30, NULL, NULL),
('route-133', 129, 'fishing_old', 70.00, 5, 10, NULL, NULL),
('route-133', 278, 'surfing', 35.00, 10, 30, NULL, NULL),
('route-133', 279, 'surfing', 5.00, 25, 30, NULL, NULL),
('route-133', 319, 'fishing_super', 40.00, 30, 35, NULL, NULL),
('route-133', 320, 'fishing_good', 20.00, 10, 30, NULL, NULL),
('route-133', 320, 'fishing_super', 45.00, 30, 45, NULL, NULL),
('route-134', 72, 'fishing_good', 20.00, 10, 30, NULL, NULL),
('route-134', 72, 'fishing_old', 30.00, 5, 10, NULL, NULL),
('route-134', 72, 'surfing', 60.00, 5, 35, NULL, NULL),
('route-134', 116, 'fishing_super', 15.00, 25, 30, NULL, NULL),
('route-134', 129, 'fishing_good', 60.00, 10, 30, NULL, NULL),
('route-134', 129, 'fishing_old', 70.00, 5, 10, NULL, NULL),
('route-134', 278, 'surfing', 35.00, 10, 30, NULL, NULL),
('route-134', 279, 'surfing', 5.00, 25, 30, NULL, NULL),
('route-134', 319, 'fishing_super', 40.00, 30, 35, NULL, NULL),
('route-134', 320, 'fishing_good', 20.00, 10, 30, NULL, NULL),
('route-134', 320, 'fishing_super', 45.00, 30, 45, NULL, NULL),
('victory-road', 41, 'walking', 10.00, 36, 36, NULL, NULL),
('victory-road', 42, 'walking', 95.00, 38, 44, NULL, NULL),
('victory-road', 293, 'walking', 5.00, 36, 36, NULL, NULL),
('victory-road', 294, 'walking', 10.00, 40, 40, NULL, NULL),
('victory-road', 296, 'walking', 10.00, 36, 36, NULL, NULL),
('victory-road', 297, 'walking', 60.00, 38, 42, NULL, NULL),
('victory-road', 304, 'walking', 5.00, 36, 36, NULL, NULL),
('victory-road', 305, 'walking', 40.00, 40, 44, NULL, NULL),
('victory-road', 74, 'rock_smash', 30.00, 30, 40, NULL, NULL),
('victory-road', 75, 'rock_smash', 70.00, 30, 40, NULL, NULL),
('victory-road', 307, 'walking', 5.00, 38, 38, NULL, NULL),
('victory-road', 308, 'walking', 25.00, 40, 44, NULL, NULL),
('victory-road', 42, 'surfing', 100.00, 25, 40, NULL, NULL),
('victory-road', 118, 'fishing_good', 20.00, 10, 30, NULL, NULL),
('victory-road', 118, 'fishing_old', 30.00, 5, 10, NULL, NULL),
('victory-road', 129, 'fishing_good', 60.00, 10, 30, NULL, NULL),
('victory-road', 129, 'fishing_old', 70.00, 5, 10, NULL, NULL),
('victory-road', 302, 'walking', 35.00, 40, 44, NULL, NULL),
('victory-road', 339, 'fishing_good', 20.00, 10, 30, NULL, NULL),
('victory-road', 339, 'fishing_super', 80.00, 25, 35, NULL, NULL),
('victory-road', 340, 'fishing_super', 20.00, 30, 45, NULL, NULL),
('new-mauville', 81, 'walking', 99.00, 22, 26, NULL, NULL),
('new-mauville', 100, 'walking', 99.00, 22, 26, NULL, NULL),
('new-mauville', 82, 'walking', 1.00, 26, 26, NULL, NULL),
('new-mauville', 100, 'static', 300.00, 25, 25, NULL, NULL),
('new-mauville', 101, 'walking', 1.00, 26, 26, NULL, NULL),
('sky-pillar', 42, 'walking', 90.00, 48, 56, NULL, NULL),
('sky-pillar', 302, 'walking', 90.00, 48, 56, NULL, NULL),
('sky-pillar', 344, 'walking', 69.00, 47, 56, NULL, NULL),
('sky-pillar', 354, 'walking', 45.00, 48, 56, NULL, NULL),
('sky-pillar', 334, 'walking', 6.00, 54, 60, NULL, NULL);

INSERT INTO public.encounters (route_id, pokemon_national_dex_id, method, encounter_rate, level_min, level_max, conditions, version_exclusive)
SELECT r.id, e.dex, e.method, e.rate, e.lmin, e.lmax, NULLIF(e.cond, ''), NULLIF(e.ver_excl, '')
FROM _enc e JOIN public.routes r ON r.slug = e.slug AND r.game_id = 'b8c9d0e1-f2a3-4567-bc78-901234567890';

DROP TABLE _enc;

-- ===========================================
-- STEP 5: BOSS TRAINERS
-- ===========================================

-- Roxanne (Gym Leader)
DO $$
DECLARE
  v_trainer_id UUID;
  v_route_id UUID;
BEGIN
  SELECT id INTO v_route_id FROM public.routes WHERE slug = 'rustboro-city' AND game_id = 'b8c9d0e1-f2a3-4567-bc78-901234567890';
  INSERT INTO public.trainers (route_id, name, trainer_class, is_boss, boss_type, level_cap, display_order, notes)
  VALUES (v_route_id, 'Roxanne', 'Gym Leader', true, 'gym_leader', 15, 1, 'Rock-type specialist. Stone Badge.')
  RETURNING id INTO v_trainer_id;

  INSERT INTO public.trainer_pokemon (trainer_id, pokemon_national_dex_id, level, slot_order, moves, ability, held_item, nature)
  VALUES (v_trainer_id, 74, 12, 1, '["Tackle", "Defense Curl", "Rock Throw", "Rock Tomb"]'::jsonb, 'Rock Head', NULL, NULL);
  INSERT INTO public.trainer_pokemon (trainer_id, pokemon_national_dex_id, level, slot_order, moves, ability, held_item, nature)
  VALUES (v_trainer_id, 299, 15, 2, '["Rock Throw", "Harden", "Block", "Rock Tomb"]'::jsonb, 'Sturdy', NULL, NULL);
END $$;

-- Brawly (Gym Leader)
DO $$
DECLARE
  v_trainer_id UUID;
  v_route_id UUID;
BEGIN
  SELECT id INTO v_route_id FROM public.routes WHERE slug = 'dewford-town' AND game_id = 'b8c9d0e1-f2a3-4567-bc78-901234567890';
  INSERT INTO public.trainers (route_id, name, trainer_class, is_boss, boss_type, level_cap, display_order, notes)
  VALUES (v_route_id, 'Brawly', 'Gym Leader', true, 'gym_leader', 19, 1, 'Fighting-type specialist. Knuckle Badge.')
  RETURNING id INTO v_trainer_id;

  INSERT INTO public.trainer_pokemon (trainer_id, pokemon_national_dex_id, level, slot_order, moves, ability, held_item, nature)
  VALUES (v_trainer_id, 66, 16, 1, '["Karate Chop", "Leer", "Seismic Toss", "Bulk Up"]'::jsonb, 'Guts', NULL, NULL);
  INSERT INTO public.trainer_pokemon (trainer_id, pokemon_national_dex_id, level, slot_order, moves, ability, held_item, nature)
  VALUES (v_trainer_id, 296, 19, 2, '["Arm Thrust", "Vital Throw", "Reversal", "Bulk Up"]'::jsonb, 'Thick Fat', NULL, NULL);
END $$;

-- May/Brendan (Rival)
DO $$
DECLARE
  v_trainer_id UUID;
  v_route_id UUID;
BEGIN
  SELECT id INTO v_route_id FROM public.routes WHERE slug = 'route-110' AND game_id = 'b8c9d0e1-f2a3-4567-bc78-901234567890';
  INSERT INTO public.trainers (route_id, name, trainer_class, is_boss, boss_type, level_cap, display_order, notes)
  VALUES (v_route_id, 'May/Brendan', 'Rival', true, 'rival', 20, 1, 'Second rival battle. Team varies by starter.')
  RETURNING id INTO v_trainer_id;

  INSERT INTO public.trainer_pokemon (trainer_id, pokemon_national_dex_id, level, slot_order, moves, ability, held_item, nature)
  VALUES (v_trainer_id, 218, 18, 1, '["Ember", "Rock Throw", "Light Screen", "Smog"]'::jsonb, 'Flame Body', NULL, NULL);
  INSERT INTO public.trainer_pokemon (trainer_id, pokemon_national_dex_id, level, slot_order, moves, ability, held_item, nature)
  VALUES (v_trainer_id, 271, 18, 2, '["Absorb", "Nature Power", "Fake Out", "Astonish"]'::jsonb, 'Swift Swim', NULL, NULL);
  INSERT INTO public.trainer_pokemon (trainer_id, pokemon_national_dex_id, level, slot_order, moves, ability, held_item, nature)
  VALUES (v_trainer_id, 253, 20, 3, '["Absorb", "Quick Attack", "Fury Cutter", "Pursuit"]'::jsonb, 'Overgrow', NULL, NULL);
END $$;

-- Wattson (Gym Leader)
DO $$
DECLARE
  v_trainer_id UUID;
  v_route_id UUID;
BEGIN
  SELECT id INTO v_route_id FROM public.routes WHERE slug = 'mauville-city' AND game_id = 'b8c9d0e1-f2a3-4567-bc78-901234567890';
  INSERT INTO public.trainers (route_id, name, trainer_class, is_boss, boss_type, level_cap, display_order, notes)
  VALUES (v_route_id, 'Wattson', 'Gym Leader', true, 'gym_leader', 24, 1, 'Electric-type specialist. Dynamo Badge.')
  RETURNING id INTO v_trainer_id;

  INSERT INTO public.trainer_pokemon (trainer_id, pokemon_national_dex_id, level, slot_order, moves, ability, held_item, nature)
  VALUES (v_trainer_id, 100, 20, 1, '["Rollout", "Spark", "Self-Destruct", "Charge"]'::jsonb, 'Soundproof', NULL, NULL);
  INSERT INTO public.trainer_pokemon (trainer_id, pokemon_national_dex_id, level, slot_order, moves, ability, held_item, nature)
  VALUES (v_trainer_id, 309, 20, 2, '["Howl", "Quick Attack", "Spark", "Leer"]'::jsonb, 'Static', NULL, NULL);
  INSERT INTO public.trainer_pokemon (trainer_id, pokemon_national_dex_id, level, slot_order, moves, ability, held_item, nature)
  VALUES (v_trainer_id, 82, 22, 3, '["Sonic Boom", "Supersonic", "Thunder Wave", "Shock Wave"]'::jsonb, 'Magnet Pull', NULL, NULL);
END $$;

-- Flannery (Gym Leader)
DO $$
DECLARE
  v_trainer_id UUID;
  v_route_id UUID;
BEGIN
  SELECT id INTO v_route_id FROM public.routes WHERE slug = 'lavaridge-town' AND game_id = 'b8c9d0e1-f2a3-4567-bc78-901234567890';
  INSERT INTO public.trainers (route_id, name, trainer_class, is_boss, boss_type, level_cap, display_order, notes)
  VALUES (v_route_id, 'Flannery', 'Gym Leader', true, 'gym_leader', 28, 1, 'Fire-type specialist. Heat Badge.')
  RETURNING id INTO v_trainer_id;

  INSERT INTO public.trainer_pokemon (trainer_id, pokemon_national_dex_id, level, slot_order, moves, ability, held_item, nature)
  VALUES (v_trainer_id, 322, 24, 1, '["Overheat", "Tackle", "Magnitude", "Sunny Day"]'::jsonb, 'Oblivious', NULL, NULL);
  INSERT INTO public.trainer_pokemon (trainer_id, pokemon_national_dex_id, level, slot_order, moves, ability, held_item, nature)
  VALUES (v_trainer_id, 218, 24, 2, '["Overheat", "Smog", "Light Screen", "Sunny Day"]'::jsonb, 'Flame Body', NULL, NULL);
  INSERT INTO public.trainer_pokemon (trainer_id, pokemon_national_dex_id, level, slot_order, moves, ability, held_item, nature)
  VALUES (v_trainer_id, 324, 28, 3, '["Overheat", "Body Slam", "Flail", "Attract"]'::jsonb, 'White Smoke', NULL, NULL);
END $$;

-- Norman (Gym Leader)
DO $$
DECLARE
  v_trainer_id UUID;
  v_route_id UUID;
BEGIN
  SELECT id INTO v_route_id FROM public.routes WHERE slug = 'petalburg-city-gym' AND game_id = 'b8c9d0e1-f2a3-4567-bc78-901234567890';
  INSERT INTO public.trainers (route_id, name, trainer_class, is_boss, boss_type, level_cap, display_order, notes)
  VALUES (v_route_id, 'Norman', 'Gym Leader', true, 'gym_leader', 31, 1, 'Normal-type specialist. Balance Badge.')
  RETURNING id INTO v_trainer_id;

  INSERT INTO public.trainer_pokemon (trainer_id, pokemon_national_dex_id, level, slot_order, moves, ability, held_item, nature)
  VALUES (v_trainer_id, 327, 27, 1, '["Teeter Dance", "Psybeam", "Facade", "Encore"]'::jsonb, 'Own Tempo', NULL, NULL);
  INSERT INTO public.trainer_pokemon (trainer_id, pokemon_national_dex_id, level, slot_order, moves, ability, held_item, nature)
  VALUES (v_trainer_id, 288, 27, 2, '["Slash", "Faint Attack", "Facade", "Encore"]'::jsonb, 'Vital Spirit', NULL, NULL);
  INSERT INTO public.trainer_pokemon (trainer_id, pokemon_national_dex_id, level, slot_order, moves, ability, held_item, nature)
  VALUES (v_trainer_id, 264, 29, 3, '["Slash", "Belly Drum", "Headbutt", "Facade"]'::jsonb, 'Pickup', NULL, NULL);
  INSERT INTO public.trainer_pokemon (trainer_id, pokemon_national_dex_id, level, slot_order, moves, ability, held_item, nature)
  VALUES (v_trainer_id, 289, 31, 4, '["Counter", "Yawn", "Facade", "Faint Attack"]'::jsonb, 'Truant', NULL, NULL);
END $$;

-- Winona (Gym Leader)
DO $$
DECLARE
  v_trainer_id UUID;
  v_route_id UUID;
BEGIN
  SELECT id INTO v_route_id FROM public.routes WHERE slug = 'fortree-city' AND game_id = 'b8c9d0e1-f2a3-4567-bc78-901234567890';
  INSERT INTO public.trainers (route_id, name, trainer_class, is_boss, boss_type, level_cap, display_order, notes)
  VALUES (v_route_id, 'Winona', 'Gym Leader', true, 'gym_leader', 33, 1, 'Flying-type specialist. Feather Badge.')
  RETURNING id INTO v_trainer_id;

  INSERT INTO public.trainer_pokemon (trainer_id, pokemon_national_dex_id, level, slot_order, moves, ability, held_item, nature)
  VALUES (v_trainer_id, 333, 29, 1, '["Perish Song", "Mirror Move", "Safeguard", "Aerial Ace"]'::jsonb, 'Natural Cure', NULL, NULL);
  INSERT INTO public.trainer_pokemon (trainer_id, pokemon_national_dex_id, level, slot_order, moves, ability, held_item, nature)
  VALUES (v_trainer_id, 357, 29, 2, '["Sunny Day", "Aerial Ace", "Solar Beam", "Synthesis"]'::jsonb, 'Chlorophyll', NULL, NULL);
  INSERT INTO public.trainer_pokemon (trainer_id, pokemon_national_dex_id, level, slot_order, moves, ability, held_item, nature)
  VALUES (v_trainer_id, 279, 30, 3, '["Water Gun", "Supersonic", "Protect", "Aerial Ace"]'::jsonb, 'Keen Eye', NULL, NULL);
  INSERT INTO public.trainer_pokemon (trainer_id, pokemon_national_dex_id, level, slot_order, moves, ability, held_item, nature)
  VALUES (v_trainer_id, 227, 31, 4, '["Sand Attack", "Fury Attack", "Steel Wing", "Aerial Ace"]'::jsonb, 'Keen Eye', NULL, NULL);
  INSERT INTO public.trainer_pokemon (trainer_id, pokemon_national_dex_id, level, slot_order, moves, ability, held_item, nature)
  VALUES (v_trainer_id, 334, 33, 5, '["Dragon Dance", "DragonBreath", "Aerial Ace", "Earthquake"]'::jsonb, 'Natural Cure', NULL, NULL);
END $$;

-- Tate & Liza (Gym Leader)
DO $$
DECLARE
  v_trainer_id UUID;
  v_route_id UUID;
BEGIN
  SELECT id INTO v_route_id FROM public.routes WHERE slug = 'mossdeep-city' AND game_id = 'b8c9d0e1-f2a3-4567-bc78-901234567890';
  INSERT INTO public.trainers (route_id, name, trainer_class, is_boss, boss_type, level_cap, display_order, notes)
  VALUES (v_route_id, 'Tate & Liza', 'Gym Leader', true, 'gym_leader', 42, 1, 'Psychic-type specialists. Mind Badge. Double battle.')
  RETURNING id INTO v_trainer_id;

  INSERT INTO public.trainer_pokemon (trainer_id, pokemon_national_dex_id, level, slot_order, moves, ability, held_item, nature)
  VALUES (v_trainer_id, 338, 42, 1, '["Sunny Day", "Solar Beam", "Psychic", "Flamethrower"]'::jsonb, 'Levitate', NULL, NULL);
  INSERT INTO public.trainer_pokemon (trainer_id, pokemon_national_dex_id, level, slot_order, moves, ability, held_item, nature)
  VALUES (v_trainer_id, 337, 42, 2, '["Hypnosis", "Calm Mind", "Psychic", "Light Screen"]'::jsonb, 'Levitate', NULL, NULL);
END $$;

-- Wallace (Gym Leader)
DO $$
DECLARE
  v_trainer_id UUID;
  v_route_id UUID;
BEGIN
  SELECT id INTO v_route_id FROM public.routes WHERE slug = 'sootopolis-city' AND game_id = 'b8c9d0e1-f2a3-4567-bc78-901234567890';
  INSERT INTO public.trainers (route_id, name, trainer_class, is_boss, boss_type, level_cap, display_order, notes)
  VALUES (v_route_id, 'Wallace', 'Gym Leader', true, 'gym_leader', 43, 1, 'Water-type specialist. Rain Badge.')
  RETURNING id INTO v_trainer_id;

  INSERT INTO public.trainer_pokemon (trainer_id, pokemon_national_dex_id, level, slot_order, moves, ability, held_item, nature)
  VALUES (v_trainer_id, 370, 40, 1, '["Water Pulse", "Attract", "Sweet Kiss", "Flail"]'::jsonb, 'Swift Swim', NULL, NULL);
  INSERT INTO public.trainer_pokemon (trainer_id, pokemon_national_dex_id, level, slot_order, moves, ability, held_item, nature)
  VALUES (v_trainer_id, 340, 42, 2, '["Rain Dance", "Water Pulse", "Amnesia", "Earthquake"]'::jsonb, 'Oblivious', NULL, NULL);
  INSERT INTO public.trainer_pokemon (trainer_id, pokemon_national_dex_id, level, slot_order, moves, ability, held_item, nature)
  VALUES (v_trainer_id, 364, 40, 3, '["Encore", "Body Slam", "Aurora Beam", "Water Pulse"]'::jsonb, 'Thick Fat', NULL, NULL);
  INSERT INTO public.trainer_pokemon (trainer_id, pokemon_national_dex_id, level, slot_order, moves, ability, held_item, nature)
  VALUES (v_trainer_id, 119, 42, 4, '["Water Pulse", "Rain Dance", "Fury Attack", "Horn Drill"]'::jsonb, 'Swift Swim', NULL, NULL);
  INSERT INTO public.trainer_pokemon (trainer_id, pokemon_national_dex_id, level, slot_order, moves, ability, held_item, nature)
  VALUES (v_trainer_id, 350, 43, 5, '["Water Pulse", "Twister", "Recover", "Ice Beam"]'::jsonb, 'Marvel Scale', NULL, NULL);
END $$;

-- Sidney (Elite Four)
DO $$
DECLARE
  v_trainer_id UUID;
  v_route_id UUID;
BEGIN
  SELECT id INTO v_route_id FROM public.routes WHERE slug = 'pokemon-league' AND game_id = 'b8c9d0e1-f2a3-4567-bc78-901234567890';
  INSERT INTO public.trainers (route_id, name, trainer_class, is_boss, boss_type, level_cap, display_order, notes)
  VALUES (v_route_id, 'Sidney', 'Elite Four', true, 'elite_four', 49, 1, 'Dark-type specialist. First of the Elite Four.')
  RETURNING id INTO v_trainer_id;

  INSERT INTO public.trainer_pokemon (trainer_id, pokemon_national_dex_id, level, slot_order, moves, ability, held_item, nature)
  VALUES (v_trainer_id, 262, 46, 1, '["Crunch", "Sand Attack", "Take Down", "Swagger"]'::jsonb, 'Intimidate', NULL, NULL);
  INSERT INTO public.trainer_pokemon (trainer_id, pokemon_national_dex_id, level, slot_order, moves, ability, held_item, nature)
  VALUES (v_trainer_id, 275, 48, 2, '["Fake Out", "Double Team", "Swagger", "Extrasensory"]'::jsonb, 'Chlorophyll', NULL, NULL);
  INSERT INTO public.trainer_pokemon (trainer_id, pokemon_national_dex_id, level, slot_order, moves, ability, held_item, nature)
  VALUES (v_trainer_id, 359, 49, 3, '["Swords Dance", "Slash", "Aerial Ace", "Crunch"]'::jsonb, 'Pressure', NULL, NULL);
  INSERT INTO public.trainer_pokemon (trainer_id, pokemon_national_dex_id, level, slot_order, moves, ability, held_item, nature)
  VALUES (v_trainer_id, 332, 46, 4, '["Needle Arm", "Faint Attack", "Cotton Spore", "Leech Seed"]'::jsonb, 'Sand Veil', NULL, NULL);
  INSERT INTO public.trainer_pokemon (trainer_id, pokemon_national_dex_id, level, slot_order, moves, ability, held_item, nature)
  VALUES (v_trainer_id, 319, 48, 5, '["Surf", "Crunch", "Slash", "Swagger"]'::jsonb, 'Rough Skin', NULL, NULL);
END $$;

-- Phoebe (Elite Four)
DO $$
DECLARE
  v_trainer_id UUID;
  v_route_id UUID;
BEGIN
  SELECT id INTO v_route_id FROM public.routes WHERE slug = 'pokemon-league' AND game_id = 'b8c9d0e1-f2a3-4567-bc78-901234567890';
  INSERT INTO public.trainers (route_id, name, trainer_class, is_boss, boss_type, level_cap, display_order, notes)
  VALUES (v_route_id, 'Phoebe', 'Elite Four', true, 'elite_four', 51, 2, 'Ghost-type specialist. Second of the Elite Four.')
  RETURNING id INTO v_trainer_id;

  INSERT INTO public.trainer_pokemon (trainer_id, pokemon_national_dex_id, level, slot_order, moves, ability, held_item, nature)
  VALUES (v_trainer_id, 356, 48, 1, '["Shadow Punch", "Confuse Ray", "Curse", "Protect"]'::jsonb, 'Pressure', NULL, NULL);
  INSERT INTO public.trainer_pokemon (trainer_id, pokemon_national_dex_id, level, slot_order, moves, ability, held_item, nature)
  VALUES (v_trainer_id, 354, 49, 2, '["Shadow Ball", "Grudge", "Will-O-Wisp", "Faint Attack"]'::jsonb, 'Insomnia', NULL, NULL);
  INSERT INTO public.trainer_pokemon (trainer_id, pokemon_national_dex_id, level, slot_order, moves, ability, held_item, nature)
  VALUES (v_trainer_id, 302, 50, 3, '["Shadow Ball", "Faint Attack", "Double Team", "Attract"]'::jsonb, 'Keen Eye', NULL, NULL);
  INSERT INTO public.trainer_pokemon (trainer_id, pokemon_national_dex_id, level, slot_order, moves, ability, held_item, nature)
  VALUES (v_trainer_id, 354, 49, 4, '["Shadow Ball", "Psychic", "Thunderbolt", "Toxic"]'::jsonb, 'Insomnia', NULL, NULL);
  INSERT INTO public.trainer_pokemon (trainer_id, pokemon_national_dex_id, level, slot_order, moves, ability, held_item, nature)
  VALUES (v_trainer_id, 356, 51, 5, '["Shadow Ball", "Ice Beam", "Rock Slide", "Earthquake"]'::jsonb, 'Pressure', NULL, NULL);
END $$;

-- Glacia (Elite Four)
DO $$
DECLARE
  v_trainer_id UUID;
  v_route_id UUID;
BEGIN
  SELECT id INTO v_route_id FROM public.routes WHERE slug = 'pokemon-league' AND game_id = 'b8c9d0e1-f2a3-4567-bc78-901234567890';
  INSERT INTO public.trainers (route_id, name, trainer_class, is_boss, boss_type, level_cap, display_order, notes)
  VALUES (v_route_id, 'Glacia', 'Elite Four', true, 'elite_four', 53, 3, 'Ice-type specialist. Third of the Elite Four.')
  RETURNING id INTO v_trainer_id;

  INSERT INTO public.trainer_pokemon (trainer_id, pokemon_national_dex_id, level, slot_order, moves, ability, held_item, nature)
  VALUES (v_trainer_id, 364, 50, 1, '["Encore", "Body Slam", "Hail", "Ice Ball"]'::jsonb, 'Thick Fat', NULL, NULL);
  INSERT INTO public.trainer_pokemon (trainer_id, pokemon_national_dex_id, level, slot_order, moves, ability, held_item, nature)
  VALUES (v_trainer_id, 362, 50, 2, '["Light Screen", "Crunch", "Icy Wind", "Ice Beam"]'::jsonb, 'Inner Focus', NULL, NULL);
  INSERT INTO public.trainer_pokemon (trainer_id, pokemon_national_dex_id, level, slot_order, moves, ability, held_item, nature)
  VALUES (v_trainer_id, 364, 52, 3, '["Attract", "Double Edge", "Hail", "Blizzard"]'::jsonb, 'Thick Fat', NULL, NULL);
  INSERT INTO public.trainer_pokemon (trainer_id, pokemon_national_dex_id, level, slot_order, moves, ability, held_item, nature)
  VALUES (v_trainer_id, 362, 52, 4, '["Shadow Ball", "Hail", "Ice Beam", "Crunch"]'::jsonb, 'Inner Focus', NULL, NULL);
  INSERT INTO public.trainer_pokemon (trainer_id, pokemon_national_dex_id, level, slot_order, moves, ability, held_item, nature)
  VALUES (v_trainer_id, 365, 53, 5, '["Surf", "Body Slam", "Ice Beam", "Sheer Cold"]'::jsonb, 'Thick Fat', NULL, NULL);
END $$;

-- Drake (Elite Four)
DO $$
DECLARE
  v_trainer_id UUID;
  v_route_id UUID;
BEGIN
  SELECT id INTO v_route_id FROM public.routes WHERE slug = 'pokemon-league' AND game_id = 'b8c9d0e1-f2a3-4567-bc78-901234567890';
  INSERT INTO public.trainers (route_id, name, trainer_class, is_boss, boss_type, level_cap, display_order, notes)
  VALUES (v_route_id, 'Drake', 'Elite Four', true, 'elite_four', 55, 4, 'Dragon-type specialist. Fourth of the Elite Four.')
  RETURNING id INTO v_trainer_id;

  INSERT INTO public.trainer_pokemon (trainer_id, pokemon_national_dex_id, level, slot_order, moves, ability, held_item, nature)
  VALUES (v_trainer_id, 372, 52, 1, '["Rock Tomb", "Dragon Claw", "Protect", "Double Edge"]'::jsonb, 'Rock Head', NULL, NULL);
  INSERT INTO public.trainer_pokemon (trainer_id, pokemon_national_dex_id, level, slot_order, moves, ability, held_item, nature)
  VALUES (v_trainer_id, 334, 54, 2, '["Dragon Dance", "Refresh", "DragonBreath", "Aerial Ace"]'::jsonb, 'Natural Cure', NULL, NULL);
  INSERT INTO public.trainer_pokemon (trainer_id, pokemon_national_dex_id, level, slot_order, moves, ability, held_item, nature)
  VALUES (v_trainer_id, 330, 53, 3, '["Flamethrower", "Crunch", "DragonBreath", "Screech"]'::jsonb, 'Levitate', NULL, NULL);
  INSERT INTO public.trainer_pokemon (trainer_id, pokemon_national_dex_id, level, slot_order, moves, ability, held_item, nature)
  VALUES (v_trainer_id, 330, 53, 4, '["Fly", "Crunch", "DragonBreath", "Dig"]'::jsonb, 'Levitate', NULL, NULL);
  INSERT INTO public.trainer_pokemon (trainer_id, pokemon_national_dex_id, level, slot_order, moves, ability, held_item, nature)
  VALUES (v_trainer_id, 373, 55, 5, '["Flamethrower", "Dragon Claw", "Rock Slide", "Crunch"]'::jsonb, 'Intimidate', NULL, NULL);
END $$;

-- Steven (Champion)
DO $$
DECLARE
  v_trainer_id UUID;
  v_route_id UUID;
BEGIN
  SELECT id INTO v_route_id FROM public.routes WHERE slug = 'pokemon-league' AND game_id = 'b8c9d0e1-f2a3-4567-bc78-901234567890';
  INSERT INTO public.trainers (route_id, name, trainer_class, is_boss, boss_type, level_cap, display_order, notes)
  VALUES (v_route_id, 'Steven', 'Champion', true, 'champion', 58, 5, 'Steel-type specialist. Hoenn Champion in Ruby/Sapphire.')
  RETURNING id INTO v_trainer_id;

  INSERT INTO public.trainer_pokemon (trainer_id, pokemon_national_dex_id, level, slot_order, moves, ability, held_item, nature)
  VALUES (v_trainer_id, 227, 57, 1, '["Toxic", "Steel Wing", "Aerial Ace", "Spikes"]'::jsonb, 'Keen Eye', NULL, NULL);
  INSERT INTO public.trainer_pokemon (trainer_id, pokemon_national_dex_id, level, slot_order, moves, ability, held_item, nature)
  VALUES (v_trainer_id, 344, 55, 2, '["Earthquake", "AncientPower", "Light Screen", "Reflect"]'::jsonb, 'Levitate', NULL, NULL);
  INSERT INTO public.trainer_pokemon (trainer_id, pokemon_national_dex_id, level, slot_order, moves, ability, held_item, nature)
  VALUES (v_trainer_id, 306, 56, 3, '["Earthquake", "Dragon Claw", "Thunder", "SolarBeam"]'::jsonb, 'Sturdy', NULL, NULL);
  INSERT INTO public.trainer_pokemon (trainer_id, pokemon_national_dex_id, level, slot_order, moves, ability, held_item, nature)
  VALUES (v_trainer_id, 346, 56, 4, '["AncientPower", "Confuse Ray", "Sludge Bomb", "Giga Drain"]'::jsonb, 'Suction Cups', NULL, NULL);
  INSERT INTO public.trainer_pokemon (trainer_id, pokemon_national_dex_id, level, slot_order, moves, ability, held_item, nature)
  VALUES (v_trainer_id, 348, 56, 5, '["AncientPower", "Slash", "Aerial Ace", "Water Pulse"]'::jsonb, 'Battle Armor', NULL, NULL);
  INSERT INTO public.trainer_pokemon (trainer_id, pokemon_national_dex_id, level, slot_order, moves, ability, held_item, nature)
  VALUES (v_trainer_id, 376, 58, 6, '["Meteor Mash", "Earthquake", "Psychic", "Hyper Beam"]'::jsonb, 'Clear Body', 'Sitrus Berry', NULL);
END $$;

-- Update total_routes count
UPDATE public.games SET total_routes = 66 WHERE id = 'b8c9d0e1-f2a3-4567-bc78-901234567890';
-- ===========================================
-- POKEMON HEARTGOLD: COMPLETE GAME DATA
-- Official Pokemon Game
-- Gen 4, Johto region
-- ===========================================
-- Game ID: c9d0e1f2-a3b4-5678-cd89-012345678901
-- ===========================================

-- STEP 1: Insert the game
INSERT INTO public.games (id, slug, name, generation, region, base_game_slug, is_romhack, sprite_url, total_routes, description)
VALUES (
  'c9d0e1f2-a3b4-5678-cd89-012345678901',
  'pokemon-heartgold',
  'Pokemon HeartGold',
  4,
  'Johto',
  NULL,
  false,
  'https://raw.githubusercontent.com/PokeAPI/sprites/master/sprites/pokemon/250.png',
  90,
  'Pokemon HeartGold Version for Nintendo DS. A Gen 4 remake of Pokemon Gold, featuring Johto and Kanto regions. Ho-Oh on the cover.'
);

-- ===========================================
-- STEP 2: ALL ROUTES (90 total)
-- ===========================================

INSERT INTO public.routes (game_id, name, slug, display_order, route_type, has_encounters, has_trainers, has_items, notes) VALUES
('c9d0e1f2-a3b4-5678-cd89-012345678901', 'New Bark Town', 'new-bark-town', 1, 'city', true, false, false, 'Starter town. Choose Chikorita, Cyndaquil, or Totodile.'),
('c9d0e1f2-a3b4-5678-cd89-012345678901', 'Route 29', 'route-29', 2, 'route', true, false, false, NULL),
('c9d0e1f2-a3b4-5678-cd89-012345678901', 'Route 46', 'route-46', 3, 'route', true, false, false, NULL),
('c9d0e1f2-a3b4-5678-cd89-012345678901', 'Cherrygrove City', 'cherrygrove-city', 4, 'city', true, false, false, 'Surf and fishing available.'),
('c9d0e1f2-a3b4-5678-cd89-012345678901', 'Route 30', 'route-30', 5, 'route', true, false, false, NULL),
('c9d0e1f2-a3b4-5678-cd89-012345678901', 'Route 31', 'route-31', 6, 'route', true, false, false, NULL),
('c9d0e1f2-a3b4-5678-cd89-012345678901', 'Dark Cave (Violet Side)', 'dark-cave-violet', 7, 'cave', true, false, false, NULL),
('c9d0e1f2-a3b4-5678-cd89-012345678901', 'Violet City', 'violet-city', 8, 'city', false, true, false, 'Gym Leader Falkner. Flying-type specialist.'),
('c9d0e1f2-a3b4-5678-cd89-012345678901', 'Sprout Tower', 'sprout-tower', 9, 'building', true, true, false, NULL),
('c9d0e1f2-a3b4-5678-cd89-012345678901', 'Route 32', 'route-32', 10, 'route', true, true, false, NULL),
('c9d0e1f2-a3b4-5678-cd89-012345678901', 'Ruins of Alph', 'ruins-of-alph', 11, 'special', true, false, false, 'Unown puzzle area.'),
('c9d0e1f2-a3b4-5678-cd89-012345678901', 'Union Cave', 'union-cave', 12, 'cave', true, true, false, NULL),
('c9d0e1f2-a3b4-5678-cd89-012345678901', 'Route 33', 'route-33', 13, 'route', true, false, false, NULL),
('c9d0e1f2-a3b4-5678-cd89-012345678901', 'Azalea Town', 'azalea-town', 14, 'city', false, true, false, 'Gym Leader Bugsy. Bug-type specialist.'),
('c9d0e1f2-a3b4-5678-cd89-012345678901', 'Slowpoke Well', 'slowpoke-well', 15, 'cave', true, false, false, NULL),
('c9d0e1f2-a3b4-5678-cd89-012345678901', 'Ilex Forest', 'ilex-forest', 16, 'route', true, false, false, NULL),
('c9d0e1f2-a3b4-5678-cd89-012345678901', 'Route 34', 'route-34', 17, 'route', true, true, false, NULL),
('c9d0e1f2-a3b4-5678-cd89-012345678901', 'Goldenrod City', 'goldenrod-city', 18, 'city', false, true, true, 'Gym Leader Whitney. Normal-type specialist.'),
('c9d0e1f2-a3b4-5678-cd89-012345678901', 'Route 35', 'route-35', 19, 'route', true, true, false, NULL),
('c9d0e1f2-a3b4-5678-cd89-012345678901', 'National Park', 'national-park', 20, 'route', true, false, false, 'Bug Catching Contest area.'),
('c9d0e1f2-a3b4-5678-cd89-012345678901', 'Route 36', 'route-36', 21, 'route', true, true, false, NULL),
('c9d0e1f2-a3b4-5678-cd89-012345678901', 'Route 37', 'route-37', 22, 'route', true, true, false, NULL),
('c9d0e1f2-a3b4-5678-cd89-012345678901', 'Ecruteak City', 'ecruteak-city', 23, 'city', false, true, false, 'Gym Leader Morty. Ghost-type specialist.'),
('c9d0e1f2-a3b4-5678-cd89-012345678901', 'Burned Tower', 'burned-tower', 24, 'building', true, false, false, 'Legendary beasts flee here.'),
('c9d0e1f2-a3b4-5678-cd89-012345678901', 'Route 38', 'route-38', 25, 'route', true, true, false, NULL),
('c9d0e1f2-a3b4-5678-cd89-012345678901', 'Route 39', 'route-39', 26, 'route', true, true, false, NULL),
('c9d0e1f2-a3b4-5678-cd89-012345678901', 'Olivine City', 'olivine-city', 27, 'city', false, true, false, 'Gym Leader Jasmine. Steel-type specialist.'),
('c9d0e1f2-a3b4-5678-cd89-012345678901', 'Route 40', 'route-40', 28, 'water', true, true, false, NULL),
('c9d0e1f2-a3b4-5678-cd89-012345678901', 'Route 41', 'route-41', 29, 'water', true, true, false, 'Whirl Islands nearby.'),
('c9d0e1f2-a3b4-5678-cd89-012345678901', 'Cianwood City', 'cianwood-city', 30, 'city', false, true, false, 'Gym Leader Chuck. Fighting-type specialist.'),
('c9d0e1f2-a3b4-5678-cd89-012345678901', 'Route 42', 'route-42', 31, 'route', true, true, false, NULL),
('c9d0e1f2-a3b4-5678-cd89-012345678901', 'Mt. Mortar', 'mt-mortar', 32, 'cave', true, false, true, NULL),
('c9d0e1f2-a3b4-5678-cd89-012345678901', 'Mahogany Town', 'mahogany-town', 33, 'city', false, true, false, 'Gym Leader Pryce. Ice-type specialist.'),
('c9d0e1f2-a3b4-5678-cd89-012345678901', 'Route 43', 'route-43', 34, 'route', true, true, false, NULL),
('c9d0e1f2-a3b4-5678-cd89-012345678901', 'Lake of Rage', 'lake-of-rage', 35, 'water', true, false, false, 'Red Gyarados event.'),
('c9d0e1f2-a3b4-5678-cd89-012345678901', 'Route 44', 'route-44', 36, 'route', true, true, false, NULL),
('c9d0e1f2-a3b4-5678-cd89-012345678901', 'Ice Path', 'ice-path', 37, 'cave', true, false, true, NULL),
('c9d0e1f2-a3b4-5678-cd89-012345678901', 'Blackthorn City', 'blackthorn-city', 38, 'city', false, true, false, 'Gym Leader Clair. Dragon-type specialist.'),
('c9d0e1f2-a3b4-5678-cd89-012345678901', 'Dragon''s Den', 'dragons-den', 39, 'cave', true, false, false, 'Dratini fishing.'),
('c9d0e1f2-a3b4-5678-cd89-012345678901', 'Route 45', 'route-45', 40, 'route', true, true, false, NULL),
('c9d0e1f2-a3b4-5678-cd89-012345678901', 'Dark Cave (Blackthorn Side)', 'dark-cave-blackthorn', 41, 'cave', true, false, false, NULL),
('c9d0e1f2-a3b4-5678-cd89-012345678901', 'Whirl Islands', 'whirl-islands', 42, 'cave', true, false, false, 'Lugia (SoulSilver).'),
('c9d0e1f2-a3b4-5678-cd89-012345678901', 'Route 27', 'route-27', 43, 'route', true, true, false, NULL),
('c9d0e1f2-a3b4-5678-cd89-012345678901', 'Tohjo Falls', 'tohjo-falls', 44, 'cave', true, false, false, NULL),
('c9d0e1f2-a3b4-5678-cd89-012345678901', 'Route 26', 'route-26', 45, 'route', true, true, false, NULL),
('c9d0e1f2-a3b4-5678-cd89-012345678901', 'Victory Road', 'victory-road', 46, 'cave', true, true, true, NULL),
('c9d0e1f2-a3b4-5678-cd89-012345678901', 'Indigo Plateau', 'indigo-plateau', 47, 'building', false, true, true, 'Elite Four and Champion Lance.'),
('c9d0e1f2-a3b4-5678-cd89-012345678901', 'Vermilion City', 'vermilion-city', 48, 'city', false, true, false, 'Gym Leader Lt. Surge. Electric-type specialist.'),
('c9d0e1f2-a3b4-5678-cd89-012345678901', 'Route 6', 'route-6', 49, 'route', true, true, false, NULL),
('c9d0e1f2-a3b4-5678-cd89-012345678901', 'Saffron City', 'saffron-city', 50, 'city', false, true, false, 'Gym Leader Sabrina. Psychic-type specialist.'),
('c9d0e1f2-a3b4-5678-cd89-012345678901', 'Route 5', 'route-5', 51, 'route', true, false, false, NULL),
('c9d0e1f2-a3b4-5678-cd89-012345678901', 'Cerulean City', 'cerulean-city', 52, 'city', false, true, false, 'Gym Leader Misty. Water-type specialist.'),
('c9d0e1f2-a3b4-5678-cd89-012345678901', 'Route 24', 'route-24', 53, 'route', true, true, false, NULL),
('c9d0e1f2-a3b4-5678-cd89-012345678901', 'Route 25', 'route-25', 54, 'route', true, true, false, NULL),
('c9d0e1f2-a3b4-5678-cd89-012345678901', 'Route 9', 'route-9', 55, 'route', true, true, false, NULL),
('c9d0e1f2-a3b4-5678-cd89-012345678901', 'Route 10', 'route-10', 56, 'route', true, false, false, NULL),
('c9d0e1f2-a3b4-5678-cd89-012345678901', 'Rock Tunnel', 'rock-tunnel', 57, 'cave', true, true, false, NULL),
('c9d0e1f2-a3b4-5678-cd89-012345678901', 'Lavender Town', 'lavender-town', 58, 'city', false, false, false, NULL),
('c9d0e1f2-a3b4-5678-cd89-012345678901', 'Route 8', 'route-8', 59, 'route', true, true, false, NULL),
('c9d0e1f2-a3b4-5678-cd89-012345678901', 'Route 7', 'route-7', 60, 'route', true, false, false, NULL),
('c9d0e1f2-a3b4-5678-cd89-012345678901', 'Celadon City', 'celadon-city', 61, 'city', false, true, true, 'Gym Leader Erika. Grass-type specialist.'),
('c9d0e1f2-a3b4-5678-cd89-012345678901', 'Route 16', 'route-16', 62, 'route', true, false, false, NULL),
('c9d0e1f2-a3b4-5678-cd89-012345678901', 'Route 17', 'route-17', 63, 'route', true, true, false, 'Cycling Road.'),
('c9d0e1f2-a3b4-5678-cd89-012345678901', 'Route 18', 'route-18', 64, 'route', true, false, false, NULL),
('c9d0e1f2-a3b4-5678-cd89-012345678901', 'Fuchsia City', 'fuchsia-city', 65, 'city', false, true, false, 'Gym Leader Janine. Poison-type specialist.'),
('c9d0e1f2-a3b4-5678-cd89-012345678901', 'Route 15', 'route-15', 66, 'route', true, true, false, NULL),
('c9d0e1f2-a3b4-5678-cd89-012345678901', 'Route 14', 'route-14', 67, 'route', true, true, false, NULL),
('c9d0e1f2-a3b4-5678-cd89-012345678901', 'Route 13', 'route-13', 68, 'route', true, true, false, NULL),
('c9d0e1f2-a3b4-5678-cd89-012345678901', 'Route 12', 'route-12', 69, 'route', true, true, false, NULL),
('c9d0e1f2-a3b4-5678-cd89-012345678901', 'Route 11', 'route-11', 70, 'route', true, true, false, NULL),
('c9d0e1f2-a3b4-5678-cd89-012345678901', 'Diglett''s Cave', 'digletts-cave', 71, 'cave', true, false, false, NULL),
('c9d0e1f2-a3b4-5678-cd89-012345678901', 'Route 2', 'route-2', 72, 'route', true, false, false, NULL),
('c9d0e1f2-a3b4-5678-cd89-012345678901', 'Pewter City', 'pewter-city', 73, 'city', false, true, false, 'Gym Leader Brock. Rock-type specialist.'),
('c9d0e1f2-a3b4-5678-cd89-012345678901', 'Viridian Forest', 'viridian-forest', 74, 'route', true, false, false, NULL),
('c9d0e1f2-a3b4-5678-cd89-012345678901', 'Viridian City', 'viridian-city', 75, 'city', false, true, false, 'Gym Leader Blue. Mixed-type specialist.'),
('c9d0e1f2-a3b4-5678-cd89-012345678901', 'Route 1', 'route-1', 76, 'route', true, false, false, NULL),
('c9d0e1f2-a3b4-5678-cd89-012345678901', 'Pallet Town', 'pallet-town', 77, 'city', true, false, false, 'Surf and fishing available.'),
('c9d0e1f2-a3b4-5678-cd89-012345678901', 'Route 21', 'route-21', 78, 'water', true, true, false, NULL),
('c9d0e1f2-a3b4-5678-cd89-012345678901', 'Cinnabar Island', 'cinnabar-island', 79, 'city', false, true, false, 'Gym Leader Blaine. Fire-type specialist.'),
('c9d0e1f2-a3b4-5678-cd89-012345678901', 'Route 20', 'route-20', 80, 'water', true, true, false, NULL),
('c9d0e1f2-a3b4-5678-cd89-012345678901', 'Route 19', 'route-19', 81, 'water', true, true, false, NULL),
('c9d0e1f2-a3b4-5678-cd89-012345678901', 'Seafoam Islands', 'seafoam-islands', 82, 'cave', true, false, true, NULL),
('c9d0e1f2-a3b4-5678-cd89-012345678901', 'Route 22', 'route-22', 83, 'route', true, false, false, NULL),
('c9d0e1f2-a3b4-5678-cd89-012345678901', 'Route 28', 'route-28', 84, 'route', true, false, false, NULL),
('c9d0e1f2-a3b4-5678-cd89-012345678901', 'Mt. Silver', 'mt-silver', 85, 'cave', true, false, true, 'Red awaits at the summit.'),
('c9d0e1f2-a3b4-5678-cd89-012345678901', 'Bell Tower', 'bell-tower', 86, 'building', true, false, false, 'Ho-Oh (HeartGold).'),
('c9d0e1f2-a3b4-5678-cd89-012345678901', 'Cerulean Cave', 'cerulean-cave', 87, 'cave', true, false, true, 'Mewtwo. Post-game dungeon.'),
('c9d0e1f2-a3b4-5678-cd89-012345678901', 'Safari Zone', 'safari-zone', 88, 'special', true, false, false, 'HGSS Safari Zone near Cianwood.'),
('c9d0e1f2-a3b4-5678-cd89-012345678901', 'Route 47', 'route-47', 89, 'route', true, true, false, NULL),
('c9d0e1f2-a3b4-5678-cd89-012345678901', 'Route 48', 'route-48', 90, 'route', true, true, false, NULL);

-- ===========================================
-- STEP 3: STARTER POKEMON
-- ===========================================

INSERT INTO public.encounters (route_id, pokemon_national_dex_id, method, encounter_rate, level_min, level_max)
SELECT r.id, 152, 'gift', NULL, 5, 5
FROM public.routes r WHERE r.slug = 'new-bark-town' AND r.game_id = 'c9d0e1f2-a3b4-5678-cd89-012345678901';

INSERT INTO public.encounters (route_id, pokemon_national_dex_id, method, encounter_rate, level_min, level_max)
SELECT r.id, 155, 'gift', NULL, 5, 5
FROM public.routes r WHERE r.slug = 'new-bark-town' AND r.game_id = 'c9d0e1f2-a3b4-5678-cd89-012345678901';

INSERT INTO public.encounters (route_id, pokemon_national_dex_id, method, encounter_rate, level_min, level_max)
SELECT r.id, 158, 'gift', NULL, 5, 5
FROM public.routes r WHERE r.slug = 'new-bark-town' AND r.game_id = 'c9d0e1f2-a3b4-5678-cd89-012345678901';

-- ===========================================
-- STEP 4: ENCOUNTER DATA (1311 total)
-- ===========================================

CREATE TEMP TABLE _enc (slug TEXT, dex INT, method TEXT, rate DECIMAL(5,2), lmin INT, lmax INT, cond TEXT, ver_excl TEXT);
INSERT INTO _enc VALUES
('route-29', 16, 'walking', 55.00, 2, 4, 'Morning', NULL),
('route-29', 16, 'walking', 55.00, 2, 4, 'Day', NULL),
('route-29', 19, 'walking', 10.00, 2, 2, 'Night', NULL),
('route-29', 19, 'walking', 5.00, 4, 4, NULL, NULL),
('route-29', 161, 'walking', 40.00, 2, 3, 'Morning', NULL),
('route-29', 161, 'walking', 40.00, 2, 3, 'Day', NULL),
('route-29', 163, 'walking', 85.00, 2, 4, 'Night', NULL),
('route-29', 311, 'walking', 20.00, 2, 3, 'Hoenn Sound', NULL),
('route-29', 312, 'walking', 20.00, 3, 3, 'Hoenn Sound', NULL),
('route-29', 403, 'walking', 40.00, 2, 3, 'Sinnoh Sound', NULL),
('route-46', 19, 'walking', 30.00, 2, 2, 'Night', NULL),
('route-46', 19, 'walking', 25.00, 2, 4, NULL, NULL),
('route-46', 21, 'walking', 35.00, 2, 3, 'Morning', NULL),
('route-46', 21, 'walking', 35.00, 2, 3, 'Day', NULL),
('route-46', 74, 'walking', 40.00, 2, 3, NULL, NULL),
('route-46', 74, 'walking', 5.00, 3, 3, 'Night', NULL),
('route-46', 311, 'walking', 20.00, 2, 3, 'Hoenn Sound', NULL),
('route-46', 312, 'walking', 20.00, 2, 2, 'Hoenn Sound', NULL),
('route-46', 403, 'walking', 40.00, 2, 3, 'Sinnoh Sound', NULL),
('cherrygrove-city', 72, 'surfing', 90.00, 10, 25, NULL, NULL),
('cherrygrove-city', 73, 'surfing', 10.00, 15, 25, NULL, NULL),
('cherrygrove-city', 98, 'fishing_old', 15.00, 10, 10, NULL, NULL),
('cherrygrove-city', 98, 'fishing_good', 50.00, 20, 20, NULL, NULL),
('cherrygrove-city', 98, 'fishing_super', 60.00, 40, 40, NULL, NULL),
('cherrygrove-city', 99, 'fishing_super', 10.00, 40, 40, NULL, NULL),
('cherrygrove-city', 120, 'fishing_good', 10.00, 20, 20, 'Night', NULL),
('cherrygrove-city', 120, 'fishing_super', 30.00, 40, 40, 'Night', NULL),
('cherrygrove-city', 129, 'fishing_old', 85.00, 10, 10, NULL, NULL),
('cherrygrove-city', 129, 'fishing_good', 40.00, 20, 20, NULL, NULL),
('cherrygrove-city', 222, 'fishing_good', 10.00, 20, 20, 'Morning', NULL),
('cherrygrove-city', 222, 'fishing_good', 10.00, 20, 20, 'Day', NULL),
('cherrygrove-city', 222, 'fishing_super', 30.00, 40, 40, 'Morning', NULL),
('cherrygrove-city', 222, 'fishing_super', 30.00, 40, 40, 'Day', NULL),
('route-30', 10, 'walking', 50.00, 3, 4, 'Morning', NULL),
('route-30', 10, 'walking', 35.00, 3, 4, 'Day', NULL),
('route-30', 11, 'walking', 10.00, 4, 4, 'Morning', NULL),
('route-30', 11, 'walking', 15.00, 4, 4, 'Day', NULL),
('route-30', 16, 'walking', 40.00, 2, 4, 'Morning', NULL),
('route-30', 16, 'walking', 50.00, 2, 4, 'Day', NULL),
('route-30', 19, 'walking', 40.00, 3, 4, 'Night', NULL),
('route-30', 60, 'surfing', 90.00, 10, 25, NULL, NULL),
('route-30', 60, 'fishing_old', 15.00, 10, 10, NULL, NULL),
('route-30', 60, 'fishing_good', 60.00, 20, 20, NULL, NULL),
('route-30', 60, 'fishing_super', 80.00, 40, 40, NULL, NULL),
('route-30', 61, 'surfing', 10.00, 15, 32, NULL, NULL),
('route-30', 129, 'fishing_old', 85.00, 10, 10, NULL, NULL),
('route-30', 129, 'fishing_good', 40.00, 20, 20, NULL, NULL),
('route-30', 129, 'fishing_super', 20.00, 40, 40, NULL, NULL),
('route-30', 163, 'walking', 30.00, 4, 4, 'Night', NULL),
('route-30', 167, 'walking', 30.00, 2, 2, 'Night', NULL),
('route-30', 264, 'walking', 20.00, 4, 4, 'Hoenn Sound', NULL),
('route-30', 293, 'walking', 20.00, 2, 3, 'Hoenn Sound', NULL),
('route-30', 399, 'walking', 20.00, 4, 4, 'Sinnoh Sound', NULL),
('route-30', 418, 'walking', 20.00, 2, 3, 'Sinnoh Sound', NULL),
('route-31', 10, 'walking', 35.00, 4, 5, 'Morning', NULL),
('route-31', 10, 'walking', 35.00, 4, 5, 'Day', NULL),
('route-31', 11, 'walking', 15.00, 5, 5, 'Morning', NULL),
('route-31', 11, 'walking', 15.00, 5, 5, 'Day', NULL),
('route-31', 16, 'walking', 30.00, 3, 3, 'Morning', NULL),
('route-31', 16, 'walking', 30.00, 3, 3, 'Day', NULL),
('route-31', 19, 'walking', 40.00, 4, 5, 'Night', NULL),
('route-31', 60, 'surfing', 90.00, 10, 25, NULL, NULL),
('route-31', 60, 'fishing_old', 15.00, 10, 10, NULL, NULL),
('route-31', 60, 'fishing_good', 60.00, 20, 20, NULL, NULL),
('route-31', 60, 'fishing_super', 80.00, 40, 40, NULL, NULL),
('route-31', 61, 'surfing', 10.00, 15, 32, NULL, NULL),
('route-31', 69, 'walking', 20.00, 3, 3, NULL, NULL),
('route-31', 129, 'fishing_old', 85.00, 10, 10, NULL, NULL),
('route-31', 129, 'fishing_good', 40.00, 20, 20, NULL, NULL),
('route-31', 129, 'fishing_super', 20.00, 40, 40, NULL, NULL),
('route-31', 163, 'walking', 10.00, 5, 5, 'Night', NULL),
('route-31', 167, 'walking', 30.00, 3, 3, 'Night', NULL),
('route-31', 264, 'walking', 20.00, 3, 3, 'Hoenn Sound', NULL),
('route-31', 293, 'walking', 20.00, 3, 4, 'Hoenn Sound', NULL),
('route-31', 399, 'walking', 20.00, 3, 3, 'Sinnoh Sound', NULL),
('route-31', 418, 'walking', 20.00, 3, 4, 'Sinnoh Sound', NULL),
('dark-cave-violet', 41, 'walking', 39.00, 2, 4, NULL, NULL),
('dark-cave-violet', 74, 'walking', 60.00, 2, 4, NULL, NULL),
('dark-cave-violet', 74, 'rock_smash', 10.00, 8, 14, NULL, NULL),
('dark-cave-violet', 118, 'fishing_old', 15.00, 10, 10, NULL, NULL),
('dark-cave-violet', 118, 'fishing_good', 60.00, 20, 20, NULL, NULL),
('dark-cave-violet', 118, 'fishing_super', 70.00, 40, 40, NULL, NULL),
('dark-cave-violet', 119, 'fishing_super', 10.00, 40, 40, NULL, NULL),
('dark-cave-violet', 129, 'surfing', 100.00, 2, 20, NULL, NULL),
('dark-cave-violet', 129, 'fishing_old', 85.00, 10, 10, NULL, NULL),
('dark-cave-violet', 129, 'fishing_good', 40.00, 20, 20, NULL, NULL),
('dark-cave-violet', 129, 'fishing_super', 20.00, 40, 40, NULL, NULL),
('dark-cave-violet', 206, 'walking', 40.00, 2, 3, 'Swarm', NULL),
('dark-cave-violet', 206, 'walking', 1.00, 4, 4, NULL, NULL),
('dark-cave-violet', 206, 'rock_smash', 90.00, 4, 8, NULL, NULL),
('dark-cave-violet', 296, 'walking', 20.00, 2, 2, 'Hoenn Sound', NULL),
('dark-cave-violet', 359, 'walking', 20.00, 2, 3, 'Hoenn Sound', NULL),
('dark-cave-violet', 433, 'walking', 20.00, 2, 2, 'Sinnoh Sound', NULL),
('dark-cave-violet', 436, 'walking', 20.00, 2, 3, 'Sinnoh Sound', NULL),
('sprout-tower', 19, 'walking', 170.00, 3, 6, 'Morning', NULL),
('sprout-tower', 19, 'walking', 170.00, 3, 6, 'Day', NULL),
('sprout-tower', 19, 'walking', 30.00, 3, 5, NULL, NULL),
('sprout-tower', 92, 'walking', 170.00, 3, 6, 'Night', NULL),
('sprout-tower', 263, 'walking', 40.00, 3, 4, 'Hoenn Sound', NULL),
('sprout-tower', 307, 'walking', 40.00, 5, 5, 'Sinnoh Sound', NULL),
('sprout-tower', 327, 'walking', 40.00, 5, 5, 'Hoenn Sound', NULL),
('sprout-tower', 441, 'walking', 40.00, 3, 4, 'Sinnoh Sound', NULL),
('route-32', 19, 'walking', 30.00, 4, 4, NULL, NULL),
('route-32', 19, 'walking', 5.00, 6, 6, 'Morning', NULL),
('route-32', 19, 'walking', 10.00, 4, 6, 'Day', NULL),
('route-32', 41, 'walking', 5.00, 4, 4, 'Morning', NULL),
('route-32', 41, 'walking', 5.00, 4, 4, 'Night', NULL),
('route-32', 69, 'walking', 30.00, 6, 6, 'Morning', NULL),
('route-32', 69, 'walking', 30.00, 6, 6, 'Day', NULL),
('route-32', 69, 'walking', 20.00, 6, 6, 'Night', NULL),
('route-32', 72, 'surfing', 60.00, 10, 20, NULL, NULL),
('route-32', 72, 'fishing_old', 15.00, 10, 10, NULL, NULL),
('route-32', 72, 'fishing_good', 55.00, 20, 20, NULL, NULL),
('route-32', 72, 'fishing_super', 70.00, 40, 40, NULL, NULL),
('route-32', 73, 'surfing', 10.00, 15, 36, NULL, NULL),
('route-32', 129, 'fishing_old', 85.00, 10, 10, NULL, NULL),
('route-32', 129, 'fishing_good', 40.00, 20, 20, NULL, NULL),
('route-32', 129, 'fishing_super', 20.00, 40, 40, NULL, NULL),
('route-32', 179, 'walking', 20.00, 6, 6, 'Morning', NULL),
('route-32', 179, 'walking', 20.00, 6, 6, 'Day', NULL),
('route-32', 179, 'walking', 10.00, 6, 6, 'Night', NULL),
('route-32', 187, 'walking', 10.00, 6, 6, 'Morning', NULL),
('route-32', 187, 'walking', 10.00, 6, 6, 'Day', NULL),
('route-32', 194, 'walking', 35.00, 6, 6, 'Night', NULL),
('route-32', 195, 'surfing', 30.00, 15, 25, NULL, NULL),
('route-32', 211, 'fishing_old', 15.00, 10, 10, 'Swarm', NULL),
('route-32', 211, 'fishing_good', 65.00, 20, 20, 'Swarm', NULL),
('route-32', 211, 'fishing_good', 5.00, 20, 20, NULL, NULL),
('route-32', 211, 'fishing_super', 90.00, 40, 40, 'Swarm', NULL),
('route-32', 211, 'fishing_super', 10.00, 40, 40, NULL, NULL),
('route-32', 264, 'walking', 20.00, 6, 6, 'Hoenn Sound', NULL),
('route-32', 293, 'walking', 20.00, 4, 6, 'Hoenn Sound', NULL),
('route-32', 399, 'walking', 20.00, 6, 6, 'Sinnoh Sound', NULL),
('route-32', 418, 'walking', 20.00, 4, 6, 'Sinnoh Sound', NULL),
('ruins-of-alph', 60, 'fishing_old', 15.00, 10, 10, NULL, NULL),
('ruins-of-alph', 60, 'fishing_good', 60.00, 20, 20, NULL, NULL),
('ruins-of-alph', 60, 'fishing_super', 80.00, 40, 40, NULL, NULL),
('ruins-of-alph', 74, 'rock_smash', 100.00, 3, 14, NULL, NULL),
('ruins-of-alph', 129, 'fishing_old', 85.00, 10, 10, NULL, NULL),
('ruins-of-alph', 129, 'fishing_good', 40.00, 20, 20, NULL, NULL),
('ruins-of-alph', 129, 'fishing_super', 20.00, 40, 40, NULL, NULL),
('ruins-of-alph', 177, 'walking', 90.00, 18, 24, NULL, NULL),
('ruins-of-alph', 194, 'surfing', 60.00, 10, 20, NULL, NULL),
('ruins-of-alph', 195, 'surfing', 40.00, 10, 25, NULL, NULL),
('ruins-of-alph', 235, 'walking', 10.00, 20, 22, NULL, NULL),
('ruins-of-alph', 264, 'walking', 20.00, 18, 18, 'Hoenn Sound', NULL),
('ruins-of-alph', 293, 'walking', 20.00, 20, 22, 'Hoenn Sound', NULL),
('ruins-of-alph', 399, 'walking', 20.00, 18, 18, 'Sinnoh Sound', NULL),
('ruins-of-alph', 418, 'walking', 20.00, 20, 22, 'Sinnoh Sound', NULL),
('ruins-of-alph', 201, 'walking', 100.00, 5, 5, NULL, NULL),
('union-cave', 19, 'walking', 20.00, 4, 20, NULL, NULL),
('union-cave', 27, 'walking', 60.00, 6, 8, NULL, NULL),
('union-cave', 41, 'walking', 80.00, 5, 22, NULL, NULL),
('union-cave', 74, 'walking', 70.00, 6, 21, NULL, NULL),
('union-cave', 95, 'walking', 20.00, 6, 23, NULL, NULL),
('union-cave', 118, 'fishing_old', 30.00, 10, 10, NULL, NULL),
('union-cave', 118, 'fishing_good', 120.00, 20, 20, NULL, NULL),
('union-cave', 118, 'fishing_super', 140.00, 40, 40, NULL, NULL),
('union-cave', 119, 'fishing_super', 20.00, 40, 40, NULL, NULL),
('union-cave', 129, 'fishing_old', 255.00, 10, 10, NULL, NULL),
('union-cave', 129, 'fishing_good', 120.00, 20, 20, NULL, NULL),
('union-cave', 129, 'fishing_super', 40.00, 40, 40, NULL, NULL),
('union-cave', 194, 'surfing', 120.00, 10, 20, NULL, NULL),
('union-cave', 195, 'surfing', 110.00, 10, 25, NULL, NULL),
('union-cave', 296, 'walking', 60.00, 5, 22, 'Hoenn Sound', NULL),
('union-cave', 359, 'walking', 60.00, 6, 22, 'Hoenn Sound', NULL),
('union-cave', 433, 'walking', 60.00, 5, 22, 'Sinnoh Sound', NULL),
('union-cave', 436, 'walking', 60.00, 6, 22, 'Sinnoh Sound', NULL),
('union-cave', 20, 'walking', 30.00, 22, 22, NULL, NULL),
('union-cave', 42, 'walking', 20.00, 22, 22, NULL, NULL),
('union-cave', 72, 'surfing', 60.00, 10, 20, NULL, NULL),
('union-cave', 73, 'surfing', 10.00, 15, 25, NULL, NULL),
('union-cave', 98, 'fishing_old', 15.00, 10, 10, NULL, NULL),
('union-cave', 98, 'fishing_good', 50.00, 20, 20, NULL, NULL),
('union-cave', 98, 'fishing_super', 60.00, 40, 40, NULL, NULL),
('union-cave', 99, 'fishing_super', 10.00, 40, 40, NULL, NULL),
('union-cave', 120, 'fishing_good', 10.00, 20, 20, 'Night', NULL),
('union-cave', 120, 'fishing_super', 30.00, 40, 40, 'Night', NULL),
('union-cave', 131, 'static', 100.00, 20, 20, 'weekday-friday, other-event-arceus-in-party', NULL),
('union-cave', 222, 'fishing_good', 10.00, 20, 20, 'Morning', NULL),
('union-cave', 222, 'fishing_good', 10.00, 20, 20, 'Day', NULL),
('union-cave', 222, 'fishing_super', 30.00, 40, 40, 'Morning', NULL),
('union-cave', 222, 'fishing_super', 30.00, 40, 40, 'Day', NULL),
('route-33', 19, 'walking', 40.00, 6, 7, NULL, NULL),
('route-33', 19, 'walking', 20.00, 6, 6, 'Night', NULL),
('route-33', 19, 'walking', 5.00, 4, 4, 'Day', NULL),
('route-33', 21, 'walking', 20.00, 6, 6, 'Morning', NULL),
('route-33', 21, 'walking', 20.00, 6, 6, 'Day', NULL),
('route-33', 41, 'walking', 40.00, 4, 8, 'Night', NULL),
('route-33', 41, 'walking', 5.00, 4, 4, 'Morning', NULL),
('route-33', 187, 'walking', 35.00, 6, 8, 'Morning', NULL),
('route-33', 187, 'walking', 35.00, 6, 8, 'Day', NULL),
('route-33', 311, 'walking', 20.00, 6, 7, 'Hoenn Sound', NULL),
('route-33', 312, 'walking', 20.00, 6, 6, 'Hoenn Sound', NULL),
('route-33', 403, 'walking', 40.00, 6, 7, 'Sinnoh Sound', NULL),
('slowpoke-well', 41, 'walking', 165.00, 5, 23, NULL, NULL),
('slowpoke-well', 79, 'walking', 30.00, 6, 23, NULL, NULL),
('slowpoke-well', 79, 'surfing', 190.00, 5, 25, NULL, NULL),
('slowpoke-well', 118, 'fishing_old', 30.00, 10, 10, NULL, NULL),
('slowpoke-well', 118, 'fishing_good', 120.00, 20, 20, NULL, NULL),
('slowpoke-well', 118, 'fishing_super', 140.00, 40, 40, NULL, NULL),
('slowpoke-well', 119, 'fishing_super', 20.00, 40, 40, NULL, NULL),
('slowpoke-well', 129, 'fishing_old', 170.00, 10, 10, NULL, NULL),
('slowpoke-well', 129, 'fishing_good', 80.00, 20, 20, NULL, NULL),
('slowpoke-well', 129, 'fishing_super', 40.00, 40, 40, NULL, NULL),
('slowpoke-well', 296, 'walking', 40.00, 7, 19, 'Hoenn Sound', NULL),
('slowpoke-well', 359, 'walking', 40.00, 5, 23, 'Hoenn Sound', NULL),
('slowpoke-well', 433, 'walking', 40.00, 7, 19, 'Sinnoh Sound', NULL),
('slowpoke-well', 436, 'walking', 40.00, 5, 23, 'Sinnoh Sound', NULL),
('slowpoke-well', 42, 'walking', 5.00, 23, 23, NULL, NULL),
('slowpoke-well', 80, 'surfing', 10.00, 15, 30, NULL, NULL),
('ilex-forest', 10, 'walking', 50.00, 5, 6, 'Morning', NULL),
('ilex-forest', 10, 'walking', 60.00, 5, 6, 'Day', NULL),
('ilex-forest', 11, 'walking', 30.00, 6, 6, 'Morning', NULL),
('ilex-forest', 11, 'walking', 30.00, 5, 6, 'Day', NULL),
('ilex-forest', 41, 'walking', 20.00, 6, 6, 'Night', NULL),
('ilex-forest', 41, 'walking', 5.00, 5, 5, NULL, NULL),
('ilex-forest', 43, 'walking', 60.00, 5, 6, 'Night', NULL),
('ilex-forest', 46, 'walking', 10.00, 5, 5, 'Morning', NULL),
('ilex-forest', 46, 'walking', 10.00, 5, 5, 'Night', NULL),
('ilex-forest', 46, 'walking', 5.00, 6, 6, NULL, NULL),
('ilex-forest', 54, 'surfing', 90.00, 5, 20, NULL, NULL),
('ilex-forest', 55, 'surfing', 10.00, 10, 20, NULL, NULL),
('ilex-forest', 60, 'fishing_old', 15.00, 10, 10, NULL, NULL),
('ilex-forest', 60, 'fishing_good', 60.00, 20, 20, NULL, NULL),
('ilex-forest', 60, 'fishing_super', 80.00, 40, 40, NULL, NULL),
('ilex-forest', 129, 'fishing_old', 85.00, 10, 10, NULL, NULL),
('ilex-forest', 129, 'fishing_good', 40.00, 20, 20, NULL, NULL),
('ilex-forest', 129, 'fishing_super', 20.00, 40, 40, NULL, NULL),
('ilex-forest', 322, 'walking', 20.00, 6, 6, 'Hoenn Sound', NULL),
('ilex-forest', 325, 'walking', 20.00, 5, 6, 'Hoenn Sound', NULL),
('ilex-forest', 406, 'walking', 20.00, 5, 6, 'Sinnoh Sound', NULL),
('ilex-forest', 455, 'walking', 20.00, 6, 6, 'Sinnoh Sound', NULL),
('route-34', 19, 'walking', 35.00, 11, 13, NULL, NULL),
('route-34', 63, 'walking', 10.00, 10, 10, NULL, NULL),
('route-34', 72, 'surfing', 90.00, 10, 25, NULL, NULL),
('route-34', 73, 'surfing', 10.00, 15, 29, NULL, NULL),
('route-34', 96, 'walking', 50.00, 10, 12, NULL, NULL),
('route-34', 98, 'fishing_old', 15.00, 10, 10, NULL, NULL),
('route-34', 98, 'fishing_good', 50.00, 20, 20, NULL, NULL),
('route-34', 98, 'fishing_super', 60.00, 40, 40, NULL, NULL),
('route-34', 99, 'fishing_super', 10.00, 40, 40, NULL, NULL),
('route-34', 120, 'fishing_good', 10.00, 20, 20, 'Night', NULL),
('route-34', 120, 'fishing_super', 30.00, 40, 40, 'Night', NULL),
('route-34', 129, 'fishing_old', 85.00, 10, 10, NULL, NULL),
('route-34', 129, 'fishing_good', 40.00, 20, 20, NULL, NULL),
('route-34', 132, 'walking', 5.00, 10, 10, NULL, NULL),
('route-34', 222, 'fishing_good', 10.00, 20, 20, 'Morning', NULL),
('route-34', 222, 'fishing_good', 10.00, 20, 20, 'Day', NULL),
('route-34', 222, 'fishing_super', 30.00, 40, 40, 'Morning', NULL),
('route-34', 222, 'fishing_super', 30.00, 40, 40, 'Day', NULL),
('route-34', 264, 'walking', 20.00, 12, 12, 'Hoenn Sound', NULL),
('route-34', 280, 'walking', 40.00, 10, 11, 'Swarm', NULL),
('route-34', 293, 'walking', 20.00, 10, 11, 'Hoenn Sound', NULL),
('route-34', 399, 'walking', 20.00, 12, 12, 'Sinnoh Sound', NULL),
('route-34', 418, 'walking', 20.00, 10, 11, 'Sinnoh Sound', NULL),
('route-35', 16, 'walking', 5.00, 14, 14, 'Morning', NULL),
('route-35', 16, 'walking', 5.00, 14, 14, 'Day', NULL),
('route-35', 29, 'walking', 30.00, 12, 12, NULL, NULL),
('route-35', 32, 'walking', 30.00, 12, 12, NULL, NULL),
('route-35', 54, 'surfing', 90.00, 10, 25, NULL, NULL),
('route-35', 55, 'surfing', 10.00, 15, 31, NULL, NULL),
('route-35', 60, 'fishing_old', 15.00, 10, 10, NULL, NULL),
('route-35', 60, 'fishing_good', 60.00, 20, 20, NULL, NULL),
('route-35', 60, 'fishing_super', 80.00, 40, 40, NULL, NULL),
('route-35', 63, 'walking', 10.00, 10, 10, NULL, NULL),
('route-35', 96, 'walking', 20.00, 14, 14, NULL, NULL),
('route-35', 129, 'fishing_old', 85.00, 10, 10, NULL, NULL),
('route-35', 129, 'fishing_good', 40.00, 20, 20, NULL, NULL),
('route-35', 129, 'fishing_super', 20.00, 40, 40, NULL, NULL),
('route-35', 132, 'walking', 4.00, 10, 10, NULL, NULL),
('route-35', 163, 'walking', 5.00, 14, 14, 'Night', NULL),
('route-35', 193, 'walking', 40.00, 12, 12, 'Swarm', NULL),
('route-35', 193, 'walking', 1.00, 12, 12, NULL, NULL),
('route-35', 264, 'walking', 20.00, 14, 14, 'Hoenn Sound', NULL),
('route-35', 293, 'walking', 20.00, 12, 12, 'Hoenn Sound', NULL),
('route-35', 399, 'walking', 20.00, 14, 14, 'Sinnoh Sound', NULL),
('route-35', 418, 'walking', 20.00, 12, 12, 'Sinnoh Sound', NULL),
('national-park', 10, 'walking', 50.00, 10, 12, 'Morning', NULL),
('national-park', 10, 'walking', 30.00, 10, 10, 'Day', NULL),
('national-park', 11, 'walking', 30.00, 10, 10, 'Morning', NULL),
('national-park', 11, 'walking', 30.00, 10, 10, 'Day', NULL),
('national-park', 16, 'walking', 20.00, 10, 14, 'Morning', NULL),
('national-park', 16, 'walking', 15.00, 12, 14, 'Day', NULL),
('national-park', 163, 'walking', 100.00, 10, 14, 'Night', NULL),
('national-park', 191, 'walking', 25.00, 10, 12, 'Day', NULL),
('national-park', 311, 'walking', 20.00, 10, 10, 'Hoenn Sound', NULL),
('national-park', 312, 'walking', 20.00, 12, 12, 'Hoenn Sound', NULL),
('national-park', 403, 'walking', 40.00, 10, 12, 'Sinnoh Sound', NULL),
('route-36', 16, 'walking', 25.00, 13, 15, 'Morning', NULL),
('route-36', 16, 'walking', 20.00, 13, 13, 'Day', NULL),
('route-36', 29, 'walking', 30.00, 12, 12, NULL, NULL),
('route-36', 32, 'walking', 30.00, 12, 12, NULL, NULL),
('route-36', 58, 'walking', 10.00, 13, 13, NULL, NULL),
('route-36', 58, 'walking', 5.00, 15, 15, 'Day', NULL),
('route-36', 163, 'walking', 25.00, 13, 15, 'Night', NULL),
('route-36', 234, 'walking', 5.00, 13, 13, NULL, NULL),
('route-36', 311, 'walking', 20.00, 12, 12, 'Hoenn Sound', NULL),
('route-36', 312, 'walking', 20.00, 13, 13, 'Hoenn Sound', NULL),
('route-36', 403, 'walking', 40.00, 12, 13, 'Sinnoh Sound', NULL),
('route-37', 16, 'walking', 60.00, 13, 15, 'Morning', NULL),
('route-37', 16, 'walking', 50.00, 13, 15, 'Day', NULL),
('route-37', 17, 'walking', 5.00, 15, 15, 'Day', NULL),
('route-37', 58, 'walking', 10.00, 14, 14, NULL, NULL),
('route-37', 58, 'walking', 5.00, 15, 15, 'Day', NULL),
('route-37', 163, 'walking', 20.00, 15, 15, 'Night', NULL),
('route-37', 167, 'walking', 40.00, 13, 15, 'Night', NULL),
('route-37', 234, 'walking', 30.00, 15, 15, NULL, NULL),
('route-37', 311, 'walking', 20.00, 13, 15, 'Hoenn Sound', NULL),
('route-37', 312, 'walking', 20.00, 15, 15, 'Hoenn Sound', NULL),
('route-37', 403, 'walking', 40.00, 13, 15, 'Sinnoh Sound', NULL),
('burned-tower', 19, 'walking', 80.00, 13, 15, NULL, NULL),
('burned-tower', 20, 'walking', 5.00, 15, 15, NULL, NULL),
('burned-tower', 41, 'walking', 15.00, 14, 15, NULL, NULL),
('burned-tower', 109, 'walking', 85.00, 14, 16, NULL, NULL),
('burned-tower', 263, 'walking', 40.00, 13, 14, 'Hoenn Sound', NULL),
('burned-tower', 307, 'walking', 40.00, 15, 16, 'Sinnoh Sound', NULL),
('burned-tower', 327, 'walking', 40.00, 15, 16, 'Hoenn Sound', NULL),
('burned-tower', 441, 'walking', 40.00, 13, 14, 'Sinnoh Sound', NULL),
('burned-tower', 19, 'walking', 10.00, 16, 16, 'Morning', NULL),
('burned-tower', 19, 'walking', 10.00, 16, 16, 'Night', NULL),
('burned-tower', 19, 'walking', 5.00, 14, 14, 'Day', NULL),
('burned-tower', 126, 'walking', 10.00, 16, 16, 'Day', NULL),
('burned-tower', 126, 'walking', 5.00, 14, 14, 'Morning', NULL),
('burned-tower', 126, 'walking', 5.00, 14, 14, 'Night', NULL),
('route-38', 19, 'walking', 30.00, 16, 16, NULL, NULL),
('route-38', 19, 'walking', 10.00, 16, 16, 'Night', NULL),
('route-38', 20, 'walking', 30.00, 16, 16, NULL, NULL),
('route-38', 81, 'walking', 20.00, 16, 16, NULL, NULL),
('route-38', 83, 'walking', 10.00, 16, 16, 'Morning', NULL),
('route-38', 83, 'walking', 10.00, 16, 16, 'Day', NULL),
('route-38', 128, 'walking', 4.00, 13, 13, NULL, NULL),
('route-38', 209, 'walking', 40.00, 16, 16, 'Swarm', NULL),
('route-38', 209, 'walking', 1.00, 13, 13, NULL, NULL),
('route-38', 241, 'walking', 5.00, 13, 13, NULL, NULL),
('route-38', 311, 'walking', 20.00, 16, 16, 'Hoenn Sound', NULL),
('route-38', 312, 'walking', 20.00, 16, 16, 'Hoenn Sound', NULL),
('route-38', 403, 'walking', 40.00, 16, 16, 'Sinnoh Sound', NULL),
('route-39', 19, 'walking', 30.00, 16, 16, NULL, NULL),
('route-39', 19, 'walking', 10.00, 16, 16, 'Night', NULL),
('route-39', 20, 'walking', 30.00, 17, 17, NULL, NULL),
('route-39', 81, 'walking', 20.00, 16, 16, NULL, NULL),
('route-39', 83, 'walking', 10.00, 16, 16, 'Morning', NULL),
('route-39', 83, 'walking', 10.00, 16, 16, 'Day', NULL),
('route-39', 128, 'walking', 5.00, 15, 15, NULL, NULL),
('route-39', 241, 'walking', 5.00, 15, 15, NULL, NULL),
('route-39', 311, 'walking', 20.00, 16, 17, 'Hoenn Sound', NULL),
('route-39', 312, 'walking', 20.00, 16, 16, 'Hoenn Sound', NULL),
('route-39', 403, 'walking', 40.00, 16, 17, 'Sinnoh Sound', NULL),
('route-40', 72, 'surfing', 90.00, 10, 25, NULL, NULL),
('route-40', 73, 'surfing', 10.00, 15, 25, NULL, NULL),
('route-40', 98, 'fishing_old', 15.00, 10, 10, NULL, NULL),
('route-40', 98, 'fishing_good', 50.00, 20, 20, NULL, NULL),
('route-40', 98, 'fishing_super', 60.00, 40, 40, NULL, NULL),
('route-40', 99, 'fishing_super', 10.00, 40, 40, NULL, NULL),
('route-40', 120, 'fishing_good', 10.00, 20, 20, 'Night', NULL),
('route-40', 120, 'fishing_super', 30.00, 40, 40, 'Night', NULL),
('route-40', 129, 'fishing_old', 85.00, 10, 10, NULL, NULL),
('route-40', 129, 'fishing_good', 40.00, 20, 20, NULL, NULL),
('route-40', 222, 'fishing_good', 10.00, 20, 20, 'Morning', NULL),
('route-40', 222, 'fishing_good', 10.00, 20, 20, 'Day', NULL),
('route-40', 222, 'fishing_super', 30.00, 40, 40, 'Morning', NULL),
('route-40', 222, 'fishing_super', 30.00, 40, 40, 'Day', NULL),
('route-41', 72, 'surfing', 60.00, 15, 25, NULL, NULL),
('route-41', 72, 'fishing_old', 15.00, 10, 10, NULL, NULL),
('route-41', 72, 'fishing_good', 30.00, 20, 20, NULL, NULL),
('route-41', 73, 'surfing', 30.00, 15, 25, NULL, NULL),
('route-41', 73, 'fishing_super', 20.00, 40, 40, NULL, NULL),
('route-41', 90, 'fishing_good', 10.00, 20, 20, NULL, NULL),
('route-41', 90, 'fishing_super', 30.00, 40, 40, NULL, NULL),
('route-41', 129, 'fishing_old', 85.00, 10, 10, NULL, NULL),
('route-41', 129, 'fishing_good', 40.00, 20, 20, NULL, NULL),
('route-41', 170, 'fishing_good', 20.00, 20, 20, NULL, NULL),
('route-41', 170, 'fishing_super', 40.00, 40, 40, NULL, NULL),
('route-41', 171, 'fishing_super', 10.00, 40, 40, NULL, NULL),
('route-41', 226, 'surfing', 10.00, 15, 25, NULL, NULL),
('route-42', 21, 'walking', 30.00, 14, 16, 'Morning', NULL),
('route-42', 21, 'walking', 30.00, 14, 16, 'Day', NULL),
('route-42', 41, 'walking', 30.00, 14, 16, 'Night', NULL),
('route-42', 56, 'walking', 30.00, 15, 15, NULL, NULL),
('route-42', 118, 'surfing', 90.00, 10, 25, NULL, NULL),
('route-42', 118, 'fishing_old', 15.00, 10, 10, NULL, NULL),
('route-42', 118, 'fishing_good', 60.00, 20, 20, NULL, NULL),
('route-42', 118, 'fishing_super', 70.00, 40, 40, NULL, NULL),
('route-42', 119, 'surfing', 10.00, 15, 25, NULL, NULL),
('route-42', 119, 'fishing_super', 10.00, 40, 40, NULL, NULL),
('route-42', 129, 'fishing_old', 85.00, 10, 10, NULL, NULL),
('route-42', 129, 'fishing_good', 40.00, 20, 20, NULL, NULL),
('route-42', 129, 'fishing_super', 20.00, 40, 40, NULL, NULL),
('route-42', 179, 'walking', 30.00, 13, 13, NULL, NULL),
('route-42', 180, 'walking', 10.00, 15, 17, NULL, NULL),
('route-42', 264, 'walking', 20.00, 14, 14, 'Hoenn Sound', NULL),
('route-42', 293, 'walking', 20.00, 13, 15, 'Hoenn Sound', NULL),
('route-42', 399, 'walking', 20.00, 14, 14, 'Sinnoh Sound', NULL),
('route-42', 418, 'walking', 20.00, 13, 15, 'Sinnoh Sound', NULL),
('mt-mortar', 19, 'walking', 44.00, 14, 16, NULL, NULL),
('mt-mortar', 41, 'walking', 125.00, 13, 17, NULL, NULL),
('mt-mortar', 66, 'walking', 70.00, 13, 28, NULL, NULL),
('mt-mortar', 74, 'walking', 80.00, 13, 31, NULL, NULL),
('mt-mortar', 118, 'surfing', 270.00, 10, 30, NULL, NULL),
('mt-mortar', 118, 'fishing_old', 45.00, 10, 10, NULL, NULL),
('mt-mortar', 118, 'fishing_good', 180.00, 20, 20, NULL, NULL),
('mt-mortar', 118, 'fishing_super', 210.00, 40, 40, NULL, NULL),
('mt-mortar', 119, 'surfing', 30.00, 15, 30, NULL, NULL),
('mt-mortar', 119, 'fishing_super', 30.00, 40, 40, NULL, NULL),
('mt-mortar', 129, 'fishing_old', 255.00, 10, 10, NULL, NULL),
('mt-mortar', 129, 'fishing_good', 120.00, 20, 20, NULL, NULL),
('mt-mortar', 129, 'fishing_super', 60.00, 40, 40, NULL, NULL),
('mt-mortar', 183, 'walking', 40.00, 13, 15, 'Swarm', NULL),
('mt-mortar', 183, 'walking', 1.00, 15, 15, NULL, NULL),
('mt-mortar', 296, 'walking', 80.00, 14, 31, 'Hoenn Sound', NULL),
('mt-mortar', 359, 'walking', 80.00, 13, 32, 'Hoenn Sound', NULL),
('mt-mortar', 433, 'walking', 80.00, 14, 31, 'Sinnoh Sound', NULL),
('mt-mortar', 436, 'walking', 80.00, 13, 32, 'Sinnoh Sound', NULL),
('mt-mortar', 20, 'walking', 15.00, 16, 30, NULL, NULL),
('mt-mortar', 42, 'walking', 5.00, 30, 30, NULL, NULL),
('mt-mortar', 67, 'walking', 30.00, 32, 32, NULL, NULL),
('mt-mortar', 75, 'walking', 30.00, 31, 31, NULL, NULL),
('mt-mortar', 236, 'gift', 100.00, 10, 10, NULL, NULL),
('route-43', 17, 'walking', 25.00, 17, 17, 'Morning', NULL),
('route-43', 17, 'walking', 20.00, 17, 17, 'Day', NULL),
('route-43', 48, 'walking', 15.00, 15, 17, 'Night', NULL),
('route-43', 48, 'walking', 5.00, 16, 16, 'Morning', NULL),
('route-43', 60, 'fishing_old', 15.00, 10, 10, NULL, NULL),
('route-43', 60, 'fishing_good', 60.00, 20, 20, NULL, NULL),
('route-43', 60, 'fishing_super', 80.00, 40, 40, NULL, NULL),
('route-43', 129, 'surfing', 100.00, 5, 50, NULL, NULL),
('route-43', 129, 'fishing_old', 85.00, 10, 10, NULL, NULL),
('route-43', 129, 'fishing_good', 40.00, 20, 20, NULL, NULL),
('route-43', 129, 'fishing_super', 20.00, 40, 40, NULL, NULL),
('route-43', 164, 'walking', 20.00, 17, 17, 'Night', NULL),
('route-43', 179, 'walking', 10.00, 15, 15, 'Morning', NULL),
('route-43', 179, 'walking', 10.00, 15, 15, 'Day', NULL),
('route-43', 179, 'walking', 5.00, 16, 16, 'Night', NULL),
('route-43', 180, 'walking', 30.00, 15, 15, NULL, NULL),
('route-43', 180, 'walking', 10.00, 16, 17, 'Day', NULL),
('route-43', 203, 'walking', 30.00, 15, 15, NULL, NULL),
('route-43', 264, 'walking', 20.00, 17, 17, 'Hoenn Sound', NULL),
('route-43', 293, 'walking', 20.00, 15, 15, 'Hoenn Sound', NULL),
('route-43', 399, 'walking', 20.00, 17, 17, 'Sinnoh Sound', NULL),
('route-43', 418, 'walking', 20.00, 15, 15, 'Sinnoh Sound', NULL),
('lake-of-rage', 129, 'surfing', 90.00, 5, 20, NULL, NULL),
('lake-of-rage', 129, 'fishing_old', 100.00, 10, 10, NULL, NULL),
('lake-of-rage', 129, 'fishing_good', 90.00, 20, 20, NULL, NULL),
('lake-of-rage', 129, 'fishing_super', 70.00, 40, 40, NULL, NULL),
('lake-of-rage', 130, 'surfing', 10.00, 10, 20, NULL, NULL),
('lake-of-rage', 130, 'fishing_good', 10.00, 20, 20, NULL, NULL),
('lake-of-rage', 130, 'fishing_super', 30.00, 40, 40, NULL, NULL),
('lake-of-rage', 130, 'static', 100.00, 30, 30, NULL, NULL),
('route-44', 60, 'surfing', 90.00, 15, 30, NULL, NULL),
('route-44', 60, 'fishing_old', 15.00, 10, 10, NULL, NULL),
('route-44', 60, 'fishing_good', 55.00, 20, 20, NULL, NULL),
('route-44', 60, 'fishing_super', 70.00, 40, 40, NULL, NULL),
('route-44', 61, 'surfing', 10.00, 20, 30, NULL, NULL),
('route-44', 69, 'walking', 20.00, 22, 22, NULL, NULL),
('route-44', 70, 'walking', 35.00, 22, 24, NULL, NULL),
('route-44', 108, 'walking', 15.00, 24, 26, NULL, NULL),
('route-44', 114, 'walking', 30.00, 23, 23, NULL, NULL),
('route-44', 129, 'fishing_old', 85.00, 10, 10, NULL, NULL),
('route-44', 129, 'fishing_good', 40.00, 20, 20, NULL, NULL),
('route-44', 129, 'fishing_super', 20.00, 40, 40, NULL, NULL),
('route-44', 223, 'fishing_old', 15.00, 10, 10, 'Swarm', NULL),
('route-44', 223, 'fishing_good', 65.00, 20, 20, 'Swarm', NULL),
('route-44', 223, 'fishing_good', 5.00, 20, 20, NULL, NULL),
('route-44', 223, 'fishing_super', 90.00, 40, 40, 'Swarm', NULL),
('route-44', 223, 'fishing_super', 10.00, 40, 40, NULL, NULL),
('route-44', 264, 'walking', 20.00, 22, 22, 'Hoenn Sound', NULL),
('route-44', 293, 'walking', 20.00, 22, 23, 'Hoenn Sound', NULL),
('route-44', 399, 'walking', 20.00, 22, 22, 'Sinnoh Sound', NULL),
('route-44', 418, 'walking', 20.00, 22, 23, 'Sinnoh Sound', NULL),
('ice-path', 41, 'walking', 80.00, 22, 23, NULL, NULL),
('ice-path', 41, 'walking', 20.00, 22, 23, 'Morning', NULL),
('ice-path', 41, 'walking', 20.00, 22, 23, 'Night', NULL),
('ice-path', 42, 'walking', 120.00, 22, 23, NULL, NULL),
('ice-path', 124, 'walking', 20.00, 22, 23, 'Day', NULL),
('ice-path', 124, 'walking', 20.00, 22, 23, NULL, NULL),
('ice-path', 220, 'walking', 160.00, 21, 24, NULL, NULL),
('ice-path', 296, 'walking', 80.00, 22, 23, 'Hoenn Sound', NULL),
('ice-path', 359, 'walking', 80.00, 21, 23, 'Hoenn Sound', NULL),
('ice-path', 433, 'walking', 80.00, 22, 23, 'Sinnoh Sound', NULL),
('ice-path', 436, 'walking', 80.00, 21, 23, 'Sinnoh Sound', NULL),
('dragons-den', 129, 'surfing', 90.00, 5, 20, NULL, NULL),
('dragons-den', 129, 'fishing_old', 100.00, 10, 10, NULL, NULL),
('dragons-den', 129, 'fishing_good', 90.00, 20, 20, NULL, NULL),
('dragons-den', 129, 'fishing_super', 60.00, 40, 40, NULL, NULL),
('dragons-den', 147, 'surfing', 10.00, 5, 15, NULL, NULL),
('dragons-den', 147, 'fishing_good', 10.00, 20, 20, NULL, NULL),
('dragons-den', 147, 'fishing_super', 30.00, 40, 40, NULL, NULL),
('dragons-den', 147, 'gift', 100.00, 15, 15, NULL, NULL),
('dragons-den', 147, 'gift', 100.00, 15, 15, 'story-progress-receive-tm-from-claire', NULL),
('dragons-den', 148, 'fishing_super', 10.00, 40, 40, NULL, NULL),
('route-45', 60, 'fishing_old', 15.00, 10, 10, NULL, NULL),
('route-45', 60, 'fishing_good', 60.00, 20, 20, NULL, NULL),
('route-45', 60, 'fishing_super', 80.00, 40, 40, NULL, NULL),
('route-45', 74, 'walking', 30.00, 23, 23, NULL, NULL),
('route-45', 75, 'walking', 40.00, 23, 27, NULL, NULL),
('route-45', 129, 'surfing', 100.00, 2, 25, NULL, NULL),
('route-45', 129, 'fishing_old', 85.00, 10, 10, NULL, NULL),
('route-45', 129, 'fishing_good', 40.00, 20, 20, NULL, NULL),
('route-45', 129, 'fishing_super', 20.00, 40, 40, NULL, NULL),
('route-45', 207, 'walking', 20.00, 24, 24, NULL, NULL),
('route-45', 231, 'walking', 10.00, 20, 20, NULL, NULL),
('route-45', 264, 'walking', 20.00, 24, 24, 'Hoenn Sound', NULL),
('route-45', 293, 'walking', 20.00, 23, 23, 'Hoenn Sound', NULL),
('route-45', 333, 'walking', 40.00, 23, 23, 'Swarm', NULL),
('route-45', 399, 'walking', 20.00, 24, 24, 'Sinnoh Sound', NULL),
('route-45', 418, 'walking', 20.00, 23, 23, 'Sinnoh Sound', NULL),
('dark-cave-blackthorn', 41, 'walking', 30.00, 23, 23, NULL, NULL),
('dark-cave-blackthorn', 42, 'walking', 5.00, 23, 23, NULL, NULL),
('dark-cave-blackthorn', 74, 'walking', 30.00, 23, 23, NULL, NULL),
('dark-cave-blackthorn', 75, 'walking', 20.00, 25, 25, NULL, NULL),
('dark-cave-blackthorn', 118, 'fishing_old', 15.00, 10, 10, NULL, NULL),
('dark-cave-blackthorn', 118, 'fishing_good', 60.00, 20, 20, NULL, NULL),
('dark-cave-blackthorn', 118, 'fishing_super', 70.00, 40, 40, NULL, NULL),
('dark-cave-blackthorn', 119, 'fishing_super', 10.00, 40, 40, NULL, NULL),
('dark-cave-blackthorn', 129, 'surfing', 100.00, 2, 20, NULL, NULL),
('dark-cave-blackthorn', 129, 'fishing_old', 85.00, 10, 10, NULL, NULL),
('dark-cave-blackthorn', 129, 'fishing_good', 40.00, 20, 20, NULL, NULL),
('dark-cave-blackthorn', 129, 'fishing_super', 20.00, 40, 40, NULL, NULL),
('dark-cave-blackthorn', 202, 'walking', 15.00, 20, 25, NULL, NULL),
('dark-cave-blackthorn', 296, 'walking', 20.00, 25, 25, 'Hoenn Sound', NULL),
('dark-cave-blackthorn', 359, 'walking', 20.00, 23, 23, 'Hoenn Sound', NULL),
('dark-cave-blackthorn', 433, 'walking', 20.00, 25, 25, 'Sinnoh Sound', NULL),
('dark-cave-blackthorn', 436, 'walking', 20.00, 23, 23, 'Sinnoh Sound', NULL),
('whirl-islands', 41, 'walking', 120.00, 23, 24, NULL, NULL),
('whirl-islands', 42, 'walking', 20.00, 23, 24, NULL, NULL),
('whirl-islands', 72, 'surfing', 60.00, 15, 25, NULL, NULL),
('whirl-islands', 73, 'surfing', 40.00, 15, 25, NULL, NULL),
('whirl-islands', 86, 'walking', 60.00, 22, 25, NULL, NULL),
('whirl-islands', 98, 'walking', 200.00, 22, 25, NULL, NULL),
('whirl-islands', 98, 'fishing_old', 30.00, 10, 10, NULL, NULL),
('whirl-islands', 98, 'fishing_good', 100.00, 20, 20, NULL, NULL),
('whirl-islands', 98, 'fishing_super', 80.00, 40, 40, NULL, NULL),
('whirl-islands', 99, 'fishing_super', 40.00, 40, 40, NULL, NULL),
('whirl-islands', 116, 'surfing', 90.00, 10, 25, NULL, NULL),
('whirl-islands', 116, 'fishing_good', 20.00, 20, 20, NULL, NULL),
('whirl-islands', 116, 'fishing_super', 60.00, 40, 40, NULL, NULL),
('whirl-islands', 117, 'fishing_super', 20.00, 40, 40, NULL, NULL),
('whirl-islands', 129, 'fishing_old', 170.00, 10, 10, NULL, NULL),
('whirl-islands', 129, 'fishing_good', 80.00, 20, 20, NULL, NULL),
('whirl-islands', 296, 'walking', 80.00, 24, 25, 'Hoenn Sound', NULL),
('whirl-islands', 359, 'walking', 80.00, 22, 24, 'Hoenn Sound', NULL),
('whirl-islands', 433, 'walking', 80.00, 24, 25, 'Sinnoh Sound', NULL),
('whirl-islands', 436, 'walking', 80.00, 22, 24, 'Sinnoh Sound', NULL),
('whirl-islands', 117, 'surfing', 10.00, 15, 30, NULL, NULL),
('whirl-islands', 249, 'static', 100.00, 70, 70, NULL, NULL),
('route-27', 20, 'walking', 40.00, 28, 30, NULL, NULL),
('route-27', 28, 'walking', 5.00, 30, 30, NULL, NULL),
('route-27', 72, 'surfing', 90.00, 15, 20, NULL, NULL),
('route-27', 72, 'fishing_old', 15.00, 10, 10, NULL, NULL),
('route-27', 72, 'fishing_good', 30.00, 20, 20, NULL, NULL),
('route-27', 73, 'surfing', 10.00, 20, 20, NULL, NULL),
('route-27', 73, 'fishing_super', 20.00, 40, 40, NULL, NULL),
('route-27', 77, 'walking', 5.00, 32, 32, NULL, NULL),
('route-27', 84, 'walking', 50.00, 28, 30, 'Morning', NULL),
('route-27', 84, 'walking', 50.00, 28, 30, 'Day', NULL),
('route-27', 90, 'fishing_good', 10.00, 20, 20, NULL, NULL),
('route-27', 90, 'fishing_super', 30.00, 40, 40, NULL, NULL),
('route-27', 129, 'fishing_old', 85.00, 10, 10, NULL, NULL),
('route-27', 129, 'fishing_good', 40.00, 20, 20, NULL, NULL),
('route-27', 170, 'fishing_good', 20.00, 20, 20, NULL, NULL),
('route-27', 170, 'fishing_super', 40.00, 40, 40, NULL, NULL),
('route-27', 171, 'fishing_super', 10.00, 40, 40, NULL, NULL),
('route-27', 195, 'walking', 50.00, 28, 30, 'Night', NULL),
('route-27', 264, 'walking', 20.00, 30, 30, 'Hoenn Sound', NULL),
('route-27', 293, 'walking', 20.00, 28, 28, 'Hoenn Sound', NULL),
('route-27', 370, 'surfing', 60.00, 20, 20, 'Swarm', NULL),
('route-27', 399, 'walking', 20.00, 30, 30, 'Sinnoh Sound', NULL),
('route-27', 418, 'walking', 20.00, 28, 28, 'Sinnoh Sound', NULL),
('tohjo-falls', 19, 'walking', 5.00, 20, 20, NULL, NULL),
('tohjo-falls', 20, 'walking', 30.00, 22, 22, NULL, NULL),
('tohjo-falls', 41, 'walking', 30.00, 22, 22, NULL, NULL),
('tohjo-falls', 42, 'walking', 20.00, 22, 22, NULL, NULL),
('tohjo-falls', 79, 'walking', 15.00, 21, 23, NULL, NULL),
('tohjo-falls', 79, 'surfing', 30.00, 20, 20, NULL, NULL),
('tohjo-falls', 118, 'surfing', 60.00, 20, 20, NULL, NULL),
('tohjo-falls', 118, 'fishing_old', 15.00, 10, 10, NULL, NULL),
('tohjo-falls', 118, 'fishing_good', 60.00, 20, 20, NULL, NULL),
('tohjo-falls', 118, 'fishing_super', 70.00, 40, 40, NULL, NULL),
('tohjo-falls', 119, 'surfing', 10.00, 20, 20, NULL, NULL),
('tohjo-falls', 119, 'fishing_super', 10.00, 40, 40, NULL, NULL),
('tohjo-falls', 129, 'fishing_old', 85.00, 10, 10, NULL, NULL),
('tohjo-falls', 129, 'fishing_good', 40.00, 20, 20, NULL, NULL),
('tohjo-falls', 129, 'fishing_super', 20.00, 40, 40, NULL, NULL),
('tohjo-falls', 296, 'walking', 20.00, 22, 22, 'Hoenn Sound', NULL),
('tohjo-falls', 359, 'walking', 20.00, 22, 22, 'Hoenn Sound', NULL),
('tohjo-falls', 433, 'walking', 20.00, 22, 22, 'Sinnoh Sound', NULL),
('tohjo-falls', 436, 'walking', 20.00, 22, 22, 'Sinnoh Sound', NULL),
('route-26', 20, 'walking', 40.00, 28, 30, 'Night', NULL),
('route-26', 20, 'walking', 5.00, 30, 30, 'Morning', NULL),
('route-26', 20, 'walking', 5.00, 30, 30, 'Day', NULL),
('route-26', 28, 'walking', 30.00, 28, 28, NULL, NULL),
('route-26', 72, 'surfing', 90.00, 25, 30, NULL, NULL),
('route-26', 72, 'fishing_old', 15.00, 10, 10, NULL, NULL),
('route-26', 72, 'fishing_good', 30.00, 20, 20, NULL, NULL),
('route-26', 73, 'surfing', 10.00, 30, 30, NULL, NULL),
('route-26', 73, 'fishing_super', 20.00, 40, 40, NULL, NULL),
('route-26', 77, 'walking', 20.00, 32, 32, NULL, NULL),
('route-26', 84, 'walking', 40.00, 28, 30, 'Morning', NULL),
('route-26', 84, 'walking', 40.00, 28, 30, 'Day', NULL),
('route-26', 85, 'walking', 5.00, 30, 30, 'Morning', NULL),
('route-26', 85, 'walking', 5.00, 30, 30, 'Day', NULL),
('route-26', 90, 'fishing_good', 10.00, 20, 20, NULL, NULL),
('route-26', 90, 'fishing_super', 30.00, 40, 40, NULL, NULL),
('route-26', 129, 'fishing_old', 85.00, 10, 10, NULL, NULL),
('route-26', 129, 'fishing_good', 40.00, 20, 20, NULL, NULL),
('route-26', 170, 'fishing_good', 20.00, 20, 20, NULL, NULL),
('route-26', 170, 'fishing_super', 40.00, 40, 40, NULL, NULL),
('route-26', 171, 'fishing_super', 10.00, 40, 40, NULL, NULL),
('route-26', 195, 'walking', 10.00, 30, 30, 'Night', NULL),
('route-26', 264, 'walking', 20.00, 32, 32, 'Hoenn Sound', NULL),
('route-26', 293, 'walking', 20.00, 28, 28, 'Hoenn Sound', NULL),
('route-26', 399, 'walking', 20.00, 32, 32, 'Sinnoh Sound', NULL),
('route-26', 418, 'walking', 20.00, 28, 28, 'Sinnoh Sound', NULL),
('route-6', 16, 'walking', 50.00, 13, 14, 'Morning', NULL),
('route-6', 16, 'walking', 50.00, 13, 14, 'Day', NULL),
('route-6', 43, 'walking', 60.00, 13, 13, 'Night', NULL),
('route-6', 54, 'surfing', 90.00, 5, 10, NULL, NULL),
('route-6', 55, 'surfing', 10.00, 10, 10, NULL, NULL),
('route-6', 60, 'fishing_old', 15.00, 10, 10, NULL, NULL),
('route-6', 60, 'fishing_good', 60.00, 20, 20, NULL, NULL),
('route-6', 60, 'fishing_super', 80.00, 40, 40, NULL, NULL),
('route-6', 63, 'walking', 10.00, 12, 14, NULL, NULL),
('route-6', 69, 'walking', 30.00, 13, 13, 'Morning', NULL),
('route-6', 69, 'walking', 30.00, 13, 13, 'Day', NULL),
('route-6', 69, 'walking', 20.00, 14, 14, 'Night', NULL),
('route-6', 81, 'walking', 10.00, 15, 15, NULL, NULL),
('route-6', 129, 'fishing_old', 85.00, 10, 10, NULL, NULL),
('route-6', 129, 'fishing_good', 40.00, 20, 20, NULL, NULL),
('route-6', 129, 'fishing_super', 20.00, 40, 40, NULL, NULL),
('route-6', 264, 'walking', 20.00, 14, 14, 'Hoenn Sound', NULL),
('route-6', 293, 'walking', 20.00, 13, 13, 'Hoenn Sound', NULL),
('route-6', 399, 'walking', 20.00, 14, 14, 'Sinnoh Sound', NULL),
('route-6', 418, 'walking', 20.00, 13, 13, 'Sinnoh Sound', NULL),
('route-5', 16, 'walking', 60.00, 13, 15, 'Morning', NULL),
('route-5', 16, 'walking', 60.00, 13, 15, 'Day', NULL),
('route-5', 43, 'walking', 60.00, 13, 13, 'Night', NULL),
('route-5', 44, 'walking', 10.00, 15, 15, 'Night', NULL),
('route-5', 63, 'walking', 10.00, 12, 14, NULL, NULL),
('route-5', 69, 'walking', 30.00, 13, 13, 'Morning', NULL),
('route-5', 69, 'walking', 30.00, 13, 13, 'Day', NULL),
('route-5', 69, 'walking', 20.00, 14, 14, 'Night', NULL),
('route-5', 311, 'walking', 20.00, 13, 13, 'Hoenn Sound', NULL),
('route-5', 312, 'walking', 20.00, 14, 14, 'Hoenn Sound', NULL),
('route-5', 403, 'walking', 40.00, 13, 14, 'Sinnoh Sound', NULL),
('route-24', 43, 'walking', 30.00, 10, 10, 'Night', NULL),
('route-24', 48, 'walking', 30.00, 8, 8, 'Night', NULL),
('route-24', 48, 'walking', 5.00, 8, 8, 'Morning', NULL),
('route-24', 49, 'walking', 5.00, 14, 14, 'Night', NULL),
('route-24', 63, 'walking', 20.00, 9, 9, NULL, NULL),
('route-24', 69, 'walking', 60.00, 8, 10, 'Morning', NULL),
('route-24', 69, 'walking', 35.00, 8, 8, 'Day', NULL),
('route-24', 69, 'walking', 5.00, 8, 8, 'Night', NULL),
('route-24', 70, 'walking', 10.00, 12, 12, NULL, NULL),
('route-24', 70, 'walking', 5.00, 14, 14, 'Morning', NULL),
('route-24', 70, 'walking', 5.00, 14, 14, 'Day', NULL),
('route-24', 118, 'surfing', 90.00, 5, 10, NULL, NULL),
('route-24', 118, 'fishing_old', 15.00, 10, 10, NULL, NULL),
('route-24', 118, 'fishing_good', 60.00, 20, 20, NULL, NULL),
('route-24', 118, 'fishing_super', 70.00, 40, 40, NULL, NULL),
('route-24', 119, 'surfing', 10.00, 10, 10, NULL, NULL),
('route-24', 119, 'fishing_super', 10.00, 40, 40, NULL, NULL),
('route-24', 129, 'fishing_old', 85.00, 10, 10, NULL, NULL),
('route-24', 129, 'fishing_good', 40.00, 20, 20, NULL, NULL),
('route-24', 129, 'fishing_super', 20.00, 40, 40, NULL, NULL),
('route-24', 191, 'walking', 30.00, 10, 10, 'Day', NULL),
('route-24', 264, 'walking', 20.00, 9, 9, 'Hoenn Sound', NULL),
('route-24', 293, 'walking', 20.00, 8, 10, 'Hoenn Sound', NULL),
('route-24', 399, 'walking', 20.00, 9, 9, 'Sinnoh Sound', NULL),
('route-24', 418, 'walking', 20.00, 8, 10, 'Sinnoh Sound', NULL),
('route-25', 16, 'walking', 30.00, 8, 8, 'Morning', NULL),
('route-25', 16, 'walking', 50.00, 8, 8, 'Day', NULL),
('route-25', 17, 'walking', 5.00, 10, 10, 'Morning', NULL),
('route-25', 17, 'walking', 5.00, 10, 10, 'Day', NULL),
('route-25', 43, 'walking', 30.00, 10, 10, 'Night', NULL),
('route-25', 48, 'walking', 30.00, 8, 8, 'Night', NULL),
('route-25', 48, 'walking', 20.00, 8, 8, 'Morning', NULL),
('route-25', 49, 'walking', 20.00, 8, 8, 'Night', NULL),
('route-25', 63, 'walking', 10.00, 9, 9, NULL, NULL),
('route-25', 69, 'walking', 30.00, 10, 10, 'Morning', NULL),
('route-25', 69, 'walking', 30.00, 10, 10, 'Day', NULL),
('route-25', 69, 'walking', 5.00, 14, 14, 'Night', NULL),
('route-25', 70, 'walking', 5.00, 10, 10, 'Night', NULL),
('route-25', 70, 'walking', 5.00, 14, 14, 'Morning', NULL),
('route-25', 70, 'walking', 5.00, 14, 14, 'Day', NULL),
('route-25', 118, 'surfing', 90.00, 5, 10, NULL, NULL),
('route-25', 118, 'fishing_old', 15.00, 10, 10, NULL, NULL),
('route-25', 118, 'fishing_good', 60.00, 20, 20, NULL, NULL),
('route-25', 118, 'fishing_super', 70.00, 40, 40, NULL, NULL),
('route-25', 119, 'surfing', 10.00, 10, 10, NULL, NULL),
('route-25', 119, 'fishing_super', 10.00, 40, 40, NULL, NULL),
('route-25', 129, 'fishing_old', 85.00, 10, 10, NULL, NULL),
('route-25', 129, 'fishing_good', 40.00, 20, 20, NULL, NULL),
('route-25', 129, 'fishing_super', 20.00, 40, 40, NULL, NULL),
('route-25', 245, 'static', 100.00, 40, 40, NULL, NULL),
('route-25', 264, 'walking', 20.00, 8, 8, 'Hoenn Sound', NULL),
('route-25', 293, 'walking', 20.00, 8, 10, 'Hoenn Sound', NULL),
('route-25', 399, 'walking', 20.00, 8, 8, 'Sinnoh Sound', NULL),
('route-25', 418, 'walking', 20.00, 8, 10, 'Sinnoh Sound', NULL),
('route-25', 427, 'walking', 40.00, 8, 10, 'Swarm', NULL),
('route-9', 19, 'walking', 30.00, 15, 15, NULL, NULL),
('route-9', 19, 'walking', 10.00, 15, 15, 'Night', NULL),
('route-9', 20, 'walking', 25.00, 13, 15, 'Night', NULL),
('route-9', 20, 'walking', 10.00, 15, 15, 'Morning', NULL),
('route-9', 20, 'walking', 10.00, 15, 15, 'Day', NULL),
('route-9', 21, 'walking', 20.00, 13, 13, 'Morning', NULL),
('route-9', 21, 'walking', 20.00, 13, 13, 'Day', NULL),
('route-9', 22, 'walking', 5.00, 15, 15, 'Morning', NULL),
('route-9', 22, 'walking', 5.00, 15, 15, 'Day', NULL),
('route-9', 56, 'walking', 30.00, 13, 13, NULL, NULL),
('route-9', 57, 'walking', 5.00, 15, 15, NULL, NULL),
('route-9', 118, 'surfing', 90.00, 10, 15, NULL, NULL),
('route-9', 118, 'fishing_old', 15.00, 10, 10, NULL, NULL),
('route-9', 118, 'fishing_good', 60.00, 20, 20, NULL, NULL),
('route-9', 118, 'fishing_super', 70.00, 40, 40, NULL, NULL),
('route-9', 119, 'surfing', 10.00, 15, 15, NULL, NULL),
('route-9', 119, 'fishing_super', 10.00, 40, 40, NULL, NULL),
('route-9', 129, 'fishing_old', 85.00, 10, 10, NULL, NULL),
('route-9', 129, 'fishing_good', 40.00, 20, 20, NULL, NULL),
('route-9', 129, 'fishing_super', 20.00, 40, 40, NULL, NULL),
('route-9', 264, 'walking', 20.00, 13, 13, 'Hoenn Sound', NULL),
('route-9', 293, 'walking', 20.00, 13, 15, 'Hoenn Sound', NULL),
('route-9', 302, 'walking', 40.00, 13, 15, 'Swarm', NULL),
('route-9', 399, 'walking', 20.00, 13, 13, 'Sinnoh Sound', NULL),
('route-9', 418, 'walking', 20.00, 13, 15, 'Sinnoh Sound', NULL),
('route-10', 20, 'walking', 20.00, 16, 16, NULL, NULL),
('route-10', 20, 'walking', 5.00, 18, 18, 'Morning', NULL),
('route-10', 20, 'walking', 5.00, 18, 18, 'Night', NULL),
('route-10', 21, 'walking', 30.00, 16, 16, 'Morning', NULL),
('route-10', 21, 'walking', 30.00, 16, 16, 'Day', NULL),
('route-10', 22, 'walking', 10.00, 18, 18, 'Morning', NULL),
('route-10', 22, 'walking', 10.00, 18, 18, 'Day', NULL),
('route-10', 100, 'walking', 30.00, 17, 17, NULL, NULL),
('route-10', 118, 'surfing', 90.00, 10, 15, NULL, NULL),
('route-10', 118, 'fishing_old', 15.00, 10, 10, NULL, NULL),
('route-10', 118, 'fishing_good', 60.00, 20, 20, NULL, NULL),
('route-10', 118, 'fishing_super', 70.00, 40, 40, NULL, NULL),
('route-10', 119, 'surfing', 10.00, 15, 15, NULL, NULL),
('route-10', 119, 'fishing_super', 10.00, 40, 40, NULL, NULL),
('route-10', 125, 'walking', 5.00, 18, 18, 'Day', NULL),
('route-10', 125, 'walking', 5.00, 15, 15, NULL, NULL),
('route-10', 129, 'fishing_old', 85.00, 10, 10, NULL, NULL),
('route-10', 129, 'fishing_good', 40.00, 20, 20, NULL, NULL),
('route-10', 129, 'fishing_super', 20.00, 40, 40, NULL, NULL),
('route-10', 145, 'static', 100.00, 50, 50, 'story-progress-returned-machine-part', NULL),
('route-10', 195, 'walking', 40.00, 16, 18, 'Night', NULL),
('route-10', 264, 'walking', 20.00, 16, 16, 'Hoenn Sound', NULL),
('route-10', 293, 'walking', 20.00, 16, 17, 'Hoenn Sound', NULL),
('route-10', 399, 'walking', 20.00, 16, 16, 'Sinnoh Sound', NULL),
('route-10', 418, 'walking', 20.00, 16, 17, 'Sinnoh Sound', NULL),
('rock-tunnel', 41, 'walking', 20.00, 8, 10, NULL, NULL),
('rock-tunnel', 66, 'walking', 20.00, 12, 12, NULL, NULL),
('rock-tunnel', 67, 'walking', 5.00, 14, 14, NULL, NULL),
('rock-tunnel', 74, 'walking', 60.00, 10, 12, NULL, NULL),
('rock-tunnel', 104, 'walking', 65.00, 10, 13, NULL, NULL),
('rock-tunnel', 296, 'walking', 40.00, 12, 16, 'Hoenn Sound', NULL),
('rock-tunnel', 359, 'walking', 40.00, 10, 12, 'Hoenn Sound', NULL),
('rock-tunnel', 433, 'walking', 40.00, 12, 16, 'Sinnoh Sound', NULL),
('rock-tunnel', 436, 'walking', 40.00, 10, 12, 'Sinnoh Sound', NULL),
('rock-tunnel', 74, 'rock_smash', 100.00, 12, 21, NULL, NULL),
('rock-tunnel', 95, 'walking', 20.00, 16, 16, NULL, NULL),
('rock-tunnel', 105, 'walking', 5.00, 14, 14, NULL, NULL),
('rock-tunnel', 115, 'walking', 5.00, 14, 14, NULL, NULL),
('route-8', 17, 'walking', 65.00, 17, 19, 'Morning', NULL),
('route-8', 17, 'walking', 65.00, 17, 19, 'Day', NULL),
('route-8', 58, 'walking', 10.00, 18, 18, 'Morning', NULL),
('route-8', 58, 'walking', 10.00, 18, 18, 'Day', NULL),
('route-8', 58, 'walking', 5.00, 17, 17, 'Night', NULL),
('route-8', 63, 'walking', 20.00, 15, 15, NULL, NULL),
('route-8', 64, 'walking', 5.00, 15, 15, NULL, NULL),
('route-8', 93, 'walking', 30.00, 19, 19, 'Night', NULL),
('route-8', 164, 'walking', 40.00, 17, 18, 'Night', NULL),
('route-8', 311, 'walking', 20.00, 17, 19, 'Hoenn Sound', NULL),
('route-8', 312, 'walking', 20.00, 15, 15, 'Hoenn Sound', NULL),
('route-8', 403, 'walking', 40.00, 15, 19, 'Sinnoh Sound', NULL),
('route-7', 19, 'walking', 30.00, 17, 17, NULL, NULL),
('route-7', 19, 'walking', 10.00, 15, 19, 'Morning', NULL),
('route-7', 19, 'walking', 5.00, 19, 19, 'Day', NULL),
('route-7', 20, 'walking', 10.00, 19, 19, NULL, NULL),
('route-7', 21, 'walking', 30.00, 17, 17, 'Morning', NULL),
('route-7', 21, 'walking', 30.00, 17, 17, 'Day', NULL),
('route-7', 58, 'walking', 20.00, 18, 18, NULL, NULL),
('route-7', 58, 'walking', 5.00, 15, 15, 'Day', NULL),
('route-7', 198, 'walking', 35.00, 17, 19, 'Night', NULL),
('route-7', 228, 'walking', 5.00, 15, 15, 'Night', NULL),
('route-7', 311, 'walking', 20.00, 17, 17, 'Hoenn Sound', NULL),
('route-7', 312, 'walking', 20.00, 18, 18, 'Hoenn Sound', NULL),
('route-7', 403, 'walking', 40.00, 17, 18, 'Sinnoh Sound', NULL),
('route-16', 22, 'walking', 40.00, 27, 29, 'Morning', NULL),
('route-16', 22, 'walking', 40.00, 27, 29, 'Day', NULL),
('route-16', 88, 'walking', 50.00, 26, 28, NULL, NULL),
('route-16', 88, 'walking', 30.00, 27, 27, 'Night', NULL),
('route-16', 89, 'walking', 5.00, 30, 30, NULL, NULL),
('route-16', 198, 'walking', 10.00, 29, 29, 'Night', NULL),
('route-16', 218, 'walking', 5.00, 27, 27, NULL, NULL),
('route-16', 311, 'walking', 20.00, 26, 27, 'Hoenn Sound', NULL),
('route-16', 312, 'walking', 20.00, 28, 28, 'Hoenn Sound', NULL),
('route-16', 403, 'walking', 40.00, 26, 28, 'Sinnoh Sound', NULL),
('route-17', 22, 'walking', 40.00, 28, 30, 'Morning', NULL),
('route-17', 22, 'walking', 40.00, 28, 30, 'Day', NULL),
('route-17', 88, 'walking', 60.00, 27, 28, 'Night', NULL),
('route-17', 88, 'walking', 30.00, 27, 27, 'Morning', NULL),
('route-17', 88, 'walking', 20.00, 29, 29, NULL, NULL),
('route-17', 89, 'walking', 10.00, 30, 30, 'Night', NULL),
('route-17', 89, 'walking', 5.00, 32, 32, NULL, NULL),
('route-17', 218, 'walking', 30.00, 27, 27, 'Day', NULL),
('route-17', 218, 'walking', 5.00, 29, 29, NULL, NULL),
('route-17', 311, 'walking', 20.00, 27, 28, 'Hoenn Sound', NULL),
('route-17', 312, 'walking', 20.00, 29, 29, 'Hoenn Sound', NULL),
('route-17', 403, 'walking', 40.00, 27, 29, 'Sinnoh Sound', NULL),
('route-18', 22, 'walking', 40.00, 27, 29, 'Morning', NULL),
('route-18', 22, 'walking', 40.00, 27, 29, 'Day', NULL),
('route-18', 88, 'walking', 50.00, 26, 28, NULL, NULL),
('route-18', 88, 'walking', 30.00, 27, 27, 'Night', NULL),
('route-18', 89, 'walking', 10.00, 29, 29, 'Night', NULL),
('route-18', 89, 'walking', 5.00, 30, 30, NULL, NULL),
('route-18', 218, 'walking', 5.00, 27, 27, NULL, NULL),
('route-18', 311, 'walking', 20.00, 26, 27, 'Hoenn Sound', NULL),
('route-18', 312, 'walking', 20.00, 28, 28, 'Hoenn Sound', NULL),
('route-18', 403, 'walking', 40.00, 26, 28, 'Sinnoh Sound', NULL),
('route-15', 17, 'walking', 20.00, 25, 25, 'Morning', NULL),
('route-15', 17, 'walking', 20.00, 25, 25, 'Day', NULL),
('route-15', 30, 'walking', 30.00, 23, 23, NULL, NULL),
('route-15', 33, 'walking', 30.00, 23, 23, NULL, NULL),
('route-15', 113, 'walking', 1.00, 25, 25, NULL, NULL),
('route-15', 164, 'walking', 20.00, 25, 25, 'Night', NULL),
('route-15', 187, 'walking', 19.00, 22, 24, 'Morning', NULL),
('route-15', 187, 'walking', 19.00, 22, 24, 'Day', NULL),
('route-15', 195, 'walking', 19.00, 22, 24, 'Night', NULL),
('route-15', 311, 'walking', 20.00, 23, 23, 'Hoenn Sound', NULL),
('route-15', 312, 'walking', 20.00, 25, 25, 'Hoenn Sound', NULL),
('route-15', 403, 'walking', 40.00, 23, 25, 'Sinnoh Sound', NULL),
('route-14', 17, 'walking', 20.00, 25, 25, 'Morning', NULL),
('route-14', 17, 'walking', 20.00, 25, 25, 'Day', NULL),
('route-14', 30, 'walking', 30.00, 23, 23, NULL, NULL),
('route-14', 33, 'walking', 30.00, 23, 23, NULL, NULL),
('route-14', 113, 'walking', 1.00, 25, 25, NULL, NULL),
('route-14', 164, 'walking', 20.00, 25, 25, 'Night', NULL),
('route-14', 187, 'walking', 10.00, 24, 24, 'Morning', NULL),
('route-14', 187, 'walking', 10.00, 24, 24, 'Day', NULL),
('route-14', 188, 'walking', 9.00, 26, 26, 'Morning', NULL),
('route-14', 188, 'walking', 9.00, 26, 26, 'Day', NULL),
('route-14', 195, 'walking', 19.00, 24, 26, 'Night', NULL),
('route-14', 311, 'walking', 20.00, 23, 23, 'Hoenn Sound', NULL),
('route-14', 312, 'walking', 20.00, 25, 25, 'Hoenn Sound', NULL),
('route-14', 403, 'walking', 40.00, 23, 25, 'Sinnoh Sound', NULL),
('route-13', 17, 'walking', 20.00, 25, 25, 'Morning', NULL),
('route-13', 17, 'walking', 20.00, 25, 25, 'Day', NULL),
('route-13', 30, 'walking', 30.00, 23, 23, NULL, NULL),
('route-13', 33, 'walking', 30.00, 23, 23, NULL, NULL),
('route-13', 72, 'surfing', 60.00, 25, 25, NULL, NULL),
('route-13', 72, 'fishing_old', 15.00, 10, 10, NULL, NULL),
('route-13', 72, 'fishing_good', 60.00, 20, 20, NULL, NULL),
('route-13', 72, 'fishing_super', 70.00, 40, 40, NULL, NULL),
('route-13', 73, 'surfing', 10.00, 25, 25, NULL, NULL),
('route-13', 113, 'walking', 40.00, 23, 23, 'Swarm', NULL),
('route-13', 113, 'walking', 1.00, 25, 25, NULL, NULL),
('route-13', 129, 'fishing_old', 85.00, 10, 10, NULL, NULL),
('route-13', 129, 'fishing_good', 40.00, 20, 20, NULL, NULL),
('route-13', 129, 'fishing_super', 20.00, 40, 40, NULL, NULL),
('route-13', 164, 'walking', 20.00, 25, 25, 'Night', NULL),
('route-13', 187, 'walking', 19.00, 22, 24, 'Morning', NULL),
('route-13', 187, 'walking', 19.00, 22, 24, 'Day', NULL),
('route-13', 195, 'walking', 19.00, 22, 24, 'Night', NULL),
('route-13', 195, 'surfing', 30.00, 25, 25, NULL, NULL),
('route-13', 211, 'fishing_super', 10.00, 40, 40, NULL, NULL),
('route-13', 264, 'walking', 20.00, 25, 25, 'Hoenn Sound', NULL),
('route-13', 293, 'walking', 20.00, 23, 23, 'Hoenn Sound', NULL),
('route-13', 399, 'walking', 20.00, 25, 25, 'Sinnoh Sound', NULL),
('route-13', 418, 'walking', 20.00, 23, 23, 'Sinnoh Sound', NULL),
('route-12', 72, 'surfing', 60.00, 25, 25, NULL, NULL),
('route-12', 72, 'fishing_old', 15.00, 10, 10, NULL, NULL),
('route-12', 72, 'fishing_good', 60.00, 20, 20, NULL, NULL),
('route-12', 72, 'fishing_super', 70.00, 40, 40, NULL, NULL),
('route-12', 73, 'surfing', 10.00, 25, 25, NULL, NULL),
('route-12', 129, 'fishing_old', 85.00, 10, 10, NULL, NULL),
('route-12', 129, 'fishing_good', 40.00, 20, 20, NULL, NULL),
('route-12', 129, 'fishing_super', 20.00, 40, 40, NULL, NULL),
('route-12', 143, 'static', 100.00, 50, 50, 'other-snorlax-11-beat-league', NULL),
('route-12', 195, 'surfing', 30.00, 25, 25, NULL, NULL),
('route-12', 211, 'fishing_super', 10.00, 40, 40, NULL, NULL),
('route-12', 369, 'fishing_old', 15.00, 10, 10, 'Swarm', NULL),
('route-12', 369, 'fishing_good', 65.00, 20, 20, 'Swarm', NULL),
('route-12', 369, 'fishing_super', 100.00, 40, 40, 'Swarm', NULL),
('route-11', 19, 'walking', 30.00, 15, 15, NULL, NULL),
('route-11', 81, 'walking', 20.00, 15, 15, NULL, NULL),
('route-11', 96, 'walking', 40.00, 14, 16, NULL, NULL),
('route-11', 97, 'walking', 10.00, 16, 16, NULL, NULL),
('route-11', 143, 'static', 100.00, 50, 50, NULL, NULL),
('route-11', 311, 'walking', 20.00, 14, 15, 'Hoenn Sound', NULL),
('route-11', 312, 'walking', 20.00, 15, 15, 'Hoenn Sound', NULL),
('route-11', 403, 'walking', 40.00, 14, 15, 'Sinnoh Sound', NULL),
('digletts-cave', 50, 'walking', 90.00, 13, 19, NULL, NULL),
('digletts-cave', 51, 'walking', 10.00, 19, 29, NULL, NULL),
('digletts-cave', 296, 'walking', 20.00, 19, 19, 'Hoenn Sound', NULL),
('digletts-cave', 359, 'walking', 20.00, 15, 17, 'Hoenn Sound', NULL),
('digletts-cave', 433, 'walking', 20.00, 19, 19, 'Sinnoh Sound', NULL),
('digletts-cave', 436, 'walking', 20.00, 15, 17, 'Sinnoh Sound', NULL),
('route-2', 10, 'walking', 62.00, 3, 4, 'Morning', NULL),
('route-2', 10, 'walking', 62.00, 3, 4, 'Day', NULL),
('route-2', 11, 'walking', 40.00, 5, 5, 'Morning', NULL),
('route-2', 11, 'walking', 20.00, 5, 5, 'Day', NULL),
('route-2', 12, 'walking', 20.00, 7, 8, 'Morning', NULL),
('route-2', 16, 'walking', 60.00, 3, 3, 'Morning', NULL),
('route-2', 16, 'walking', 90.00, 3, 8, 'Day', NULL),
('route-2', 17, 'walking', 10.00, 7, 7, 'Morning', NULL),
('route-2', 17, 'walking', 18.00, 7, 10, 'Day', NULL),
('route-2', 163, 'walking', 100.00, 3, 5, 'Night', NULL),
('route-2', 164, 'walking', 28.00, 7, 10, 'Night', NULL),
('route-2', 167, 'walking', 62.00, 3, 4, 'Night', NULL),
('route-2', 167, 'walking', 8.00, 10, 10, 'Morning', NULL),
('route-2', 168, 'walking', 10.00, 7, 7, 'Night', NULL),
('route-2', 311, 'walking', 40.00, 3, 3, 'Hoenn Sound', NULL),
('route-2', 312, 'walking', 40.00, 5, 5, 'Hoenn Sound', NULL),
('route-2', 403, 'walking', 80.00, 3, 5, 'Sinnoh Sound', NULL),
('route-2', 12, 'walking', 10.00, 7, 8, 'Day', NULL),
('viridian-forest', 10, 'walking', 40.00, 3, 3, 'Morning', NULL),
('viridian-forest', 10, 'walking', 40.00, 3, 3, 'Day', NULL),
('viridian-forest', 11, 'walking', 30.00, 3, 5, 'Morning', NULL),
('viridian-forest', 11, 'walking', 30.00, 3, 5, 'Day', NULL),
('viridian-forest', 12, 'walking', 10.00, 7, 7, 'Morning', NULL),
('viridian-forest', 16, 'walking', 10.00, 3, 3, 'Morning', NULL),
('viridian-forest', 16, 'walking', 15.00, 3, 7, 'Day', NULL),
('viridian-forest', 17, 'walking', 9.00, 7, 7, 'Day', NULL),
('viridian-forest', 17, 'walking', 4.00, 7, 7, 'Morning', NULL),
('viridian-forest', 25, 'walking', 5.00, 4, 4, NULL, NULL),
('viridian-forest', 25, 'walking', 1.00, 7, 7, 'Morning', NULL),
('viridian-forest', 25, 'walking', 1.00, 7, 7, 'Day', NULL),
('viridian-forest', 163, 'walking', 80.00, 3, 5, 'Night', NULL),
('viridian-forest', 164, 'walking', 15.00, 7, 7, 'Night', NULL),
('viridian-forest', 322, 'walking', 20.00, 5, 5, 'Hoenn Sound', NULL),
('viridian-forest', 325, 'walking', 20.00, 3, 3, 'Hoenn Sound', NULL),
('viridian-forest', 401, 'walking', 40.00, 3, 3, 'Swarm', NULL),
('viridian-forest', 406, 'walking', 20.00, 3, 3, 'Sinnoh Sound', NULL),
('viridian-forest', 455, 'walking', 20.00, 5, 5, 'Sinnoh Sound', NULL),
('route-1', 16, 'walking', 45.00, 2, 4, 'Morning', NULL),
('route-1', 16, 'walking', 45.00, 2, 4, 'Day', NULL),
('route-1', 19, 'walking', 30.00, 2, 2, NULL, NULL),
('route-1', 19, 'walking', 25.00, 3, 6, 'Night', NULL),
('route-1', 161, 'walking', 20.00, 3, 3, 'Morning', NULL),
('route-1', 161, 'walking', 20.00, 3, 3, 'Day', NULL),
('route-1', 162, 'walking', 5.00, 6, 6, 'Morning', NULL),
('route-1', 162, 'walking', 5.00, 6, 6, 'Day', NULL),
('route-1', 163, 'walking', 45.00, 2, 4, 'Night', NULL),
('route-1', 261, 'walking', 40.00, 2, 2, 'Swarm', NULL),
('route-1', 311, 'walking', 20.00, 2, 2, 'Hoenn Sound', NULL),
('route-1', 312, 'walking', 20.00, 3, 3, 'Hoenn Sound', NULL),
('route-1', 403, 'walking', 40.00, 2, 3, 'Sinnoh Sound', NULL),
('pallet-town', 1, 'gift', 100.00, 5, 5, 'story-progress-beat-red', NULL),
('pallet-town', 4, 'gift', 100.00, 5, 5, 'story-progress-beat-red', NULL),
('pallet-town', 7, 'gift', 100.00, 5, 5, 'story-progress-beat-red', NULL),
('pallet-town', 72, 'surfing', 90.00, 30, 35, NULL, NULL),
('pallet-town', 72, 'fishing_old', 15.00, 10, 10, NULL, NULL),
('pallet-town', 72, 'fishing_good', 30.00, 20, 20, NULL, NULL),
('pallet-town', 73, 'surfing', 10.00, 35, 35, NULL, NULL),
('pallet-town', 73, 'fishing_super', 20.00, 40, 40, NULL, NULL),
('pallet-town', 90, 'fishing_good', 10.00, 20, 20, NULL, NULL),
('pallet-town', 90, 'fishing_super', 30.00, 40, 40, NULL, NULL),
('pallet-town', 129, 'fishing_old', 85.00, 10, 10, NULL, NULL),
('pallet-town', 129, 'fishing_good', 40.00, 20, 20, NULL, NULL),
('pallet-town', 170, 'fishing_good', 20.00, 20, 20, NULL, NULL),
('pallet-town', 170, 'fishing_super', 40.00, 40, 40, NULL, NULL),
('pallet-town', 171, 'fishing_super', 10.00, 40, 40, NULL, NULL),
('route-21', 72, 'surfing', 90.00, 30, 35, NULL, NULL),
('route-21', 72, 'fishing_old', 15.00, 10, 10, NULL, NULL),
('route-21', 72, 'fishing_good', 30.00, 20, 20, NULL, NULL),
('route-21', 73, 'surfing', 10.00, 35, 35, NULL, NULL),
('route-21', 73, 'fishing_super', 20.00, 40, 40, NULL, NULL),
('route-21', 90, 'fishing_good', 10.00, 20, 20, NULL, NULL),
('route-21', 90, 'fishing_super', 30.00, 40, 40, NULL, NULL),
('route-21', 114, 'walking', 90.00, 20, 35, NULL, NULL),
('route-21', 114, 'walking', 5.00, 30, 30, 'Morning', NULL),
('route-21', 114, 'walking', 5.00, 30, 30, 'Night', NULL),
('route-21', 122, 'walking', 5.00, 30, 30, 'Day', NULL),
('route-21', 122, 'walking', 5.00, 28, 28, NULL, NULL),
('route-21', 129, 'fishing_old', 85.00, 10, 10, NULL, NULL),
('route-21', 129, 'fishing_good', 40.00, 20, 20, NULL, NULL),
('route-21', 170, 'fishing_good', 20.00, 20, 20, NULL, NULL),
('route-21', 170, 'fishing_super', 40.00, 40, 40, NULL, NULL),
('route-21', 171, 'fishing_super', 10.00, 40, 40, NULL, NULL),
('route-21', 264, 'walking', 20.00, 35, 35, 'Hoenn Sound', NULL),
('route-21', 293, 'walking', 20.00, 25, 30, 'Hoenn Sound', NULL),
('route-21', 399, 'walking', 20.00, 35, 35, 'Sinnoh Sound', NULL),
('route-21', 418, 'walking', 20.00, 25, 30, 'Sinnoh Sound', NULL),
('route-20', 72, 'surfing', 90.00, 30, 35, NULL, NULL),
('route-20', 72, 'fishing_old', 15.00, 10, 10, NULL, NULL),
('route-20', 72, 'fishing_good', 30.00, 20, 20, NULL, NULL),
('route-20', 73, 'surfing', 10.00, 35, 35, NULL, NULL),
('route-20', 73, 'fishing_super', 20.00, 40, 40, NULL, NULL),
('route-20', 90, 'fishing_good', 10.00, 20, 20, NULL, NULL),
('route-20', 90, 'fishing_super', 30.00, 40, 40, NULL, NULL),
('route-20', 129, 'fishing_old', 85.00, 10, 10, NULL, NULL),
('route-20', 129, 'fishing_good', 40.00, 20, 20, NULL, NULL),
('route-20', 170, 'fishing_good', 20.00, 20, 20, NULL, NULL),
('route-20', 170, 'fishing_super', 40.00, 40, 40, NULL, NULL),
('route-20', 171, 'fishing_super', 10.00, 40, 40, NULL, NULL),
('route-19', 72, 'surfing', 90.00, 30, 35, NULL, NULL),
('route-19', 73, 'surfing', 10.00, 35, 35, NULL, NULL),
('route-19', 98, 'rock_smash', 10.00, 24, 27, NULL, NULL),
('route-19', 98, 'fishing_old', 15.00, 10, 10, NULL, NULL),
('route-19', 98, 'fishing_good', 50.00, 20, 20, NULL, NULL),
('route-19', 98, 'fishing_super', 60.00, 40, 40, NULL, NULL),
('route-19', 99, 'rock_smash', 90.00, 28, 31, NULL, NULL),
('route-19', 99, 'fishing_super', 10.00, 40, 40, NULL, NULL),
('route-19', 120, 'fishing_good', 10.00, 20, 20, 'Night', NULL),
('route-19', 120, 'fishing_super', 30.00, 40, 40, 'Night', NULL),
('route-19', 129, 'fishing_old', 85.00, 10, 10, NULL, NULL),
('route-19', 129, 'fishing_good', 40.00, 20, 20, NULL, NULL),
('route-19', 222, 'fishing_good', 10.00, 20, 20, 'Morning', NULL),
('route-19', 222, 'fishing_good', 10.00, 20, 20, 'Day', NULL),
('route-19', 222, 'fishing_super', 30.00, 40, 40, 'Morning', NULL),
('route-19', 222, 'fishing_super', 30.00, 40, 40, 'Day', NULL),
('route-19', 366, 'surfing', 60.00, 35, 35, 'Swarm', NULL),
('seafoam-islands', 41, 'walking', 60.00, 26, 32, NULL, NULL),
('seafoam-islands', 42, 'walking', 150.00, 30, 40, NULL, NULL),
('seafoam-islands', 54, 'walking', 84.00, 26, 34, NULL, NULL),
('seafoam-islands', 55, 'walking', 66.00, 32, 38, NULL, NULL),
('seafoam-islands', 296, 'walking', 100.00, 30, 38, 'Hoenn Sound', NULL),
('seafoam-islands', 359, 'walking', 100.00, 28, 35, 'Hoenn Sound', NULL),
('seafoam-islands', 433, 'walking', 100.00, 30, 38, 'Sinnoh Sound', NULL),
('seafoam-islands', 436, 'walking', 100.00, 28, 35, 'Sinnoh Sound', NULL),
('seafoam-islands', 86, 'walking', 80.00, 32, 35, NULL, NULL),
('seafoam-islands', 87, 'walking', 48.00, 35, 38, NULL, NULL),
('seafoam-islands', 54, 'fishing_good', 30.00, 20, 20, NULL, NULL),
('seafoam-islands', 80, 'surfing', 10.00, 35, 50, NULL, NULL),
('seafoam-islands', 86, 'surfing', 60.00, 30, 40, NULL, NULL),
('seafoam-islands', 98, 'fishing_old', 15.00, 10, 10, NULL, NULL),
('seafoam-islands', 98, 'fishing_good', 20.00, 20, 20, NULL, NULL),
('seafoam-islands', 99, 'fishing_super', 15.00, 40, 40, NULL, NULL),
('seafoam-islands', 116, 'surfing', 30.00, 30, 40, NULL, NULL),
('seafoam-islands', 116, 'fishing_good', 10.00, 20, 20, NULL, NULL),
('seafoam-islands', 116, 'fishing_super', 30.00, 40, 40, NULL, NULL),
('seafoam-islands', 117, 'fishing_super', 15.00, 40, 40, NULL, NULL),
('seafoam-islands', 124, 'walking', 12.00, 38, 40, NULL, NULL),
('seafoam-islands', 129, 'fishing_old', 85.00, 10, 10, NULL, NULL),
('seafoam-islands', 129, 'fishing_good', 40.00, 20, 20, NULL, NULL),
('seafoam-islands', 130, 'fishing_super', 40.00, 40, 40, NULL, NULL),
('seafoam-islands', 144, 'static', 100.00, 50, 50, NULL, NULL),
('route-22', 19, 'walking', 30.00, 3, 3, NULL, NULL),
('route-22', 19, 'walking', 65.00, 3, 7, 'Night', NULL),
('route-22', 21, 'walking', 50.00, 3, 5, 'Morning', NULL),
('route-22', 21, 'walking', 50.00, 3, 5, 'Day', NULL),
('route-22', 22, 'walking', 5.00, 7, 7, 'Morning', NULL),
('route-22', 22, 'walking', 5.00, 7, 7, 'Day', NULL),
('route-22', 60, 'surfing', 90.00, 5, 10, NULL, NULL),
('route-22', 60, 'fishing_old', 15.00, 10, 10, NULL, NULL),
('route-22', 60, 'fishing_good', 60.00, 20, 20, NULL, NULL),
('route-22', 60, 'fishing_super', 80.00, 40, 40, NULL, NULL),
('route-22', 61, 'surfing', 10.00, 10, 10, NULL, NULL),
('route-22', 77, 'walking', 5.00, 6, 6, NULL, NULL),
('route-22', 84, 'walking', 10.00, 4, 4, 'Morning', NULL),
('route-22', 84, 'walking', 10.00, 4, 4, 'Day', NULL),
('route-22', 129, 'fishing_old', 85.00, 10, 10, NULL, NULL),
('route-22', 129, 'fishing_good', 40.00, 20, 20, NULL, NULL),
('route-22', 129, 'fishing_super', 20.00, 40, 40, NULL, NULL),
('route-22', 264, 'walking', 20.00, 5, 5, 'Hoenn Sound', NULL),
('route-22', 293, 'walking', 20.00, 3, 3, 'Hoenn Sound', NULL),
('route-22', 399, 'walking', 20.00, 5, 5, 'Sinnoh Sound', NULL),
('route-22', 418, 'walking', 20.00, 3, 3, 'Sinnoh Sound', NULL),
('route-28', 60, 'surfing', 90.00, 35, 40, NULL, NULL),
('route-28', 60, 'fishing_old', 15.00, 10, 10, NULL, NULL),
('route-28', 60, 'fishing_good', 60.00, 20, 20, NULL, NULL),
('route-28', 60, 'fishing_super', 80.00, 40, 40, NULL, NULL),
('route-28', 61, 'surfing', 10.00, 40, 40, NULL, NULL),
('route-28', 77, 'walking', 30.00, 40, 40, NULL, NULL),
('route-28', 78, 'walking', 10.00, 42, 42, 'Morning', NULL),
('route-28', 78, 'walking', 10.00, 42, 42, 'Day', NULL),
('route-28', 78, 'walking', 10.00, 41, 43, 'Night', NULL),
('route-28', 84, 'walking', 5.00, 41, 41, 'Morning', NULL),
('route-28', 84, 'walking', 5.00, 41, 41, 'Day', NULL),
('route-28', 85, 'walking', 5.00, 43, 43, 'Morning', NULL),
('route-28', 85, 'walking', 5.00, 43, 43, 'Day', NULL),
('route-28', 114, 'walking', 30.00, 39, 39, NULL, NULL),
('route-28', 129, 'fishing_old', 85.00, 10, 10, NULL, NULL),
('route-28', 129, 'fishing_good', 40.00, 20, 20, NULL, NULL),
('route-28', 129, 'fishing_super', 20.00, 40, 40, NULL, NULL),
('route-28', 215, 'walking', 10.00, 42, 42, 'Night', NULL),
('route-28', 232, 'walking', 20.00, 40, 40, NULL, NULL),
('route-28', 264, 'walking', 20.00, 40, 40, 'Hoenn Sound', NULL),
('route-28', 293, 'walking', 20.00, 39, 40, 'Hoenn Sound', NULL),
('route-28', 399, 'walking', 20.00, 40, 40, 'Sinnoh Sound', NULL),
('route-28', 418, 'walking', 20.00, 39, 40, 'Sinnoh Sound', NULL),
('mt-silver', 60, 'surfing', 9.00, 30, 40, NULL, NULL),
('mt-silver', 60, 'fishing_old', 15.00, 10, 10, NULL, NULL),
('mt-silver', 60, 'fishing_good', 60.00, 20, 20, NULL, NULL),
('mt-silver', 60, 'fishing_super', 80.00, 40, 40, NULL, NULL),
('mt-silver', 61, 'surfing', 91.00, 30, 48, NULL, NULL),
('mt-silver', 77, 'walking', 30.00, 42, 42, NULL, NULL),
('mt-silver', 78, 'walking', 10.00, 44, 44, NULL, NULL),
('mt-silver', 84, 'walking', 5.00, 41, 41, 'Morning', NULL),
('mt-silver', 84, 'walking', 5.00, 41, 41, 'Day', NULL),
('mt-silver', 85, 'walking', 5.00, 43, 43, 'Morning', NULL),
('mt-silver', 85, 'walking', 5.00, 43, 43, 'Day', NULL),
('mt-silver', 114, 'walking', 30.00, 41, 41, NULL, NULL),
('mt-silver', 129, 'fishing_old', 340.00, 10, 10, NULL, NULL),
('mt-silver', 129, 'fishing_good', 160.00, 20, 20, NULL, NULL),
('mt-silver', 129, 'fishing_super', 60.00, 40, 40, NULL, NULL),
('mt-silver', 215, 'walking', 10.00, 41, 43, 'Night', NULL),
('mt-silver', 232, 'walking', 110.00, 42, 48, NULL, NULL),
('mt-silver', 264, 'walking', 20.00, 42, 42, 'Hoenn Sound', NULL),
('mt-silver', 293, 'walking', 20.00, 41, 42, 'Hoenn Sound', NULL),
('mt-silver', 399, 'walking', 20.00, 42, 42, 'Sinnoh Sound', NULL),
('mt-silver', 418, 'walking', 20.00, 41, 42, 'Sinnoh Sound', NULL),
('mt-silver', 42, 'walking', 20.00, 45, 48, NULL, NULL),
('mt-silver', 75, 'walking', 20.00, 41, 43, NULL, NULL),
('mt-silver', 95, 'walking', 30.00, 42, 42, NULL, NULL),
('mt-silver', 118, 'surfing', 29.00, 30, 40, NULL, NULL),
('mt-silver', 118, 'fishing_old', 45.00, 10, 10, NULL, NULL),
('mt-silver', 118, 'fishing_good', 150.00, 20, 20, NULL, NULL),
('mt-silver', 119, 'surfing', 271.00, 30, 50, NULL, NULL),
('mt-silver', 119, 'fishing_good', 20.00, 20, 20, NULL, NULL),
('mt-silver', 119, 'fishing_super', 30.00, 40, 40, 'Morning', NULL),
('mt-silver', 119, 'fishing_super', 30.00, 40, 40, 'Day', NULL),
('mt-silver', 119, 'fishing_super', 40.00, 40, 40, NULL, NULL),
('mt-silver', 129, 'fishing_good', 10.00, 20, 20, 'Morning', NULL),
('mt-silver', 129, 'fishing_good', 10.00, 20, 20, 'Day', NULL),
('mt-silver', 130, 'fishing_good', 10.00, 20, 20, 'Night', NULL),
('mt-silver', 130, 'fishing_super', 50.00, 40, 40, NULL, NULL),
('mt-silver', 130, 'fishing_super', 30.00, 40, 40, 'Night', NULL),
('mt-silver', 231, 'walking', 20.00, 43, 46, NULL, NULL),
('mt-silver', 246, 'walking', 20.00, 15, 20, NULL, NULL),
('mt-silver', 296, 'walking', 80.00, 43, 48, 'Hoenn Sound', NULL),
('mt-silver', 359, 'walking', 80.00, 42, 48, 'Hoenn Sound', NULL),
('mt-silver', 433, 'walking', 80.00, 43, 48, 'Sinnoh Sound', NULL),
('mt-silver', 436, 'walking', 80.00, 42, 48, 'Sinnoh Sound', NULL),
('mt-silver', 55, 'walking', 60.00, 48, 48, NULL, NULL),
('mt-silver', 118, 'fishing_super', 140.00, 40, 40, NULL, NULL),
('mt-silver', 195, 'walking', 45.00, 45, 45, NULL, NULL),
('mt-silver', 195, 'walking', 50.00, 45, 45, 'Morning', NULL),
('mt-silver', 195, 'walking', 50.00, 45, 45, 'Day', NULL),
('mt-silver', 200, 'walking', 50.00, 45, 45, 'Night', NULL),
('mt-silver', 208, 'walking', 20.00, 48, 48, NULL, NULL),
('mt-silver', 247, 'walking', 5.00, 45, 45, NULL, NULL),
('mt-silver', 215, 'walking', 20.00, 50, 50, NULL, NULL),
('bell-tower', 19, 'walking', 640.00, 20, 22, 'Morning', NULL),
('bell-tower', 19, 'walking', 640.00, 20, 22, 'Day', NULL),
('bell-tower', 19, 'walking', 160.00, 22, 24, NULL, NULL),
('bell-tower', 92, 'walking', 640.00, 20, 22, 'Night', NULL),
('bell-tower', 263, 'walking', 160.00, 20, 21, 'Hoenn Sound', NULL),
('bell-tower', 307, 'walking', 160.00, 22, 22, 'Sinnoh Sound', NULL),
('bell-tower', 327, 'walking', 160.00, 22, 22, 'Hoenn Sound', NULL),
('bell-tower', 441, 'walking', 160.00, 20, 21, 'Sinnoh Sound', NULL),
('cerulean-cave', 42, 'walking', 50.00, 38, 42, 'Night', NULL),
('cerulean-cave', 42, 'walking', 30.00, 38, 47, NULL, NULL),
('cerulean-cave', 47, 'walking', 20.00, 38, 38, 'Morning', NULL),
('cerulean-cave', 47, 'walking', 20.00, 38, 38, 'Day', NULL),
('cerulean-cave', 47, 'walking', 10.00, 38, 38, 'Night', NULL),
('cerulean-cave', 54, 'surfing', 270.00, 35, 40, NULL, NULL),
('cerulean-cave', 55, 'surfing', 30.00, 40, 40, NULL, NULL),
('cerulean-cave', 57, 'walking', 10.00, 38, 38, 'Morning', NULL),
('cerulean-cave', 57, 'walking', 10.00, 38, 38, 'Day', NULL),
('cerulean-cave', 57, 'walking', 4.00, 39, 39, NULL, NULL),
('cerulean-cave', 60, 'fishing_good', 135.00, 20, 20, NULL, NULL),
('cerulean-cave', 60, 'fishing_good', 30.00, 20, 20, 'Night', NULL),
('cerulean-cave', 60, 'fishing_super', 120.00, 40, 40, NULL, NULL),
('cerulean-cave', 60, 'fishing_super', 90.00, 40, 40, 'Night', NULL),
('cerulean-cave', 61, 'fishing_super', 90.00, 40, 40, 'Morning', NULL),
('cerulean-cave', 61, 'fishing_super', 90.00, 40, 40, 'Day', NULL),
('cerulean-cave', 67, 'walking', 30.00, 39, 42, 'Morning', NULL),
('cerulean-cave', 67, 'walking', 30.00, 39, 42, 'Day', NULL),
('cerulean-cave', 67, 'walking', 24.00, 39, 45, NULL, NULL),
('cerulean-cave', 67, 'walking', 2.00, 39, 40, 'Night', NULL),
('cerulean-cave', 74, 'rock_smash', 180.00, 22, 24, NULL, NULL),
('cerulean-cave', 75, 'rock_smash', 20.00, 26, 30, NULL, NULL),
('cerulean-cave', 82, 'walking', 35.00, 40, 47, NULL, NULL),
('cerulean-cave', 82, 'walking', 1.00, 39, 39, 'Morning', NULL),
('cerulean-cave', 82, 'walking', 1.00, 39, 39, 'Day', NULL),
('cerulean-cave', 101, 'walking', 15.00, 40, 46, NULL, NULL),
('cerulean-cave', 118, 'fishing_good', 90.00, 20, 20, NULL, NULL),
('cerulean-cave', 118, 'fishing_good', 30.00, 20, 20, 'Morning', NULL),
('cerulean-cave', 118, 'fishing_good', 30.00, 20, 20, 'Day', NULL),
('cerulean-cave', 129, 'fishing_old', 300.00, 10, 10, NULL, NULL),
('cerulean-cave', 129, 'fishing_good', 45.00, 20, 20, NULL, NULL),
('cerulean-cave', 130, 'fishing_super', 90.00, 40, 40, NULL, NULL),
('cerulean-cave', 132, 'walking', 30.00, 39, 45, NULL, NULL),
('cerulean-cave', 132, 'walking', 1.00, 40, 40, 'Morning', NULL),
('cerulean-cave', 132, 'walking', 1.00, 40, 40, 'Day', NULL),
('cerulean-cave', 202, 'walking', 15.00, 37, 49, NULL, NULL),
('cerulean-cave', 296, 'walking', 60.00, 39, 45, 'Hoenn Sound', NULL),
('cerulean-cave', 359, 'walking', 60.00, 38, 47, 'Hoenn Sound', NULL),
('cerulean-cave', 433, 'walking', 60.00, 39, 45, 'Sinnoh Sound', NULL),
('cerulean-cave', 436, 'walking', 60.00, 38, 47, 'Sinnoh Sound', NULL),
('cerulean-cave', 47, 'walking', 45.00, 40, 47, NULL, NULL),
('cerulean-cave', 64, 'walking', 40.00, 42, 46, NULL, NULL),
('cerulean-cave', 150, 'static', 100.00, 70, 70, NULL, NULL),
('safari-zone', 74, 'walking', 40.00, 15, 17, 'Morning', NULL),
('safari-zone', 74, 'walking', 40.00, 15, 17, 'Day', NULL),
('safari-zone', 74, 'walking', 40.00, 15, 17, 'Night', NULL),
('safari-zone', 76, 'walking', 20.00, 16, 17, 'Morning', NULL),
('safari-zone', 76, 'walking', 20.00, 16, 17, 'Day', NULL),
('safari-zone', 81, 'walking', 20.00, 15, 16, 'Morning', NULL),
('safari-zone', 81, 'walking', 20.00, 15, 16, 'Day', NULL),
('safari-zone', 81, 'walking', 20.00, 15, 16, 'Night', NULL),
('safari-zone', 82, 'walking', 10.00, 17, 17, 'Morning', NULL),
('safari-zone', 82, 'walking', 10.00, 17, 17, 'Day', NULL),
('safari-zone', 82, 'walking', 20.00, 17, 17, 'Night', NULL),
('safari-zone', 126, 'walking', 10.00, 17, 17, 'Morning', NULL),
('safari-zone', 126, 'walking', 10.00, 17, 17, 'Day', NULL),
('safari-zone', 202, 'walking', 20.00, 16, 17, 'Night', NULL),
('safari-zone', 22, 'walking', 30.00, 15, 17, 'Night', NULL),
('safari-zone', 27, 'walking', 40.00, 15, 17, 'Morning', NULL),
('safari-zone', 27, 'walking', 40.00, 15, 17, 'Day', NULL),
('safari-zone', 27, 'walking', 40.00, 15, 17, 'Night', NULL),
('safari-zone', 28, 'walking', 30.00, 15, 17, 'Morning', NULL),
('safari-zone', 28, 'walking', 30.00, 15, 17, 'Day', NULL),
('safari-zone', 28, 'walking', 30.00, 15, 17, 'Night', NULL),
('safari-zone', 104, 'walking', 20.00, 16, 17, 'Morning', NULL),
('safari-zone', 104, 'walking', 20.00, 16, 17, 'Day', NULL),
('safari-zone', 105, 'walking', 10.00, 17, 17, 'Morning', NULL),
('safari-zone', 105, 'walking', 10.00, 17, 17, 'Day', NULL),
('safari-zone', 17, 'walking', 30.00, 15, 17, 'Morning', NULL),
('safari-zone', 17, 'walking', 30.00, 15, 17, 'Day', NULL),
('safari-zone', 20, 'walking', 30.00, 15, 17, 'Night', NULL),
('safari-zone', 63, 'walking', 30.00, 15, 17, 'Morning', NULL),
('safari-zone', 63, 'walking', 30.00, 15, 17, 'Day', NULL),
('safari-zone', 63, 'walking', 30.00, 15, 17, 'Night', NULL),
('safari-zone', 203, 'walking', 30.00, 15, 17, 'Morning', NULL),
('safari-zone', 203, 'walking', 30.00, 15, 17, 'Day', NULL),
('safari-zone', 203, 'walking', 20.00, 15, 16, 'Night', NULL),
('safari-zone', 234, 'walking', 20.00, 17, 17, 'Night', NULL),
('safari-zone', 235, 'walking', 10.00, 17, 17, 'Morning', NULL),
('safari-zone', 235, 'walking', 10.00, 17, 17, 'Day', NULL),
('safari-zone', 35, 'walking', 10.00, 17, 17, 'Night', NULL),
('safari-zone', 39, 'walking', 80.00, 15, 17, 'Morning', NULL),
('safari-zone', 39, 'walking', 60.00, 15, 17, 'Day', NULL),
('safari-zone', 39, 'walking', 30.00, 15, 17, 'Night', NULL),
('safari-zone', 60, 'fishing_old', 40.00, 12, 15, NULL, NULL),
('safari-zone', 60, 'fishing_good', 40.00, 22, 24, NULL, NULL),
('safari-zone', 60, 'fishing_super', 40.00, 35, 36, NULL, NULL),
('safari-zone', 61, 'fishing_good', 20.00, 24, 25, NULL, NULL),
('safari-zone', 61, 'fishing_super', 60.00, 35, 38, NULL, NULL),
('safari-zone', 129, 'surfing', 110.00, 7, 17, NULL, NULL),
('safari-zone', 129, 'fishing_old', 160.00, 12, 15, NULL, NULL),
('safari-zone', 129, 'fishing_good', 80.00, 22, 24, NULL, NULL),
('safari-zone', 183, 'walking', 30.00, 15, 17, 'Night', NULL),
('safari-zone', 183, 'surfing', 20.00, 16, 17, NULL, NULL),
('safari-zone', 187, 'walking', 40.00, 15, 17, 'Morning', NULL),
('safari-zone', 187, 'walking', 30.00, 15, 17, 'Day', NULL),
('safari-zone', 188, 'walking', 10.00, 17, 17, 'Morning', NULL),
('safari-zone', 188, 'walking', 10.00, 17, 17, 'Day', NULL),
('safari-zone', 191, 'walking', 30.00, 15, 17, 'Day', NULL),
('safari-zone', 194, 'walking', 30.00, 15, 17, 'Night', NULL),
('safari-zone', 194, 'surfing', 30.00, 15, 17, NULL, NULL),
('safari-zone', 16, 'walking', 30.00, 15, 17, 'Morning', NULL),
('safari-zone', 16, 'walking', 30.00, 15, 17, 'Day', NULL),
('safari-zone', 69, 'walking', 40.00, 15, 17, 'Morning', NULL),
('safari-zone', 69, 'walking', 40.00, 15, 17, 'Day', NULL),
('safari-zone', 69, 'walking', 30.00, 15, 17, 'Night', NULL),
('safari-zone', 92, 'walking', 20.00, 15, 17, 'Night', NULL),
('safari-zone', 93, 'walking', 20.00, 16, 17, 'Night', NULL),
('safari-zone', 122, 'walking', 20.00, 16, 17, 'Morning', NULL),
('safari-zone', 122, 'walking', 20.00, 16, 17, 'Day', NULL),
('safari-zone', 200, 'walking', 10.00, 17, 17, 'Morning', NULL),
('safari-zone', 200, 'walking', 10.00, 17, 17, 'Day', NULL),
('safari-zone', 200, 'walking', 30.00, 15, 17, 'Night', NULL),
('safari-zone', 46, 'walking', 30.00, 15, 17, 'Morning', NULL),
('safari-zone', 46, 'walking', 30.00, 15, 17, 'Day', NULL),
('safari-zone', 96, 'walking', 20.00, 15, 17, 'Night', NULL),
('safari-zone', 97, 'walking', 20.00, 16, 17, 'Night', NULL),
('safari-zone', 118, 'surfing', 40.00, 15, 17, NULL, NULL),
('safari-zone', 118, 'fishing_good', 40.00, 22, 24, NULL, NULL),
('safari-zone', 118, 'fishing_super', 40.00, 35, 37, NULL, NULL),
('safari-zone', 119, 'fishing_good', 20.00, 24, 25, NULL, NULL),
('safari-zone', 119, 'fishing_super', 40.00, 35, 37, NULL, NULL),
('safari-zone', 147, 'fishing_super', 20.00, 36, 37, NULL, NULL),
('safari-zone', 161, 'walking', 30.00, 15, 17, 'Morning', NULL),
('safari-zone', 161, 'walking', 30.00, 15, 17, 'Day', NULL),
('safari-zone', 161, 'walking', 30.00, 15, 17, 'Night', NULL),
('safari-zone', 198, 'walking', 10.00, 17, 17, 'Morning', NULL),
('safari-zone', 198, 'walking', 10.00, 17, 17, 'Day', NULL),
('safari-zone', 198, 'walking', 30.00, 15, 17, 'Night', NULL),
('route-47', 20, 'walking', 5.00, 31, 33, NULL, NULL),
('route-47', 21, 'walking', 5.00, 31, 31, NULL, NULL),
('route-47', 22, 'walking', 4.00, 34, 34, NULL, NULL),
('route-47', 44, 'walking', 5.00, 32, 32, NULL, NULL),
('route-47', 72, 'surfing', 60.00, 15, 25, NULL, NULL),
('route-47', 72, 'fishing_old', 15.00, 10, 10, NULL, NULL),
('route-47', 72, 'fishing_good', 30.00, 20, 20, NULL, NULL),
('route-47', 73, 'fishing_super', 20.00, 40, 40, NULL, NULL),
('route-47', 83, 'walking', 20.00, 35, 35, 'Morning', NULL),
('route-47', 83, 'walking', 20.00, 35, 35, 'Day', NULL),
('route-47', 86, 'surfing', 30.00, 10, 20, NULL, NULL),
('route-47', 90, 'fishing_good', 10.00, 20, 20, NULL, NULL),
('route-47', 90, 'fishing_super', 30.00, 40, 40, NULL, NULL),
('route-47', 120, 'surfing', 10.00, 15, 25, NULL, NULL),
('route-47', 129, 'fishing_old', 85.00, 10, 10, NULL, NULL),
('route-47', 129, 'fishing_good', 40.00, 20, 20, NULL, NULL),
('route-47', 132, 'walking', 40.00, 35, 35, 'Swarm', NULL),
('route-47', 132, 'walking', 41.00, 31, 40, NULL, NULL),
('route-47', 164, 'walking', 20.00, 35, 35, 'Night', NULL),
('route-47', 170, 'fishing_good', 20.00, 20, 20, NULL, NULL),
('route-47', 170, 'fishing_super', 40.00, 40, 40, NULL, NULL),
('route-47', 171, 'fishing_super', 10.00, 40, 40, NULL, NULL),
('route-47', 241, 'walking', 20.00, 35, 35, NULL, NULL),
('route-47', 264, 'walking', 20.00, 31, 32, 'Hoenn Sound', NULL),
('route-47', 293, 'walking', 20.00, 33, 34, 'Hoenn Sound', NULL),
('route-47', 399, 'walking', 20.00, 31, 32, 'Sinnoh Sound', NULL),
('route-47', 418, 'walking', 20.00, 33, 34, 'Sinnoh Sound', NULL),
('route-48', 22, 'walking', 10.00, 21, 21, NULL, NULL),
('route-48', 44, 'walking', 20.00, 22, 24, NULL, NULL),
('route-48', 50, 'walking', 4.00, 20, 20, NULL, NULL),
('route-48', 58, 'walking', 20.00, 25, 25, 'Night', NULL),
('route-48', 58, 'walking', 9.00, 21, 22, NULL, NULL),
('route-48', 83, 'walking', 20.00, 25, 25, 'Morning', NULL),
('route-48', 83, 'walking', 20.00, 25, 25, 'Day', NULL),
('route-48', 128, 'walking', 21.00, 20, 24, NULL, NULL),
('route-48', 187, 'walking', 11.00, 20, 22, NULL, NULL),
('route-48', 203, 'walking', 5.00, 20, 20, NULL, NULL),
('route-48', 311, 'walking', 20.00, 20, 21, 'Hoenn Sound', NULL),
('route-48', 312, 'walking', 20.00, 22, 24, 'Hoenn Sound', NULL),
('route-48', 403, 'walking', 40.00, 20, 24, 'Sinnoh Sound', NULL);

INSERT INTO public.encounters (route_id, pokemon_national_dex_id, method, encounter_rate, level_min, level_max, conditions, version_exclusive)
SELECT r.id, e.dex, e.method, e.rate, e.lmin, e.lmax, NULLIF(e.cond, ''), NULLIF(e.ver_excl, '')
FROM _enc e JOIN public.routes r ON r.slug = e.slug AND r.game_id = 'c9d0e1f2-a3b4-5678-cd89-012345678901';

DROP TABLE _enc;

-- ===========================================
-- STEP 5: BOSS TRAINERS
-- ===========================================

-- Falkner (Gym Leader)
DO $$
DECLARE
  v_trainer_id UUID;
  v_route_id UUID;
BEGIN
  SELECT id INTO v_route_id FROM public.routes WHERE slug = 'violet-city' AND game_id = 'c9d0e1f2-a3b4-5678-cd89-012345678901';
  INSERT INTO public.trainers (route_id, name, trainer_class, is_boss, boss_type, level_cap, display_order, notes)
  VALUES (v_route_id, 'Falkner', 'Gym Leader', true, 'gym_leader', 13, 1, 'Flying-type specialist. Zephyr Badge.')
  RETURNING id INTO v_trainer_id;

  INSERT INTO public.trainer_pokemon (trainer_id, pokemon_national_dex_id, level, slot_order, moves, ability, held_item, nature)
  VALUES (v_trainer_id, 16, 9, 1, '["Tackle", "Sand Attack", "Gust", "Quick Attack"]'::jsonb, 'Keen Eye', NULL, NULL);
  INSERT INTO public.trainer_pokemon (trainer_id, pokemon_national_dex_id, level, slot_order, moves, ability, held_item, nature)
  VALUES (v_trainer_id, 17, 13, 2, '["Tackle", "Sand Attack", "Gust", "Roost"]'::jsonb, 'Keen Eye', NULL, NULL);
END $$;

-- Bugsy (Gym Leader)
DO $$
DECLARE
  v_trainer_id UUID;
  v_route_id UUID;
BEGIN
  SELECT id INTO v_route_id FROM public.routes WHERE slug = 'azalea-town' AND game_id = 'c9d0e1f2-a3b4-5678-cd89-012345678901';
  INSERT INTO public.trainers (route_id, name, trainer_class, is_boss, boss_type, level_cap, display_order, notes)
  VALUES (v_route_id, 'Bugsy', 'Gym Leader', true, 'gym_leader', 17, 1, 'Bug-type specialist. Hive Badge.')
  RETURNING id INTO v_trainer_id;

  INSERT INTO public.trainer_pokemon (trainer_id, pokemon_national_dex_id, level, slot_order, moves, ability, held_item, nature)
  VALUES (v_trainer_id, 11, 15, 1, '["Tackle", "String Shot", "Bug Bite", "Harden"]'::jsonb, 'Shield Dust', NULL, NULL);
  INSERT INTO public.trainer_pokemon (trainer_id, pokemon_national_dex_id, level, slot_order, moves, ability, held_item, nature)
  VALUES (v_trainer_id, 14, 15, 2, '["Tackle", "Poison Sting", "Bug Bite", "Harden"]'::jsonb, 'Shield Dust', NULL, NULL);
  INSERT INTO public.trainer_pokemon (trainer_id, pokemon_national_dex_id, level, slot_order, moves, ability, held_item, nature)
  VALUES (v_trainer_id, 123, 17, 3, '["Quick Attack", "Leer", "Focus Energy", "U-turn"]'::jsonb, 'Technician', NULL, NULL);
END $$;

-- Whitney (Gym Leader)
DO $$
DECLARE
  v_trainer_id UUID;
  v_route_id UUID;
BEGIN
  SELECT id INTO v_route_id FROM public.routes WHERE slug = 'goldenrod-city' AND game_id = 'c9d0e1f2-a3b4-5678-cd89-012345678901';
  INSERT INTO public.trainers (route_id, name, trainer_class, is_boss, boss_type, level_cap, display_order, notes)
  VALUES (v_route_id, 'Whitney', 'Gym Leader', true, 'gym_leader', 19, 1, 'Normal-type specialist. Plain Badge. Miltank is infamous.')
  RETURNING id INTO v_trainer_id;

  INSERT INTO public.trainer_pokemon (trainer_id, pokemon_national_dex_id, level, slot_order, moves, ability, held_item, nature)
  VALUES (v_trainer_id, 35, 17, 1, '["DoubleSlap", "Encore", "Mimic", "Metronome"]'::jsonb, 'Cute Charm', NULL, NULL);
  INSERT INTO public.trainer_pokemon (trainer_id, pokemon_national_dex_id, level, slot_order, moves, ability, held_item, nature)
  VALUES (v_trainer_id, 241, 19, 2, '["Rollout", "Attract", "Stomp", "Milk Drink"]'::jsonb, 'Scrappy', NULL, NULL);
END $$;

-- Morty (Gym Leader)
DO $$
DECLARE
  v_trainer_id UUID;
  v_route_id UUID;
BEGIN
  SELECT id INTO v_route_id FROM public.routes WHERE slug = 'ecruteak-city' AND game_id = 'c9d0e1f2-a3b4-5678-cd89-012345678901';
  INSERT INTO public.trainers (route_id, name, trainer_class, is_boss, boss_type, level_cap, display_order, notes)
  VALUES (v_route_id, 'Morty', 'Gym Leader', true, 'gym_leader', 25, 1, 'Ghost-type specialist. Fog Badge.')
  RETURNING id INTO v_trainer_id;

  INSERT INTO public.trainer_pokemon (trainer_id, pokemon_national_dex_id, level, slot_order, moves, ability, held_item, nature)
  VALUES (v_trainer_id, 92, 21, 1, '["Lick", "Spite", "Mean Look", "Curse"]'::jsonb, 'Levitate', NULL, NULL);
  INSERT INTO public.trainer_pokemon (trainer_id, pokemon_national_dex_id, level, slot_order, moves, ability, held_item, nature)
  VALUES (v_trainer_id, 93, 21, 2, '["Hypnosis", "Spite", "Mean Look", "Shadow Ball"]'::jsonb, 'Levitate', NULL, NULL);
  INSERT INTO public.trainer_pokemon (trainer_id, pokemon_national_dex_id, level, slot_order, moves, ability, held_item, nature)
  VALUES (v_trainer_id, 94, 25, 3, '["Hypnosis", "Shadow Ball", "Sucker Punch", "Dream Eater"]'::jsonb, 'Levitate', NULL, NULL);
  INSERT INTO public.trainer_pokemon (trainer_id, pokemon_national_dex_id, level, slot_order, moves, ability, held_item, nature)
  VALUES (v_trainer_id, 93, 23, 4, '["Hypnosis", "Spite", "Sucker Punch", "Shadow Ball"]'::jsonb, 'Levitate', NULL, NULL);
END $$;

-- Chuck (Gym Leader)
DO $$
DECLARE
  v_trainer_id UUID;
  v_route_id UUID;
BEGIN
  SELECT id INTO v_route_id FROM public.routes WHERE slug = 'cianwood-city' AND game_id = 'c9d0e1f2-a3b4-5678-cd89-012345678901';
  INSERT INTO public.trainers (route_id, name, trainer_class, is_boss, boss_type, level_cap, display_order, notes)
  VALUES (v_route_id, 'Chuck', 'Gym Leader', true, 'gym_leader', 31, 1, 'Fighting-type specialist. Storm Badge.')
  RETURNING id INTO v_trainer_id;

  INSERT INTO public.trainer_pokemon (trainer_id, pokemon_national_dex_id, level, slot_order, moves, ability, held_item, nature)
  VALUES (v_trainer_id, 57, 29, 1, '["Leer", "Rage", "Karate Chop", "Rock Slide"]'::jsonb, 'Vital Spirit', NULL, NULL);
  INSERT INTO public.trainer_pokemon (trainer_id, pokemon_national_dex_id, level, slot_order, moves, ability, held_item, nature)
  VALUES (v_trainer_id, 62, 31, 2, '["Hypnosis", "Focus Punch", "Surf", "Body Slam"]'::jsonb, 'Damp', NULL, NULL);
END $$;

-- Jasmine (Gym Leader)
DO $$
DECLARE
  v_trainer_id UUID;
  v_route_id UUID;
BEGIN
  SELECT id INTO v_route_id FROM public.routes WHERE slug = 'olivine-city' AND game_id = 'c9d0e1f2-a3b4-5678-cd89-012345678901';
  INSERT INTO public.trainers (route_id, name, trainer_class, is_boss, boss_type, level_cap, display_order, notes)
  VALUES (v_route_id, 'Jasmine', 'Gym Leader', true, 'gym_leader', 35, 1, 'Steel-type specialist. Mineral Badge.')
  RETURNING id INTO v_trainer_id;

  INSERT INTO public.trainer_pokemon (trainer_id, pokemon_national_dex_id, level, slot_order, moves, ability, held_item, nature)
  VALUES (v_trainer_id, 81, 30, 1, '["Thunder Wave", "Supersonic", "Thunderbolt", "Sonic Boom"]'::jsonb, 'Magnet Pull', NULL, NULL);
  INSERT INTO public.trainer_pokemon (trainer_id, pokemon_national_dex_id, level, slot_order, moves, ability, held_item, nature)
  VALUES (v_trainer_id, 81, 30, 2, '["Thunder Wave", "Supersonic", "Thunderbolt", "Sonic Boom"]'::jsonb, 'Magnet Pull', NULL, NULL);
  INSERT INTO public.trainer_pokemon (trainer_id, pokemon_national_dex_id, level, slot_order, moves, ability, held_item, nature)
  VALUES (v_trainer_id, 208, 35, 3, '["Iron Tail", "Screech", "Rock Throw", "Sandstorm"]'::jsonb, 'Sturdy', NULL, NULL);
END $$;

-- Pryce (Gym Leader)
DO $$
DECLARE
  v_trainer_id UUID;
  v_route_id UUID;
BEGIN
  SELECT id INTO v_route_id FROM public.routes WHERE slug = 'mahogany-town' AND game_id = 'c9d0e1f2-a3b4-5678-cd89-012345678901';
  INSERT INTO public.trainers (route_id, name, trainer_class, is_boss, boss_type, level_cap, display_order, notes)
  VALUES (v_route_id, 'Pryce', 'Gym Leader', true, 'gym_leader', 34, 1, 'Ice-type specialist. Glacier Badge.')
  RETURNING id INTO v_trainer_id;

  INSERT INTO public.trainer_pokemon (trainer_id, pokemon_national_dex_id, level, slot_order, moves, ability, held_item, nature)
  VALUES (v_trainer_id, 86, 30, 1, '["Hail", "Icy Wind", "Aurora Beam", "Rest"]'::jsonb, 'Thick Fat', NULL, NULL);
  INSERT INTO public.trainer_pokemon (trainer_id, pokemon_national_dex_id, level, slot_order, moves, ability, held_item, nature)
  VALUES (v_trainer_id, 87, 32, 2, '["Hail", "Icy Wind", "Aurora Beam", "Rest"]'::jsonb, 'Thick Fat', NULL, NULL);
  INSERT INTO public.trainer_pokemon (trainer_id, pokemon_national_dex_id, level, slot_order, moves, ability, held_item, nature)
  VALUES (v_trainer_id, 221, 34, 3, '["Hail", "Ice Fang", "Mud Bomb", "Blizzard"]'::jsonb, 'Oblivious', NULL, NULL);
END $$;

-- Clair (Gym Leader)
DO $$
DECLARE
  v_trainer_id UUID;
  v_route_id UUID;
BEGIN
  SELECT id INTO v_route_id FROM public.routes WHERE slug = 'blackthorn-city' AND game_id = 'c9d0e1f2-a3b4-5678-cd89-012345678901';
  INSERT INTO public.trainers (route_id, name, trainer_class, is_boss, boss_type, level_cap, display_order, notes)
  VALUES (v_route_id, 'Clair', 'Gym Leader', true, 'gym_leader', 41, 1, 'Dragon-type specialist. Rising Badge.')
  RETURNING id INTO v_trainer_id;

  INSERT INTO public.trainer_pokemon (trainer_id, pokemon_national_dex_id, level, slot_order, moves, ability, held_item, nature)
  VALUES (v_trainer_id, 148, 38, 1, '["Thunder Wave", "Twister", "DragonBreath", "Slam"]'::jsonb, 'Shed Skin', NULL, NULL);
  INSERT INTO public.trainer_pokemon (trainer_id, pokemon_national_dex_id, level, slot_order, moves, ability, held_item, nature)
  VALUES (v_trainer_id, 148, 38, 2, '["Fire Blast", "Twister", "DragonBreath", "Slam"]'::jsonb, 'Shed Skin', NULL, NULL);
  INSERT INTO public.trainer_pokemon (trainer_id, pokemon_national_dex_id, level, slot_order, moves, ability, held_item, nature)
  VALUES (v_trainer_id, 130, 38, 3, '["Dragon Rage", "Dragon Pulse", "Twister", "Bite"]'::jsonb, 'Intimidate', NULL, NULL);
  INSERT INTO public.trainer_pokemon (trainer_id, pokemon_national_dex_id, level, slot_order, moves, ability, held_item, nature)
  VALUES (v_trainer_id, 230, 41, 4, '["Dragon Pulse", "Hydro Pump", "Smokescreen", "Gyro Ball"]'::jsonb, 'Sniper', NULL, NULL);
END $$;

-- Will (Elite Four)
DO $$
DECLARE
  v_trainer_id UUID;
  v_route_id UUID;
BEGIN
  SELECT id INTO v_route_id FROM public.routes WHERE slug = 'indigo-plateau' AND game_id = 'c9d0e1f2-a3b4-5678-cd89-012345678901';
  INSERT INTO public.trainers (route_id, name, trainer_class, is_boss, boss_type, level_cap, display_order, notes)
  VALUES (v_route_id, 'Will', 'Elite Four', true, 'elite_four', 42, 1, 'Psychic-type specialist. First of the Elite Four.')
  RETURNING id INTO v_trainer_id;

  INSERT INTO public.trainer_pokemon (trainer_id, pokemon_national_dex_id, level, slot_order, moves, ability, held_item, nature)
  VALUES (v_trainer_id, 178, 40, 1, '["Air Slash", "Psychic", "Confuse Ray", "U-turn"]'::jsonb, 'Synchronize', NULL, NULL);
  INSERT INTO public.trainer_pokemon (trainer_id, pokemon_national_dex_id, level, slot_order, moves, ability, held_item, nature)
  VALUES (v_trainer_id, 124, 41, 2, '["Psychic", "Ice Punch", "Lovely Kiss", "Double Slap"]'::jsonb, 'Oblivious', NULL, NULL);
  INSERT INTO public.trainer_pokemon (trainer_id, pokemon_national_dex_id, level, slot_order, moves, ability, held_item, nature)
  VALUES (v_trainer_id, 103, 41, 3, '["Psychic", "Egg Bomb", "Reflect", "Leech Seed"]'::jsonb, 'Chlorophyll', NULL, NULL);
  INSERT INTO public.trainer_pokemon (trainer_id, pokemon_national_dex_id, level, slot_order, moves, ability, held_item, nature)
  VALUES (v_trainer_id, 80, 41, 4, '["Psychic", "Surf", "Amnesia", "Body Slam"]'::jsonb, 'Own Tempo', NULL, NULL);
  INSERT INTO public.trainer_pokemon (trainer_id, pokemon_national_dex_id, level, slot_order, moves, ability, held_item, nature)
  VALUES (v_trainer_id, 178, 42, 5, '["Psychic", "Air Slash", "Shadow Ball", "U-turn"]'::jsonb, 'Synchronize', NULL, NULL);
END $$;

-- Koga (Elite Four)
DO $$
DECLARE
  v_trainer_id UUID;
  v_route_id UUID;
BEGIN
  SELECT id INTO v_route_id FROM public.routes WHERE slug = 'indigo-plateau' AND game_id = 'c9d0e1f2-a3b4-5678-cd89-012345678901';
  INSERT INTO public.trainers (route_id, name, trainer_class, is_boss, boss_type, level_cap, display_order, notes)
  VALUES (v_route_id, 'Koga', 'Elite Four', true, 'elite_four', 44, 2, 'Poison-type specialist. Second of the Elite Four.')
  RETURNING id INTO v_trainer_id;

  INSERT INTO public.trainer_pokemon (trainer_id, pokemon_national_dex_id, level, slot_order, moves, ability, held_item, nature)
  VALUES (v_trainer_id, 168, 40, 1, '["Bug Bite", "Poison Jab", "Giga Drain", "Baton Pass"]'::jsonb, 'Insomnia', NULL, NULL);
  INSERT INTO public.trainer_pokemon (trainer_id, pokemon_national_dex_id, level, slot_order, moves, ability, held_item, nature)
  VALUES (v_trainer_id, 49, 41, 2, '["Bug Buzz", "Psychic", "Signal Beam", "Double Team"]'::jsonb, 'Tinted Lens', NULL, NULL);
  INSERT INTO public.trainer_pokemon (trainer_id, pokemon_national_dex_id, level, slot_order, moves, ability, held_item, nature)
  VALUES (v_trainer_id, 169, 42, 3, '["Cross Poison", "Air Slash", "Confuse Ray", "Mean Look"]'::jsonb, 'Inner Focus', NULL, NULL);
  INSERT INTO public.trainer_pokemon (trainer_id, pokemon_national_dex_id, level, slot_order, moves, ability, held_item, nature)
  VALUES (v_trainer_id, 89, 43, 4, '["Gunk Shot", "Minimize", "Screech", "Mud Bomb"]'::jsonb, 'Sticky Hold', NULL, NULL);
  INSERT INTO public.trainer_pokemon (trainer_id, pokemon_national_dex_id, level, slot_order, moves, ability, held_item, nature)
  VALUES (v_trainer_id, 205, 44, 5, '["Bug Bite", "Explosion", "Toxic Spikes", "Protect"]'::jsonb, 'Sturdy', NULL, NULL);
END $$;

-- Bruno (Elite Four)
DO $$
DECLARE
  v_trainer_id UUID;
  v_route_id UUID;
BEGIN
  SELECT id INTO v_route_id FROM public.routes WHERE slug = 'indigo-plateau' AND game_id = 'c9d0e1f2-a3b4-5678-cd89-012345678901';
  INSERT INTO public.trainers (route_id, name, trainer_class, is_boss, boss_type, level_cap, display_order, notes)
  VALUES (v_route_id, 'Bruno', 'Elite Four', true, 'elite_four', 46, 3, 'Fighting-type specialist. Third of the Elite Four.')
  RETURNING id INTO v_trainer_id;

  INSERT INTO public.trainer_pokemon (trainer_id, pokemon_national_dex_id, level, slot_order, moves, ability, held_item, nature)
  VALUES (v_trainer_id, 107, 42, 1, '["ThunderPunch", "Ice Punch", "Fire Punch", "Bullet Punch"]'::jsonb, 'Iron Fist', NULL, NULL);
  INSERT INTO public.trainer_pokemon (trainer_id, pokemon_national_dex_id, level, slot_order, moves, ability, held_item, nature)
  VALUES (v_trainer_id, 106, 42, 2, '["Jump Kick", "Blaze Kick", "Focus Energy", "Swagger"]'::jsonb, 'Limber', NULL, NULL);
  INSERT INTO public.trainer_pokemon (trainer_id, pokemon_national_dex_id, level, slot_order, moves, ability, held_item, nature)
  VALUES (v_trainer_id, 95, 43, 3, '["Earthquake", "Rock Slide", "Sandstorm", "Double Edge"]'::jsonb, 'Rock Head', NULL, NULL);
  INSERT INTO public.trainer_pokemon (trainer_id, pokemon_national_dex_id, level, slot_order, moves, ability, held_item, nature)
  VALUES (v_trainer_id, 237, 42, 4, '["Triple Kick", "Counter", "Quick Attack", "Detect"]'::jsonb, 'Intimidate', NULL, NULL);
  INSERT INTO public.trainer_pokemon (trainer_id, pokemon_national_dex_id, level, slot_order, moves, ability, held_item, nature)
  VALUES (v_trainer_id, 68, 46, 5, '["Cross Chop", "Bullet Punch", "Rock Slide", "Foresight"]'::jsonb, 'Guts', NULL, NULL);
END $$;

-- Karen (Elite Four)
DO $$
DECLARE
  v_trainer_id UUID;
  v_route_id UUID;
BEGIN
  SELECT id INTO v_route_id FROM public.routes WHERE slug = 'indigo-plateau' AND game_id = 'c9d0e1f2-a3b4-5678-cd89-012345678901';
  INSERT INTO public.trainers (route_id, name, trainer_class, is_boss, boss_type, level_cap, display_order, notes)
  VALUES (v_route_id, 'Karen', 'Elite Four', true, 'elite_four', 47, 4, 'Dark-type specialist. Fourth of the Elite Four.')
  RETURNING id INTO v_trainer_id;

  INSERT INTO public.trainer_pokemon (trainer_id, pokemon_national_dex_id, level, slot_order, moves, ability, held_item, nature)
  VALUES (v_trainer_id, 197, 42, 1, '["Dark Pulse", "Confuse Ray", "Quick Attack", "Payback"]'::jsonb, 'Synchronize', NULL, NULL);
  INSERT INTO public.trainer_pokemon (trainer_id, pokemon_national_dex_id, level, slot_order, moves, ability, held_item, nature)
  VALUES (v_trainer_id, 45, 42, 2, '["Petal Dance", "Moonlight", "Stun Spore", "Attract"]'::jsonb, 'Chlorophyll', NULL, NULL);
  INSERT INTO public.trainer_pokemon (trainer_id, pokemon_national_dex_id, level, slot_order, moves, ability, held_item, nature)
  VALUES (v_trainer_id, 94, 44, 3, '["Shadow Ball", "Sludge Bomb", "Lick", "Curse"]'::jsonb, 'Levitate', NULL, NULL);
  INSERT INTO public.trainer_pokemon (trainer_id, pokemon_national_dex_id, level, slot_order, moves, ability, held_item, nature)
  VALUES (v_trainer_id, 198, 44, 4, '["Sucker Punch", "Whirlwind", "Psychic", "Faint Attack"]'::jsonb, 'Insomnia', NULL, NULL);
  INSERT INTO public.trainer_pokemon (trainer_id, pokemon_national_dex_id, level, slot_order, moves, ability, held_item, nature)
  VALUES (v_trainer_id, 229, 47, 5, '["Dark Pulse", "Flamethrower", "Nasty Plot", "Crunch"]'::jsonb, 'Flash Fire', NULL, NULL);
END $$;

-- Lance (Champion)
DO $$
DECLARE
  v_trainer_id UUID;
  v_route_id UUID;
BEGIN
  SELECT id INTO v_route_id FROM public.routes WHERE slug = 'indigo-plateau' AND game_id = 'c9d0e1f2-a3b4-5678-cd89-012345678901';
  INSERT INTO public.trainers (route_id, name, trainer_class, is_boss, boss_type, level_cap, display_order, notes)
  VALUES (v_route_id, 'Lance', 'Champion', true, 'champion', 50, 5, 'Dragon-type specialist. Johto Champion.')
  RETURNING id INTO v_trainer_id;

  INSERT INTO public.trainer_pokemon (trainer_id, pokemon_national_dex_id, level, slot_order, moves, ability, held_item, nature)
  VALUES (v_trainer_id, 130, 46, 1, '["Dragon Dance", "Waterfall", "Ice Fang", "Flail"]'::jsonb, 'Intimidate', NULL, NULL);
  INSERT INTO public.trainer_pokemon (trainer_id, pokemon_national_dex_id, level, slot_order, moves, ability, held_item, nature)
  VALUES (v_trainer_id, 149, 49, 2, '["Dragon Rush", "Thunder Wave", "Thunder", "Hyper Beam"]'::jsonb, 'Inner Focus', NULL, NULL);
  INSERT INTO public.trainer_pokemon (trainer_id, pokemon_national_dex_id, level, slot_order, moves, ability, held_item, nature)
  VALUES (v_trainer_id, 149, 49, 3, '["Dragon Rush", "Thunder Wave", "Blizzard", "Hyper Beam"]'::jsonb, 'Inner Focus', NULL, NULL);
  INSERT INTO public.trainer_pokemon (trainer_id, pokemon_national_dex_id, level, slot_order, moves, ability, held_item, nature)
  VALUES (v_trainer_id, 149, 50, 4, '["Dragon Rush", "Thunder Wave", "Fire Blast", "Hyper Beam"]'::jsonb, 'Inner Focus', NULL, NULL);
  INSERT INTO public.trainer_pokemon (trainer_id, pokemon_national_dex_id, level, slot_order, moves, ability, held_item, nature)
  VALUES (v_trainer_id, 142, 48, 5, '["Rock Slide", "Aerial Ace", "Crunch", "Thunder Fang"]'::jsonb, 'Rock Head', NULL, NULL);
  INSERT INTO public.trainer_pokemon (trainer_id, pokemon_national_dex_id, level, slot_order, moves, ability, held_item, nature)
  VALUES (v_trainer_id, 6, 48, 6, '["Flamethrower", "Air Slash", "Dragon Pulse", "Shadow Claw"]'::jsonb, 'Blaze', NULL, NULL);
END $$;

-- Lt. Surge (Gym Leader)
DO $$
DECLARE
  v_trainer_id UUID;
  v_route_id UUID;
BEGIN
  SELECT id INTO v_route_id FROM public.routes WHERE slug = 'vermilion-city' AND game_id = 'c9d0e1f2-a3b4-5678-cd89-012345678901';
  INSERT INTO public.trainers (route_id, name, trainer_class, is_boss, boss_type, level_cap, display_order, notes)
  VALUES (v_route_id, 'Lt. Surge', 'Gym Leader', true, 'gym_leader', 51, 1, 'Electric-type specialist. Thunder Badge.')
  RETURNING id INTO v_trainer_id;

  INSERT INTO public.trainer_pokemon (trainer_id, pokemon_national_dex_id, level, slot_order, moves, ability, held_item, nature)
  VALUES (v_trainer_id, 26, 51, 1, '["Thunder Wave", "Quick Attack", "Thunderbolt", "Signal Beam"]'::jsonb, 'Static', NULL, NULL);
  INSERT INTO public.trainer_pokemon (trainer_id, pokemon_national_dex_id, level, slot_order, moves, ability, held_item, nature)
  VALUES (v_trainer_id, 101, 47, 2, '["Screech", "Thunderbolt", "Signal Beam", "Light Screen"]'::jsonb, 'Soundproof', NULL, NULL);
  INSERT INTO public.trainer_pokemon (trainer_id, pokemon_national_dex_id, level, slot_order, moves, ability, held_item, nature)
  VALUES (v_trainer_id, 82, 47, 3, '["Thunderbolt", "Flash Cannon", "Supersonic", "Thunder Wave"]'::jsonb, 'Magnet Pull', NULL, NULL);
  INSERT INTO public.trainer_pokemon (trainer_id, pokemon_national_dex_id, level, slot_order, moves, ability, held_item, nature)
  VALUES (v_trainer_id, 125, 47, 4, '["ThunderPunch", "Light Screen", "Quick Attack", "Low Kick"]'::jsonb, 'Static', NULL, NULL);
END $$;

-- Sabrina (Gym Leader)
DO $$
DECLARE
  v_trainer_id UUID;
  v_route_id UUID;
BEGIN
  SELECT id INTO v_route_id FROM public.routes WHERE slug = 'saffron-city' AND game_id = 'c9d0e1f2-a3b4-5678-cd89-012345678901';
  INSERT INTO public.trainers (route_id, name, trainer_class, is_boss, boss_type, level_cap, display_order, notes)
  VALUES (v_route_id, 'Sabrina', 'Gym Leader', true, 'gym_leader', 53, 1, 'Psychic-type specialist. Marsh Badge.')
  RETURNING id INTO v_trainer_id;

  INSERT INTO public.trainer_pokemon (trainer_id, pokemon_national_dex_id, level, slot_order, moves, ability, held_item, nature)
  VALUES (v_trainer_id, 196, 53, 1, '["Psychic", "Shadow Ball", "Calm Mind", "Skill Swap"]'::jsonb, 'Synchronize', NULL, NULL);
  INSERT INTO public.trainer_pokemon (trainer_id, pokemon_national_dex_id, level, slot_order, moves, ability, held_item, nature)
  VALUES (v_trainer_id, 122, 50, 2, '["Psychic", "Reflect", "Light Screen", "Calm Mind"]'::jsonb, 'Filter', NULL, NULL);
  INSERT INTO public.trainer_pokemon (trainer_id, pokemon_national_dex_id, level, slot_order, moves, ability, held_item, nature)
  VALUES (v_trainer_id, 65, 48, 3, '["Psychic", "Energy Ball", "Charge Beam", "Reflect"]'::jsonb, 'Synchronize', NULL, NULL);
END $$;

-- Misty (Gym Leader)
DO $$
DECLARE
  v_trainer_id UUID;
  v_route_id UUID;
BEGIN
  SELECT id INTO v_route_id FROM public.routes WHERE slug = 'cerulean-city' AND game_id = 'c9d0e1f2-a3b4-5678-cd89-012345678901';
  INSERT INTO public.trainers (route_id, name, trainer_class, is_boss, boss_type, level_cap, display_order, notes)
  VALUES (v_route_id, 'Misty', 'Gym Leader', true, 'gym_leader', 54, 1, 'Water-type specialist. Cascade Badge.')
  RETURNING id INTO v_trainer_id;

  INSERT INTO public.trainer_pokemon (trainer_id, pokemon_national_dex_id, level, slot_order, moves, ability, held_item, nature)
  VALUES (v_trainer_id, 55, 49, 1, '["Surf", "Psychic", "Ice Beam", "Rain Dance"]'::jsonb, 'Cloud Nine', NULL, NULL);
  INSERT INTO public.trainer_pokemon (trainer_id, pokemon_national_dex_id, level, slot_order, moves, ability, held_item, nature)
  VALUES (v_trainer_id, 121, 54, 2, '["Surf", "Psychic", "Ice Beam", "Power Gem"]'::jsonb, 'Natural Cure', NULL, NULL);
  INSERT INTO public.trainer_pokemon (trainer_id, pokemon_national_dex_id, level, slot_order, moves, ability, held_item, nature)
  VALUES (v_trainer_id, 131, 52, 3, '["Surf", "Ice Beam", "Body Slam", "Rain Dance"]'::jsonb, 'Water Absorb', NULL, NULL);
  INSERT INTO public.trainer_pokemon (trainer_id, pokemon_national_dex_id, level, slot_order, moves, ability, held_item, nature)
  VALUES (v_trainer_id, 195, 49, 4, '["Surf", "Earthquake", "Rain Dance", "Amnesia"]'::jsonb, 'Water Absorb', NULL, NULL);
END $$;

-- Erika (Gym Leader)
DO $$
DECLARE
  v_trainer_id UUID;
  v_route_id UUID;
BEGIN
  SELECT id INTO v_route_id FROM public.routes WHERE slug = 'celadon-city' AND game_id = 'c9d0e1f2-a3b4-5678-cd89-012345678901';
  INSERT INTO public.trainers (route_id, name, trainer_class, is_boss, boss_type, level_cap, display_order, notes)
  VALUES (v_route_id, 'Erika', 'Gym Leader', true, 'gym_leader', 56, 1, 'Grass-type specialist. Rainbow Badge.')
  RETURNING id INTO v_trainer_id;

  INSERT INTO public.trainer_pokemon (trainer_id, pokemon_national_dex_id, level, slot_order, moves, ability, held_item, nature)
  VALUES (v_trainer_id, 189, 51, 1, '["Sunny Day", "Leech Seed", "Cotton Spore", "Giga Drain"]'::jsonb, 'Chlorophyll', NULL, NULL);
  INSERT INTO public.trainer_pokemon (trainer_id, pokemon_national_dex_id, level, slot_order, moves, ability, held_item, nature)
  VALUES (v_trainer_id, 182, 56, 2, '["Petal Dance", "SolarBeam", "Aromatherapy", "Sunny Day"]'::jsonb, 'Chlorophyll', NULL, NULL);
  INSERT INTO public.trainer_pokemon (trainer_id, pokemon_national_dex_id, level, slot_order, moves, ability, held_item, nature)
  VALUES (v_trainer_id, 114, 52, 3, '["Power Whip", "AncientPower", "Sleep Powder", "Stun Spore"]'::jsonb, 'Chlorophyll', NULL, NULL);
  INSERT INTO public.trainer_pokemon (trainer_id, pokemon_national_dex_id, level, slot_order, moves, ability, held_item, nature)
  VALUES (v_trainer_id, 45, 56, 4, '["Petal Dance", "Moonlight", "SolarBeam", "Sunny Day"]'::jsonb, 'Chlorophyll', NULL, NULL);
END $$;

-- Janine (Gym Leader)
DO $$
DECLARE
  v_trainer_id UUID;
  v_route_id UUID;
BEGIN
  SELECT id INTO v_route_id FROM public.routes WHERE slug = 'fuchsia-city' AND game_id = 'c9d0e1f2-a3b4-5678-cd89-012345678901';
  INSERT INTO public.trainers (route_id, name, trainer_class, is_boss, boss_type, level_cap, display_order, notes)
  VALUES (v_route_id, 'Janine', 'Gym Leader', true, 'gym_leader', 50, 1, 'Poison-type specialist. Soul Badge.')
  RETURNING id INTO v_trainer_id;

  INSERT INTO public.trainer_pokemon (trainer_id, pokemon_national_dex_id, level, slot_order, moves, ability, held_item, nature)
  VALUES (v_trainer_id, 169, 47, 1, '["Cross Poison", "Air Slash", "Confuse Ray", "U-turn"]'::jsonb, 'Inner Focus', NULL, NULL);
  INSERT INTO public.trainer_pokemon (trainer_id, pokemon_national_dex_id, level, slot_order, moves, ability, held_item, nature)
  VALUES (v_trainer_id, 168, 47, 2, '["Poison Jab", "Bug Bite", "Giga Drain", "Baton Pass"]'::jsonb, 'Insomnia', NULL, NULL);
  INSERT INTO public.trainer_pokemon (trainer_id, pokemon_national_dex_id, level, slot_order, moves, ability, held_item, nature)
  VALUES (v_trainer_id, 49, 50, 3, '["Psychic", "Bug Buzz", "Sleep Powder", "Signal Beam"]'::jsonb, 'Tinted Lens', NULL, NULL);
  INSERT INTO public.trainer_pokemon (trainer_id, pokemon_national_dex_id, level, slot_order, moves, ability, held_item, nature)
  VALUES (v_trainer_id, 110, 44, 4, '["Sludge Bomb", "Thunderbolt", "Explosion", "Shadow Ball"]'::jsonb, 'Levitate', NULL, NULL);
END $$;

-- Brock (Gym Leader)
DO $$
DECLARE
  v_trainer_id UUID;
  v_route_id UUID;
BEGIN
  SELECT id INTO v_route_id FROM public.routes WHERE slug = 'pewter-city' AND game_id = 'c9d0e1f2-a3b4-5678-cd89-012345678901';
  INSERT INTO public.trainers (route_id, name, trainer_class, is_boss, boss_type, level_cap, display_order, notes)
  VALUES (v_route_id, 'Brock', 'Gym Leader', true, 'gym_leader', 55, 1, 'Rock-type specialist. Boulder Badge.')
  RETURNING id INTO v_trainer_id;

  INSERT INTO public.trainer_pokemon (trainer_id, pokemon_national_dex_id, level, slot_order, moves, ability, held_item, nature)
  VALUES (v_trainer_id, 76, 51, 1, '["Earthquake", "Stone Edge", "Sandstorm", "Stealth Rock"]'::jsonb, 'Sturdy', NULL, NULL);
  INSERT INTO public.trainer_pokemon (trainer_id, pokemon_national_dex_id, level, slot_order, moves, ability, held_item, nature)
  VALUES (v_trainer_id, 112, 51, 2, '["Earthquake", "Stone Edge", "Megahorn", "Crunch"]'::jsonb, 'Lightning Rod', NULL, NULL);
  INSERT INTO public.trainer_pokemon (trainer_id, pokemon_national_dex_id, level, slot_order, moves, ability, held_item, nature)
  VALUES (v_trainer_id, 139, 52, 3, '["Surf", "AncientPower", "Tickle", "Protect"]'::jsonb, 'Shell Armor', NULL, NULL);
  INSERT INTO public.trainer_pokemon (trainer_id, pokemon_national_dex_id, level, slot_order, moves, ability, held_item, nature)
  VALUES (v_trainer_id, 141, 52, 4, '["AncientPower", "Aqua Jet", "Slash", "Endure"]'::jsonb, 'Battle Armor', NULL, NULL);
  INSERT INTO public.trainer_pokemon (trainer_id, pokemon_national_dex_id, level, slot_order, moves, ability, held_item, nature)
  VALUES (v_trainer_id, 95, 55, 5, '["Earthquake", "Stone Edge", "Sandstorm", "Iron Tail"]'::jsonb, 'Rock Head', NULL, NULL);
END $$;

-- Blaine (Gym Leader)
DO $$
DECLARE
  v_trainer_id UUID;
  v_route_id UUID;
BEGIN
  SELECT id INTO v_route_id FROM public.routes WHERE slug = 'cinnabar-island' AND game_id = 'c9d0e1f2-a3b4-5678-cd89-012345678901';
  INSERT INTO public.trainers (route_id, name, trainer_class, is_boss, boss_type, level_cap, display_order, notes)
  VALUES (v_route_id, 'Blaine', 'Gym Leader', true, 'gym_leader', 54, 1, 'Fire-type specialist. Volcano Badge.')
  RETURNING id INTO v_trainer_id;

  INSERT INTO public.trainer_pokemon (trainer_id, pokemon_national_dex_id, level, slot_order, moves, ability, held_item, nature)
  VALUES (v_trainer_id, 126, 54, 1, '["Flamethrower", "SolarBeam", "Sunny Day", "Confuse Ray"]'::jsonb, 'Flame Body', NULL, NULL);
  INSERT INTO public.trainer_pokemon (trainer_id, pokemon_national_dex_id, level, slot_order, moves, ability, held_item, nature)
  VALUES (v_trainer_id, 78, 48, 2, '["Flare Blitz", "SolarBeam", "Sunny Day", "Quick Attack"]'::jsonb, 'Flash Fire', NULL, NULL);
  INSERT INTO public.trainer_pokemon (trainer_id, pokemon_national_dex_id, level, slot_order, moves, ability, held_item, nature)
  VALUES (v_trainer_id, 59, 50, 3, '["Flare Blitz", "ExtremeSpeed", "Crunch", "Thunder Fang"]'::jsonb, 'Intimidate', NULL, NULL);
END $$;

-- Blue (Gym Leader)
DO $$
DECLARE
  v_trainer_id UUID;
  v_route_id UUID;
BEGIN
  SELECT id INTO v_route_id FROM public.routes WHERE slug = 'viridian-city' AND game_id = 'c9d0e1f2-a3b4-5678-cd89-012345678901';
  INSERT INTO public.trainers (route_id, name, trainer_class, is_boss, boss_type, level_cap, display_order, notes)
  VALUES (v_route_id, 'Blue', 'Gym Leader', true, 'gym_leader', 56, 1, 'Mixed-type specialist. Earth Badge.')
  RETURNING id INTO v_trainer_id;

  INSERT INTO public.trainer_pokemon (trainer_id, pokemon_national_dex_id, level, slot_order, moves, ability, held_item, nature)
  VALUES (v_trainer_id, 103, 55, 1, '["Psychic", "Leaf Storm", "Trick Room", "Hypnosis"]'::jsonb, 'Chlorophyll', NULL, NULL);
  INSERT INTO public.trainer_pokemon (trainer_id, pokemon_national_dex_id, level, slot_order, moves, ability, held_item, nature)
  VALUES (v_trainer_id, 59, 54, 2, '["Flare Blitz", "ExtremeSpeed", "Crunch", "Iron Tail"]'::jsonb, 'Intimidate', NULL, NULL);
  INSERT INTO public.trainer_pokemon (trainer_id, pokemon_national_dex_id, level, slot_order, moves, ability, held_item, nature)
  VALUES (v_trainer_id, 68, 56, 3, '["Cross Chop", "Stone Edge", "Earthquake", "Scary Face"]'::jsonb, 'No Guard', NULL, NULL);
  INSERT INTO public.trainer_pokemon (trainer_id, pokemon_national_dex_id, level, slot_order, moves, ability, held_item, nature)
  VALUES (v_trainer_id, 130, 52, 4, '["Waterfall", "Ice Fang", "Dragon Dance", "Thrash"]'::jsonb, 'Intimidate', NULL, NULL);
  INSERT INTO public.trainer_pokemon (trainer_id, pokemon_national_dex_id, level, slot_order, moves, ability, held_item, nature)
  VALUES (v_trainer_id, 18, 56, 5, '["Air Slash", "Return", "Mirror Move", "Whirlwind"]'::jsonb, 'Keen Eye', NULL, NULL);
  INSERT INTO public.trainer_pokemon (trainer_id, pokemon_national_dex_id, level, slot_order, moves, ability, held_item, nature)
  VALUES (v_trainer_id, 112, 56, 6, '["Earthquake", "Megahorn", "Rock Wrecker", "Payback"]'::jsonb, 'Lightning Rod', NULL, NULL);
END $$;

-- Update total_routes count
UPDATE public.games SET total_routes = 90 WHERE id = 'c9d0e1f2-a3b4-5678-cd89-012345678901';
-- ===========================================
-- POKEMON SOULSILVER: COMPLETE GAME DATA
-- Official Pokemon Game
-- Gen 4, Johto region
-- ===========================================
-- Game ID: d0e1f2a3-b4c5-6789-de90-123456789012
-- ===========================================

-- STEP 1: Insert the game
INSERT INTO public.games (id, slug, name, generation, region, base_game_slug, is_romhack, sprite_url, total_routes, description)
VALUES (
  'd0e1f2a3-b4c5-6789-de90-123456789012',
  'pokemon-soulsilver',
  'Pokemon SoulSilver',
  4,
  'Johto',
  NULL,
  false,
  'https://raw.githubusercontent.com/PokeAPI/sprites/master/sprites/pokemon/249.png',
  90,
  'Pokemon SoulSilver Version for Nintendo DS. A Gen 4 remake of Pokemon Silver, featuring Johto and Kanto regions. Lugia on the cover.'
);

-- ===========================================
-- STEP 2: ALL ROUTES (90 total)
-- ===========================================

INSERT INTO public.routes (game_id, name, slug, display_order, route_type, has_encounters, has_trainers, has_items, notes) VALUES
('d0e1f2a3-b4c5-6789-de90-123456789012', 'New Bark Town', 'new-bark-town', 1, 'city', true, false, false, 'Starter town. Choose Chikorita, Cyndaquil, or Totodile.'),
('d0e1f2a3-b4c5-6789-de90-123456789012', 'Route 29', 'route-29', 2, 'route', true, false, false, NULL),
('d0e1f2a3-b4c5-6789-de90-123456789012', 'Route 46', 'route-46', 3, 'route', true, false, false, NULL),
('d0e1f2a3-b4c5-6789-de90-123456789012', 'Cherrygrove City', 'cherrygrove-city', 4, 'city', true, false, false, 'Surf and fishing available.'),
('d0e1f2a3-b4c5-6789-de90-123456789012', 'Route 30', 'route-30', 5, 'route', true, false, false, NULL),
('d0e1f2a3-b4c5-6789-de90-123456789012', 'Route 31', 'route-31', 6, 'route', true, false, false, NULL),
('d0e1f2a3-b4c5-6789-de90-123456789012', 'Dark Cave (Violet Side)', 'dark-cave-violet', 7, 'cave', true, false, false, NULL),
('d0e1f2a3-b4c5-6789-de90-123456789012', 'Violet City', 'violet-city', 8, 'city', false, true, false, 'Gym Leader Falkner. Flying-type specialist.'),
('d0e1f2a3-b4c5-6789-de90-123456789012', 'Sprout Tower', 'sprout-tower', 9, 'building', true, true, false, NULL),
('d0e1f2a3-b4c5-6789-de90-123456789012', 'Route 32', 'route-32', 10, 'route', true, true, false, NULL),
('d0e1f2a3-b4c5-6789-de90-123456789012', 'Ruins of Alph', 'ruins-of-alph', 11, 'special', true, false, false, 'Unown puzzle area.'),
('d0e1f2a3-b4c5-6789-de90-123456789012', 'Union Cave', 'union-cave', 12, 'cave', true, true, false, NULL),
('d0e1f2a3-b4c5-6789-de90-123456789012', 'Route 33', 'route-33', 13, 'route', true, false, false, NULL),
('d0e1f2a3-b4c5-6789-de90-123456789012', 'Azalea Town', 'azalea-town', 14, 'city', false, true, false, 'Gym Leader Bugsy. Bug-type specialist.'),
('d0e1f2a3-b4c5-6789-de90-123456789012', 'Slowpoke Well', 'slowpoke-well', 15, 'cave', true, false, false, NULL),
('d0e1f2a3-b4c5-6789-de90-123456789012', 'Ilex Forest', 'ilex-forest', 16, 'route', true, false, false, NULL),
('d0e1f2a3-b4c5-6789-de90-123456789012', 'Route 34', 'route-34', 17, 'route', true, true, false, NULL),
('d0e1f2a3-b4c5-6789-de90-123456789012', 'Goldenrod City', 'goldenrod-city', 18, 'city', false, true, true, 'Gym Leader Whitney. Normal-type specialist.'),
('d0e1f2a3-b4c5-6789-de90-123456789012', 'Route 35', 'route-35', 19, 'route', true, true, false, NULL),
('d0e1f2a3-b4c5-6789-de90-123456789012', 'National Park', 'national-park', 20, 'route', true, false, false, 'Bug Catching Contest area.'),
('d0e1f2a3-b4c5-6789-de90-123456789012', 'Route 36', 'route-36', 21, 'route', true, true, false, NULL),
('d0e1f2a3-b4c5-6789-de90-123456789012', 'Route 37', 'route-37', 22, 'route', true, true, false, NULL),
('d0e1f2a3-b4c5-6789-de90-123456789012', 'Ecruteak City', 'ecruteak-city', 23, 'city', false, true, false, 'Gym Leader Morty. Ghost-type specialist.'),
('d0e1f2a3-b4c5-6789-de90-123456789012', 'Burned Tower', 'burned-tower', 24, 'building', true, false, false, 'Legendary beasts flee here.'),
('d0e1f2a3-b4c5-6789-de90-123456789012', 'Route 38', 'route-38', 25, 'route', true, true, false, NULL),
('d0e1f2a3-b4c5-6789-de90-123456789012', 'Route 39', 'route-39', 26, 'route', true, true, false, NULL),
('d0e1f2a3-b4c5-6789-de90-123456789012', 'Olivine City', 'olivine-city', 27, 'city', false, true, false, 'Gym Leader Jasmine. Steel-type specialist.'),
('d0e1f2a3-b4c5-6789-de90-123456789012', 'Route 40', 'route-40', 28, 'water', true, true, false, NULL),
('d0e1f2a3-b4c5-6789-de90-123456789012', 'Route 41', 'route-41', 29, 'water', true, true, false, 'Whirl Islands nearby.'),
('d0e1f2a3-b4c5-6789-de90-123456789012', 'Cianwood City', 'cianwood-city', 30, 'city', false, true, false, 'Gym Leader Chuck. Fighting-type specialist.'),
('d0e1f2a3-b4c5-6789-de90-123456789012', 'Route 42', 'route-42', 31, 'route', true, true, false, NULL),
('d0e1f2a3-b4c5-6789-de90-123456789012', 'Mt. Mortar', 'mt-mortar', 32, 'cave', true, false, true, NULL),
('d0e1f2a3-b4c5-6789-de90-123456789012', 'Mahogany Town', 'mahogany-town', 33, 'city', false, true, false, 'Gym Leader Pryce. Ice-type specialist.'),
('d0e1f2a3-b4c5-6789-de90-123456789012', 'Route 43', 'route-43', 34, 'route', true, true, false, NULL),
('d0e1f2a3-b4c5-6789-de90-123456789012', 'Lake of Rage', 'lake-of-rage', 35, 'water', true, false, false, 'Red Gyarados event.'),
('d0e1f2a3-b4c5-6789-de90-123456789012', 'Route 44', 'route-44', 36, 'route', true, true, false, NULL),
('d0e1f2a3-b4c5-6789-de90-123456789012', 'Ice Path', 'ice-path', 37, 'cave', true, false, true, NULL),
('d0e1f2a3-b4c5-6789-de90-123456789012', 'Blackthorn City', 'blackthorn-city', 38, 'city', false, true, false, 'Gym Leader Clair. Dragon-type specialist.'),
('d0e1f2a3-b4c5-6789-de90-123456789012', 'Dragon''s Den', 'dragons-den', 39, 'cave', true, false, false, 'Dratini fishing.'),
('d0e1f2a3-b4c5-6789-de90-123456789012', 'Route 45', 'route-45', 40, 'route', true, true, false, NULL),
('d0e1f2a3-b4c5-6789-de90-123456789012', 'Dark Cave (Blackthorn Side)', 'dark-cave-blackthorn', 41, 'cave', true, false, false, NULL),
('d0e1f2a3-b4c5-6789-de90-123456789012', 'Whirl Islands', 'whirl-islands', 42, 'cave', true, false, false, 'Lugia (SoulSilver).'),
('d0e1f2a3-b4c5-6789-de90-123456789012', 'Route 27', 'route-27', 43, 'route', true, true, false, NULL),
('d0e1f2a3-b4c5-6789-de90-123456789012', 'Tohjo Falls', 'tohjo-falls', 44, 'cave', true, false, false, NULL),
('d0e1f2a3-b4c5-6789-de90-123456789012', 'Route 26', 'route-26', 45, 'route', true, true, false, NULL),
('d0e1f2a3-b4c5-6789-de90-123456789012', 'Victory Road', 'victory-road', 46, 'cave', true, true, true, NULL),
('d0e1f2a3-b4c5-6789-de90-123456789012', 'Indigo Plateau', 'indigo-plateau', 47, 'building', false, true, true, 'Elite Four and Champion Lance.'),
('d0e1f2a3-b4c5-6789-de90-123456789012', 'Vermilion City', 'vermilion-city', 48, 'city', false, true, false, 'Gym Leader Lt. Surge. Electric-type specialist.'),
('d0e1f2a3-b4c5-6789-de90-123456789012', 'Route 6', 'route-6', 49, 'route', true, true, false, NULL),
('d0e1f2a3-b4c5-6789-de90-123456789012', 'Saffron City', 'saffron-city', 50, 'city', false, true, false, 'Gym Leader Sabrina. Psychic-type specialist.'),
('d0e1f2a3-b4c5-6789-de90-123456789012', 'Route 5', 'route-5', 51, 'route', true, false, false, NULL),
('d0e1f2a3-b4c5-6789-de90-123456789012', 'Cerulean City', 'cerulean-city', 52, 'city', false, true, false, 'Gym Leader Misty. Water-type specialist.'),
('d0e1f2a3-b4c5-6789-de90-123456789012', 'Route 24', 'route-24', 53, 'route', true, true, false, NULL),
('d0e1f2a3-b4c5-6789-de90-123456789012', 'Route 25', 'route-25', 54, 'route', true, true, false, NULL),
('d0e1f2a3-b4c5-6789-de90-123456789012', 'Route 9', 'route-9', 55, 'route', true, true, false, NULL),
('d0e1f2a3-b4c5-6789-de90-123456789012', 'Route 10', 'route-10', 56, 'route', true, false, false, NULL),
('d0e1f2a3-b4c5-6789-de90-123456789012', 'Rock Tunnel', 'rock-tunnel', 57, 'cave', true, true, false, NULL),
('d0e1f2a3-b4c5-6789-de90-123456789012', 'Lavender Town', 'lavender-town', 58, 'city', false, false, false, NULL),
('d0e1f2a3-b4c5-6789-de90-123456789012', 'Route 8', 'route-8', 59, 'route', true, true, false, NULL),
('d0e1f2a3-b4c5-6789-de90-123456789012', 'Route 7', 'route-7', 60, 'route', true, false, false, NULL),
('d0e1f2a3-b4c5-6789-de90-123456789012', 'Celadon City', 'celadon-city', 61, 'city', false, true, true, 'Gym Leader Erika. Grass-type specialist.'),
('d0e1f2a3-b4c5-6789-de90-123456789012', 'Route 16', 'route-16', 62, 'route', true, false, false, NULL),
('d0e1f2a3-b4c5-6789-de90-123456789012', 'Route 17', 'route-17', 63, 'route', true, true, false, 'Cycling Road.'),
('d0e1f2a3-b4c5-6789-de90-123456789012', 'Route 18', 'route-18', 64, 'route', true, false, false, NULL),
('d0e1f2a3-b4c5-6789-de90-123456789012', 'Fuchsia City', 'fuchsia-city', 65, 'city', false, true, false, 'Gym Leader Janine. Poison-type specialist.'),
('d0e1f2a3-b4c5-6789-de90-123456789012', 'Route 15', 'route-15', 66, 'route', true, true, false, NULL),
('d0e1f2a3-b4c5-6789-de90-123456789012', 'Route 14', 'route-14', 67, 'route', true, true, false, NULL),
('d0e1f2a3-b4c5-6789-de90-123456789012', 'Route 13', 'route-13', 68, 'route', true, true, false, NULL),
('d0e1f2a3-b4c5-6789-de90-123456789012', 'Route 12', 'route-12', 69, 'route', true, true, false, NULL),
('d0e1f2a3-b4c5-6789-de90-123456789012', 'Route 11', 'route-11', 70, 'route', true, true, false, NULL),
('d0e1f2a3-b4c5-6789-de90-123456789012', 'Diglett''s Cave', 'digletts-cave', 71, 'cave', true, false, false, NULL),
('d0e1f2a3-b4c5-6789-de90-123456789012', 'Route 2', 'route-2', 72, 'route', true, false, false, NULL),
('d0e1f2a3-b4c5-6789-de90-123456789012', 'Pewter City', 'pewter-city', 73, 'city', false, true, false, 'Gym Leader Brock. Rock-type specialist.'),
('d0e1f2a3-b4c5-6789-de90-123456789012', 'Viridian Forest', 'viridian-forest', 74, 'route', true, false, false, NULL),
('d0e1f2a3-b4c5-6789-de90-123456789012', 'Viridian City', 'viridian-city', 75, 'city', false, true, false, 'Gym Leader Blue. Mixed-type specialist.'),
('d0e1f2a3-b4c5-6789-de90-123456789012', 'Route 1', 'route-1', 76, 'route', true, false, false, NULL),
('d0e1f2a3-b4c5-6789-de90-123456789012', 'Pallet Town', 'pallet-town', 77, 'city', true, false, false, 'Surf and fishing available.'),
('d0e1f2a3-b4c5-6789-de90-123456789012', 'Route 21', 'route-21', 78, 'water', true, true, false, NULL),
('d0e1f2a3-b4c5-6789-de90-123456789012', 'Cinnabar Island', 'cinnabar-island', 79, 'city', false, true, false, 'Gym Leader Blaine. Fire-type specialist.'),
('d0e1f2a3-b4c5-6789-de90-123456789012', 'Route 20', 'route-20', 80, 'water', true, true, false, NULL),
('d0e1f2a3-b4c5-6789-de90-123456789012', 'Route 19', 'route-19', 81, 'water', true, true, false, NULL),
('d0e1f2a3-b4c5-6789-de90-123456789012', 'Seafoam Islands', 'seafoam-islands', 82, 'cave', true, false, true, NULL),
('d0e1f2a3-b4c5-6789-de90-123456789012', 'Route 22', 'route-22', 83, 'route', true, false, false, NULL),
('d0e1f2a3-b4c5-6789-de90-123456789012', 'Route 28', 'route-28', 84, 'route', true, false, false, NULL),
('d0e1f2a3-b4c5-6789-de90-123456789012', 'Mt. Silver', 'mt-silver', 85, 'cave', true, false, true, 'Red awaits at the summit.'),
('d0e1f2a3-b4c5-6789-de90-123456789012', 'Bell Tower', 'bell-tower', 86, 'building', true, false, false, 'Ho-Oh (HeartGold).'),
('d0e1f2a3-b4c5-6789-de90-123456789012', 'Cerulean Cave', 'cerulean-cave', 87, 'cave', true, false, true, 'Mewtwo. Post-game dungeon.'),
('d0e1f2a3-b4c5-6789-de90-123456789012', 'Safari Zone', 'safari-zone', 88, 'special', true, false, false, 'HGSS Safari Zone near Cianwood.'),
('d0e1f2a3-b4c5-6789-de90-123456789012', 'Route 47', 'route-47', 89, 'route', true, true, false, NULL),
('d0e1f2a3-b4c5-6789-de90-123456789012', 'Route 48', 'route-48', 90, 'route', true, true, false, NULL);

-- ===========================================
-- STEP 3: STARTER POKEMON
-- ===========================================

INSERT INTO public.encounters (route_id, pokemon_national_dex_id, method, encounter_rate, level_min, level_max)
SELECT r.id, 152, 'gift', NULL, 5, 5
FROM public.routes r WHERE r.slug = 'new-bark-town' AND r.game_id = 'd0e1f2a3-b4c5-6789-de90-123456789012';

INSERT INTO public.encounters (route_id, pokemon_national_dex_id, method, encounter_rate, level_min, level_max)
SELECT r.id, 155, 'gift', NULL, 5, 5
FROM public.routes r WHERE r.slug = 'new-bark-town' AND r.game_id = 'd0e1f2a3-b4c5-6789-de90-123456789012';

INSERT INTO public.encounters (route_id, pokemon_national_dex_id, method, encounter_rate, level_min, level_max)
SELECT r.id, 158, 'gift', NULL, 5, 5
FROM public.routes r WHERE r.slug = 'new-bark-town' AND r.game_id = 'd0e1f2a3-b4c5-6789-de90-123456789012';

-- ===========================================
-- STEP 4: ENCOUNTER DATA (1331 total)
-- ===========================================

CREATE TEMP TABLE _enc (slug TEXT, dex INT, method TEXT, rate DECIMAL(5,2), lmin INT, lmax INT, cond TEXT, ver_excl TEXT);
INSERT INTO _enc VALUES
('route-29', 16, 'walking', 55.00, 2, 4, 'Morning', NULL),
('route-29', 16, 'walking', 55.00, 2, 4, 'Day', NULL),
('route-29', 19, 'walking', 15.00, 2, 4, 'Night', NULL),
('route-29', 19, 'walking', 5.00, 4, 4, 'Morning', NULL),
('route-29', 19, 'walking', 5.00, 2, 2, 'Day', NULL),
('route-29', 161, 'walking', 40.00, 2, 3, 'Morning', NULL),
('route-29', 161, 'walking', 40.00, 2, 4, 'Day', NULL),
('route-29', 163, 'walking', 85.00, 2, 4, 'Night', NULL),
('route-29', 311, 'walking', 20.00, 2, 3, 'Hoenn Sound', NULL),
('route-29', 312, 'walking', 20.00, 3, 3, 'Hoenn Sound', NULL),
('route-29', 403, 'walking', 40.00, 2, 3, 'Sinnoh Sound', NULL),
('route-46', 19, 'walking', 30.00, 2, 2, 'Night', NULL),
('route-46', 19, 'walking', 25.00, 2, 4, NULL, NULL),
('route-46', 21, 'walking', 35.00, 2, 3, 'Morning', NULL),
('route-46', 21, 'walking', 35.00, 2, 3, 'Day', NULL),
('route-46', 74, 'walking', 40.00, 2, 3, NULL, NULL),
('route-46', 74, 'walking', 5.00, 3, 3, 'Night', NULL),
('route-46', 311, 'walking', 20.00, 2, 3, 'Hoenn Sound', NULL),
('route-46', 312, 'walking', 20.00, 2, 2, 'Hoenn Sound', NULL),
('route-46', 403, 'walking', 40.00, 2, 3, 'Sinnoh Sound', NULL),
('cherrygrove-city', 72, 'surfing', 90.00, 10, 25, NULL, NULL),
('cherrygrove-city', 73, 'surfing', 10.00, 15, 25, NULL, NULL),
('cherrygrove-city', 98, 'fishing_old', 15.00, 10, 10, NULL, NULL),
('cherrygrove-city', 98, 'fishing_good', 50.00, 20, 20, NULL, NULL),
('cherrygrove-city', 98, 'fishing_super', 60.00, 40, 40, NULL, NULL),
('cherrygrove-city', 99, 'fishing_super', 10.00, 40, 40, NULL, NULL),
('cherrygrove-city', 120, 'fishing_good', 10.00, 20, 20, 'Night', NULL),
('cherrygrove-city', 120, 'fishing_super', 30.00, 40, 40, 'Night', NULL),
('cherrygrove-city', 129, 'fishing_old', 85.00, 10, 10, NULL, NULL),
('cherrygrove-city', 129, 'fishing_good', 40.00, 20, 20, NULL, NULL),
('cherrygrove-city', 222, 'fishing_good', 10.00, 20, 20, 'Morning', NULL),
('cherrygrove-city', 222, 'fishing_good', 10.00, 20, 20, 'Day', NULL),
('cherrygrove-city', 222, 'fishing_super', 30.00, 40, 40, 'Morning', NULL),
('cherrygrove-city', 222, 'fishing_super', 30.00, 40, 40, 'Day', NULL),
('route-30', 13, 'walking', 50.00, 3, 4, 'Morning', NULL),
('route-30', 13, 'walking', 35.00, 3, 4, 'Day', NULL),
('route-30', 14, 'walking', 10.00, 4, 4, 'Morning', NULL),
('route-30', 14, 'walking', 15.00, 4, 4, 'Day', NULL),
('route-30', 16, 'walking', 50.00, 3, 4, 'Day', NULL),
('route-30', 16, 'walking', 10.00, 4, 4, 'Morning', NULL),
('route-30', 19, 'walking', 40.00, 3, 4, 'Night', NULL),
('route-30', 60, 'surfing', 90.00, 10, 25, NULL, NULL),
('route-30', 60, 'fishing_old', 15.00, 10, 10, NULL, NULL),
('route-30', 60, 'fishing_good', 60.00, 20, 20, NULL, NULL),
('route-30', 60, 'fishing_super', 80.00, 40, 40, NULL, NULL),
('route-30', 61, 'surfing', 10.00, 15, 32, NULL, NULL),
('route-30', 129, 'fishing_old', 85.00, 10, 10, NULL, NULL),
('route-30', 129, 'fishing_good', 40.00, 20, 20, NULL, NULL),
('route-30', 129, 'fishing_super', 20.00, 40, 40, NULL, NULL),
('route-30', 163, 'walking', 60.00, 3, 4, 'Night', NULL),
('route-30', 165, 'walking', 30.00, 3, 3, 'Morning', NULL),
('route-30', 264, 'walking', 20.00, 4, 4, 'Hoenn Sound', NULL),
('route-30', 293, 'walking', 20.00, 3, 3, 'Hoenn Sound', NULL),
('route-30', 399, 'walking', 20.00, 4, 4, 'Sinnoh Sound', NULL),
('route-30', 418, 'walking', 20.00, 3, 3, 'Sinnoh Sound', NULL),
('route-31', 13, 'walking', 30.00, 4, 4, 'Morning', NULL),
('route-31', 13, 'walking', 35.00, 4, 5, 'Day', NULL),
('route-31', 14, 'walking', 10.00, 5, 5, 'Morning', NULL),
('route-31', 14, 'walking', 15.00, 5, 5, 'Day', NULL),
('route-31', 16, 'walking', 30.00, 4, 4, 'Day', NULL),
('route-31', 16, 'walking', 10.00, 5, 5, 'Morning', NULL),
('route-31', 19, 'walking', 40.00, 4, 5, 'Night', NULL),
('route-31', 60, 'surfing', 90.00, 10, 25, NULL, NULL),
('route-31', 60, 'fishing_old', 15.00, 10, 10, NULL, NULL),
('route-31', 60, 'fishing_good', 60.00, 20, 20, NULL, NULL),
('route-31', 60, 'fishing_super', 80.00, 40, 40, NULL, NULL),
('route-31', 61, 'surfing', 10.00, 15, 32, NULL, NULL),
('route-31', 69, 'walking', 20.00, 3, 3, NULL, NULL),
('route-31', 129, 'fishing_old', 85.00, 10, 10, NULL, NULL),
('route-31', 129, 'fishing_good', 40.00, 20, 20, NULL, NULL),
('route-31', 129, 'fishing_super', 20.00, 40, 40, NULL, NULL),
('route-31', 163, 'walking', 40.00, 4, 5, 'Night', NULL),
('route-31', 165, 'walking', 30.00, 4, 4, 'Morning', NULL),
('route-31', 264, 'walking', 20.00, 3, 3, 'Hoenn Sound', NULL),
('route-31', 293, 'walking', 20.00, 4, 4, 'Hoenn Sound', NULL),
('route-31', 399, 'walking', 20.00, 3, 3, 'Sinnoh Sound', NULL),
('route-31', 418, 'walking', 20.00, 4, 4, 'Sinnoh Sound', NULL),
('dark-cave-violet', 41, 'walking', 39.00, 2, 4, NULL, NULL),
('dark-cave-violet', 74, 'walking', 60.00, 2, 4, NULL, NULL),
('dark-cave-violet', 74, 'rock_smash', 10.00, 8, 14, NULL, NULL),
('dark-cave-violet', 118, 'fishing_old', 15.00, 10, 10, NULL, NULL),
('dark-cave-violet', 118, 'fishing_good', 60.00, 20, 20, NULL, NULL),
('dark-cave-violet', 118, 'fishing_super', 70.00, 40, 40, NULL, NULL),
('dark-cave-violet', 119, 'fishing_super', 10.00, 40, 40, NULL, NULL),
('dark-cave-violet', 129, 'surfing', 100.00, 2, 20, NULL, NULL),
('dark-cave-violet', 129, 'fishing_old', 85.00, 10, 10, NULL, NULL),
('dark-cave-violet', 129, 'fishing_good', 40.00, 20, 20, NULL, NULL),
('dark-cave-violet', 129, 'fishing_super', 20.00, 40, 40, NULL, NULL),
('dark-cave-violet', 206, 'walking', 40.00, 2, 3, 'Swarm', NULL),
('dark-cave-violet', 206, 'walking', 1.00, 4, 4, NULL, NULL),
('dark-cave-violet', 206, 'rock_smash', 90.00, 4, 8, NULL, NULL),
('dark-cave-violet', 296, 'walking', 20.00, 2, 2, 'Hoenn Sound', NULL),
('dark-cave-violet', 359, 'walking', 20.00, 2, 3, 'Hoenn Sound', NULL),
('dark-cave-violet', 433, 'walking', 20.00, 2, 2, 'Sinnoh Sound', NULL),
('dark-cave-violet', 436, 'walking', 20.00, 2, 3, 'Sinnoh Sound', NULL),
('sprout-tower', 19, 'walking', 170.00, 3, 6, 'Morning', NULL),
('sprout-tower', 19, 'walking', 170.00, 3, 6, 'Day', NULL),
('sprout-tower', 19, 'walking', 30.00, 3, 5, NULL, NULL),
('sprout-tower', 92, 'walking', 170.00, 3, 6, 'Night', NULL),
('sprout-tower', 263, 'walking', 40.00, 3, 4, 'Hoenn Sound', NULL),
('sprout-tower', 307, 'walking', 40.00, 5, 5, 'Sinnoh Sound', NULL),
('sprout-tower', 327, 'walking', 40.00, 5, 5, 'Hoenn Sound', NULL),
('sprout-tower', 441, 'walking', 40.00, 3, 4, 'Sinnoh Sound', NULL),
('route-32', 19, 'walking', 5.00, 6, 6, 'Morning', NULL),
('route-32', 19, 'walking', 10.00, 4, 6, 'Day', NULL),
('route-32', 23, 'walking', 30.00, 4, 4, NULL, NULL),
('route-32', 41, 'walking', 5.00, 4, 4, 'Morning', NULL),
('route-32', 41, 'walking', 5.00, 4, 4, 'Night', NULL),
('route-32', 69, 'walking', 30.00, 6, 6, 'Morning', NULL),
('route-32', 69, 'walking', 30.00, 6, 6, 'Day', NULL),
('route-32', 69, 'walking', 20.00, 6, 6, 'Night', NULL),
('route-32', 72, 'surfing', 60.00, 10, 20, NULL, NULL),
('route-32', 72, 'fishing_old', 15.00, 10, 10, NULL, NULL),
('route-32', 72, 'fishing_good', 55.00, 20, 20, NULL, NULL),
('route-32', 72, 'fishing_super', 70.00, 40, 40, NULL, NULL),
('route-32', 73, 'surfing', 10.00, 15, 36, NULL, NULL),
('route-32', 129, 'fishing_old', 85.00, 10, 10, NULL, NULL),
('route-32', 129, 'fishing_good', 40.00, 20, 20, NULL, NULL),
('route-32', 129, 'fishing_super', 20.00, 40, 40, NULL, NULL),
('route-32', 179, 'walking', 20.00, 6, 6, 'Morning', NULL),
('route-32', 179, 'walking', 20.00, 6, 6, 'Day', NULL),
('route-32', 179, 'walking', 10.00, 6, 6, 'Night', NULL),
('route-32', 187, 'walking', 10.00, 6, 6, 'Morning', NULL),
('route-32', 187, 'walking', 10.00, 6, 6, 'Day', NULL),
('route-32', 194, 'walking', 35.00, 6, 6, 'Night', NULL),
('route-32', 195, 'surfing', 30.00, 15, 25, NULL, NULL),
('route-32', 211, 'fishing_old', 15.00, 10, 10, 'Swarm', NULL),
('route-32', 211, 'fishing_good', 65.00, 20, 20, 'Swarm', NULL),
('route-32', 211, 'fishing_good', 5.00, 20, 20, NULL, NULL),
('route-32', 211, 'fishing_super', 90.00, 40, 40, 'Swarm', NULL),
('route-32', 211, 'fishing_super', 10.00, 40, 40, NULL, NULL),
('route-32', 264, 'walking', 20.00, 6, 6, 'Hoenn Sound', NULL),
('route-32', 293, 'walking', 20.00, 4, 6, 'Hoenn Sound', NULL),
('route-32', 399, 'walking', 20.00, 6, 6, 'Sinnoh Sound', NULL),
('route-32', 418, 'walking', 20.00, 4, 6, 'Sinnoh Sound', NULL),
('ruins-of-alph', 60, 'fishing_old', 15.00, 10, 10, NULL, NULL),
('ruins-of-alph', 60, 'fishing_good', 60.00, 20, 20, NULL, NULL),
('ruins-of-alph', 60, 'fishing_super', 80.00, 40, 40, NULL, NULL),
('ruins-of-alph', 74, 'rock_smash', 100.00, 3, 14, NULL, NULL),
('ruins-of-alph', 129, 'fishing_old', 85.00, 10, 10, NULL, NULL),
('ruins-of-alph', 129, 'fishing_good', 40.00, 20, 20, NULL, NULL),
('ruins-of-alph', 129, 'fishing_super', 20.00, 40, 40, NULL, NULL),
('ruins-of-alph', 177, 'walking', 90.00, 18, 24, NULL, NULL),
('ruins-of-alph', 194, 'surfing', 60.00, 10, 20, NULL, NULL),
('ruins-of-alph', 195, 'surfing', 40.00, 10, 25, NULL, NULL),
('ruins-of-alph', 235, 'walking', 10.00, 20, 22, NULL, NULL),
('ruins-of-alph', 264, 'walking', 20.00, 18, 18, 'Hoenn Sound', NULL),
('ruins-of-alph', 293, 'walking', 20.00, 20, 22, 'Hoenn Sound', NULL),
('ruins-of-alph', 399, 'walking', 20.00, 18, 18, 'Sinnoh Sound', NULL),
('ruins-of-alph', 418, 'walking', 20.00, 20, 22, 'Sinnoh Sound', NULL),
('ruins-of-alph', 201, 'walking', 100.00, 5, 5, NULL, NULL),
('union-cave', 19, 'walking', 80.00, 4, 20, NULL, NULL),
('union-cave', 41, 'walking', 80.00, 5, 22, NULL, NULL),
('union-cave', 74, 'walking', 70.00, 6, 21, NULL, NULL),
('union-cave', 95, 'walking', 20.00, 6, 23, NULL, NULL),
('union-cave', 118, 'fishing_old', 30.00, 10, 10, NULL, NULL),
('union-cave', 118, 'fishing_good', 120.00, 20, 20, NULL, NULL),
('union-cave', 118, 'fishing_super', 140.00, 40, 40, NULL, NULL),
('union-cave', 119, 'fishing_super', 20.00, 40, 40, NULL, NULL),
('union-cave', 129, 'fishing_old', 255.00, 10, 10, NULL, NULL),
('union-cave', 129, 'fishing_good', 120.00, 20, 20, NULL, NULL),
('union-cave', 129, 'fishing_super', 40.00, 40, 40, NULL, NULL),
('union-cave', 194, 'surfing', 120.00, 10, 20, NULL, NULL),
('union-cave', 195, 'surfing', 110.00, 10, 25, NULL, NULL),
('union-cave', 296, 'walking', 60.00, 5, 22, 'Hoenn Sound', NULL),
('union-cave', 359, 'walking', 60.00, 6, 22, 'Hoenn Sound', NULL),
('union-cave', 433, 'walking', 60.00, 5, 22, 'Sinnoh Sound', NULL),
('union-cave', 436, 'walking', 60.00, 6, 22, 'Sinnoh Sound', NULL),
('union-cave', 20, 'walking', 30.00, 22, 22, NULL, NULL),
('union-cave', 42, 'walking', 20.00, 22, 22, NULL, NULL),
('union-cave', 72, 'surfing', 60.00, 10, 20, NULL, NULL),
('union-cave', 73, 'surfing', 10.00, 15, 25, NULL, NULL),
('union-cave', 98, 'fishing_old', 15.00, 10, 10, NULL, NULL),
('union-cave', 98, 'fishing_good', 50.00, 20, 20, NULL, NULL),
('union-cave', 98, 'fishing_super', 60.00, 40, 40, NULL, NULL),
('union-cave', 99, 'fishing_super', 10.00, 40, 40, NULL, NULL),
('union-cave', 120, 'fishing_good', 10.00, 20, 20, 'Night', NULL),
('union-cave', 120, 'fishing_super', 30.00, 40, 40, 'Night', NULL),
('union-cave', 222, 'fishing_good', 10.00, 20, 20, 'Morning', NULL),
('union-cave', 222, 'fishing_good', 10.00, 20, 20, 'Day', NULL),
('union-cave', 222, 'fishing_super', 30.00, 40, 40, 'Morning', NULL),
('union-cave', 222, 'fishing_super', 30.00, 40, 40, 'Day', NULL),
('route-33', 19, 'walking', 20.00, 6, 6, 'Night', NULL),
('route-33', 19, 'walking', 10.00, 6, 6, NULL, NULL),
('route-33', 19, 'walking', 5.00, 4, 4, 'Day', NULL),
('route-33', 21, 'walking', 20.00, 6, 6, 'Morning', NULL),
('route-33', 21, 'walking', 20.00, 6, 6, 'Day', NULL),
('route-33', 23, 'walking', 30.00, 7, 7, NULL, NULL),
('route-33', 41, 'walking', 40.00, 4, 8, 'Night', NULL),
('route-33', 41, 'walking', 5.00, 4, 4, 'Morning', NULL),
('route-33', 187, 'walking', 35.00, 6, 8, 'Morning', NULL),
('route-33', 187, 'walking', 35.00, 6, 8, 'Day', NULL),
('route-33', 311, 'walking', 20.00, 6, 7, 'Hoenn Sound', NULL),
('route-33', 312, 'walking', 20.00, 6, 6, 'Hoenn Sound', NULL),
('route-33', 403, 'walking', 40.00, 6, 7, 'Sinnoh Sound', NULL),
('slowpoke-well', 41, 'walking', 165.00, 5, 23, NULL, NULL),
('slowpoke-well', 79, 'walking', 30.00, 6, 23, NULL, NULL),
('slowpoke-well', 79, 'surfing', 190.00, 5, 25, NULL, NULL),
('slowpoke-well', 118, 'fishing_old', 30.00, 10, 10, NULL, NULL),
('slowpoke-well', 118, 'fishing_good', 120.00, 20, 20, NULL, NULL),
('slowpoke-well', 118, 'fishing_super', 140.00, 40, 40, NULL, NULL),
('slowpoke-well', 119, 'fishing_super', 20.00, 40, 40, NULL, NULL),
('slowpoke-well', 129, 'fishing_old', 170.00, 10, 10, NULL, NULL),
('slowpoke-well', 129, 'fishing_good', 80.00, 20, 20, NULL, NULL),
('slowpoke-well', 129, 'fishing_super', 40.00, 40, 40, NULL, NULL),
('slowpoke-well', 296, 'walking', 40.00, 7, 19, 'Hoenn Sound', NULL),
('slowpoke-well', 359, 'walking', 40.00, 5, 23, 'Hoenn Sound', NULL),
('slowpoke-well', 433, 'walking', 40.00, 7, 19, 'Sinnoh Sound', NULL),
('slowpoke-well', 436, 'walking', 40.00, 5, 23, 'Sinnoh Sound', NULL),
('slowpoke-well', 42, 'walking', 5.00, 23, 23, NULL, NULL),
('slowpoke-well', 80, 'surfing', 10.00, 15, 30, NULL, NULL),
('ilex-forest', 13, 'walking', 50.00, 5, 6, 'Morning', NULL),
('ilex-forest', 13, 'walking', 60.00, 5, 6, 'Day', NULL),
('ilex-forest', 14, 'walking', 30.00, 6, 6, 'Morning', NULL),
('ilex-forest', 14, 'walking', 30.00, 5, 6, 'Day', NULL),
('ilex-forest', 41, 'walking', 20.00, 6, 6, 'Night', NULL),
('ilex-forest', 41, 'walking', 5.00, 5, 5, NULL, NULL),
('ilex-forest', 43, 'walking', 60.00, 5, 6, 'Night', NULL),
('ilex-forest', 46, 'walking', 10.00, 5, 5, 'Morning', NULL),
('ilex-forest', 46, 'walking', 10.00, 5, 5, 'Night', NULL),
('ilex-forest', 46, 'walking', 5.00, 6, 6, NULL, NULL),
('ilex-forest', 54, 'surfing', 90.00, 5, 20, NULL, NULL),
('ilex-forest', 55, 'surfing', 10.00, 10, 20, NULL, NULL),
('ilex-forest', 60, 'fishing_old', 15.00, 10, 10, NULL, NULL),
('ilex-forest', 60, 'fishing_good', 60.00, 20, 20, NULL, NULL),
('ilex-forest', 60, 'fishing_super', 80.00, 40, 40, NULL, NULL),
('ilex-forest', 129, 'fishing_old', 85.00, 10, 10, NULL, NULL),
('ilex-forest', 129, 'fishing_good', 40.00, 20, 20, NULL, NULL),
('ilex-forest', 129, 'fishing_super', 20.00, 40, 40, NULL, NULL),
('ilex-forest', 322, 'walking', 20.00, 6, 6, 'Hoenn Sound', NULL),
('ilex-forest', 325, 'walking', 20.00, 5, 6, 'Hoenn Sound', NULL),
('ilex-forest', 406, 'walking', 20.00, 5, 6, 'Sinnoh Sound', NULL),
('ilex-forest', 455, 'walking', 20.00, 6, 6, 'Sinnoh Sound', NULL),
('route-34', 19, 'walking', 35.00, 11, 13, NULL, NULL),
('route-34', 63, 'walking', 10.00, 10, 10, NULL, NULL),
('route-34', 72, 'surfing', 90.00, 10, 25, NULL, NULL),
('route-34', 73, 'surfing', 10.00, 15, 29, NULL, NULL),
('route-34', 96, 'walking', 50.00, 10, 12, NULL, NULL),
('route-34', 98, 'fishing_old', 15.00, 10, 10, NULL, NULL),
('route-34', 98, 'fishing_good', 50.00, 20, 20, NULL, NULL),
('route-34', 98, 'fishing_super', 60.00, 40, 40, NULL, NULL),
('route-34', 99, 'fishing_super', 10.00, 40, 40, NULL, NULL),
('route-34', 120, 'fishing_good', 10.00, 20, 20, 'Night', NULL),
('route-34', 120, 'fishing_super', 30.00, 40, 40, 'Night', NULL),
('route-34', 129, 'fishing_old', 85.00, 10, 10, NULL, NULL),
('route-34', 129, 'fishing_good', 40.00, 20, 20, NULL, NULL),
('route-34', 132, 'walking', 5.00, 10, 10, NULL, NULL),
('route-34', 222, 'fishing_good', 10.00, 20, 20, 'Morning', NULL),
('route-34', 222, 'fishing_good', 10.00, 20, 20, 'Day', NULL),
('route-34', 222, 'fishing_super', 30.00, 40, 40, 'Morning', NULL),
('route-34', 222, 'fishing_super', 30.00, 40, 40, 'Day', NULL),
('route-34', 264, 'walking', 20.00, 12, 12, 'Hoenn Sound', NULL),
('route-34', 280, 'walking', 40.00, 10, 11, 'Swarm', NULL),
('route-34', 293, 'walking', 20.00, 10, 11, 'Hoenn Sound', NULL),
('route-34', 399, 'walking', 20.00, 12, 12, 'Sinnoh Sound', NULL),
('route-34', 418, 'walking', 20.00, 10, 11, 'Sinnoh Sound', NULL),
('route-35', 16, 'walking', 5.00, 14, 14, 'Morning', NULL),
('route-35', 16, 'walking', 5.00, 14, 14, 'Day', NULL),
('route-35', 29, 'walking', 30.00, 12, 12, NULL, NULL),
('route-35', 32, 'walking', 30.00, 12, 12, NULL, NULL),
('route-35', 54, 'surfing', 90.00, 10, 25, NULL, NULL),
('route-35', 55, 'surfing', 10.00, 15, 31, NULL, NULL),
('route-35', 60, 'fishing_old', 15.00, 10, 10, NULL, NULL),
('route-35', 60, 'fishing_good', 60.00, 20, 20, NULL, NULL),
('route-35', 60, 'fishing_super', 80.00, 40, 40, NULL, NULL),
('route-35', 63, 'walking', 10.00, 10, 10, NULL, NULL),
('route-35', 96, 'walking', 20.00, 14, 14, NULL, NULL),
('route-35', 129, 'fishing_old', 85.00, 10, 10, NULL, NULL),
('route-35', 129, 'fishing_good', 40.00, 20, 20, NULL, NULL),
('route-35', 129, 'fishing_super', 20.00, 40, 40, NULL, NULL),
('route-35', 132, 'walking', 4.00, 10, 10, NULL, NULL),
('route-35', 163, 'walking', 5.00, 14, 14, 'Night', NULL),
('route-35', 193, 'walking', 40.00, 12, 12, 'Swarm', NULL),
('route-35', 193, 'walking', 1.00, 12, 12, NULL, NULL),
('route-35', 264, 'walking', 20.00, 14, 14, 'Hoenn Sound', NULL),
('route-35', 293, 'walking', 20.00, 12, 12, 'Hoenn Sound', NULL),
('route-35', 399, 'walking', 20.00, 14, 14, 'Sinnoh Sound', NULL),
('route-35', 418, 'walking', 20.00, 12, 12, 'Sinnoh Sound', NULL),
('national-park', 13, 'walking', 50.00, 10, 12, 'Morning', NULL),
('national-park', 13, 'walking', 30.00, 10, 10, 'Day', NULL),
('national-park', 14, 'walking', 30.00, 10, 10, 'Morning', NULL),
('national-park', 14, 'walking', 30.00, 10, 10, 'Day', NULL),
('national-park', 16, 'walking', 20.00, 10, 14, 'Morning', NULL),
('national-park', 16, 'walking', 15.00, 12, 14, 'Day', NULL),
('national-park', 163, 'walking', 100.00, 10, 14, 'Night', NULL),
('national-park', 191, 'walking', 25.00, 10, 12, 'Day', NULL),
('national-park', 311, 'walking', 20.00, 10, 10, 'Hoenn Sound', NULL),
('national-park', 312, 'walking', 20.00, 12, 12, 'Hoenn Sound', NULL),
('national-park', 403, 'walking', 40.00, 10, 12, 'Sinnoh Sound', NULL),
('route-36', 16, 'walking', 25.00, 12, 15, 'Morning', NULL),
('route-36', 16, 'walking', 20.00, 13, 13, 'Day', NULL),
('route-36', 29, 'walking', 20.00, 12, 12, NULL, NULL),
('route-36', 29, 'walking', 10.00, 12, 12, 'Day', NULL),
('route-36', 29, 'walking', 10.00, 12, 12, 'Night', NULL),
('route-36', 29, 'walking', 10.00, 13, 13, 'Morning', NULL),
('route-36', 32, 'walking', 20.00, 12, 12, NULL, NULL),
('route-36', 32, 'walking', 10.00, 12, 12, 'Day', NULL),
('route-36', 32, 'walking', 10.00, 12, 12, 'Night', NULL),
('route-36', 32, 'walking', 10.00, 13, 13, 'Morning', NULL),
('route-36', 37, 'walking', 10.00, 13, 13, NULL, NULL),
('route-36', 37, 'walking', 5.00, 15, 15, 'Day', NULL),
('route-36', 163, 'walking', 25.00, 13, 15, 'Night', NULL),
('route-36', 234, 'walking', 5.00, 13, 13, NULL, NULL),
('route-36', 311, 'walking', 20.00, 12, 12, 'Hoenn Sound', NULL),
('route-36', 312, 'walking', 20.00, 13, 13, 'Hoenn Sound', NULL),
('route-36', 403, 'walking', 40.00, 12, 13, 'Sinnoh Sound', NULL),
('route-37', 16, 'walking', 50.00, 13, 15, 'Day', NULL),
('route-37', 16, 'walking', 20.00, 15, 15, 'Morning', NULL),
('route-37', 17, 'walking', 5.00, 15, 15, 'Day', NULL),
('route-37', 37, 'walking', 10.00, 14, 14, NULL, NULL),
('route-37', 37, 'walking', 5.00, 15, 15, 'Day', NULL),
('route-37', 163, 'walking', 60.00, 13, 15, 'Night', NULL),
('route-37', 165, 'walking', 40.00, 13, 15, 'Morning', NULL),
('route-37', 234, 'walking', 30.00, 15, 15, NULL, NULL),
('route-37', 311, 'walking', 20.00, 13, 15, 'Hoenn Sound', NULL),
('route-37', 312, 'walking', 20.00, 15, 15, 'Hoenn Sound', NULL),
('route-37', 403, 'walking', 40.00, 13, 15, 'Sinnoh Sound', NULL),
('burned-tower', 19, 'walking', 80.00, 13, 15, NULL, NULL),
('burned-tower', 20, 'walking', 5.00, 15, 15, NULL, NULL),
('burned-tower', 41, 'walking', 15.00, 14, 15, NULL, NULL),
('burned-tower', 109, 'walking', 85.00, 14, 16, NULL, NULL),
('burned-tower', 263, 'walking', 40.00, 13, 14, 'Hoenn Sound', NULL),
('burned-tower', 307, 'walking', 40.00, 15, 16, 'Sinnoh Sound', NULL),
('burned-tower', 327, 'walking', 40.00, 15, 16, 'Hoenn Sound', NULL),
('burned-tower', 441, 'walking', 40.00, 13, 14, 'Sinnoh Sound', NULL),
('burned-tower', 19, 'walking', 10.00, 16, 16, 'Morning', NULL),
('burned-tower', 19, 'walking', 10.00, 16, 16, 'Night', NULL),
('burned-tower', 19, 'walking', 5.00, 14, 14, 'Day', NULL),
('burned-tower', 126, 'walking', 10.00, 16, 16, 'Day', NULL),
('burned-tower', 126, 'walking', 5.00, 14, 14, 'Morning', NULL),
('burned-tower', 126, 'walking', 5.00, 14, 14, 'Night', NULL),
('route-38', 20, 'walking', 30.00, 16, 16, NULL, NULL),
('route-38', 52, 'walking', 20.00, 16, 16, NULL, NULL),
('route-38', 52, 'walking', 10.00, 16, 16, 'Day', NULL),
('route-38', 52, 'walking', 20.00, 16, 16, 'Night', NULL),
('route-38', 52, 'walking', 10.00, 16, 16, 'Morning', NULL),
('route-38', 81, 'walking', 20.00, 16, 16, NULL, NULL),
('route-38', 83, 'walking', 10.00, 16, 16, 'Morning', NULL),
('route-38', 83, 'walking', 10.00, 16, 16, 'Day', NULL),
('route-38', 128, 'walking', 4.00, 13, 13, NULL, NULL),
('route-38', 209, 'walking', 40.00, 16, 16, 'Swarm', NULL),
('route-38', 209, 'walking', 1.00, 13, 13, NULL, NULL),
('route-38', 241, 'walking', 5.00, 13, 13, NULL, NULL),
('route-38', 311, 'walking', 20.00, 16, 16, 'Hoenn Sound', NULL),
('route-38', 312, 'walking', 20.00, 16, 16, 'Hoenn Sound', NULL),
('route-38', 403, 'walking', 40.00, 16, 16, 'Sinnoh Sound', NULL),
('route-39', 20, 'walking', 30.00, 17, 17, NULL, NULL),
('route-39', 52, 'walking', 20.00, 16, 16, NULL, NULL),
('route-39', 52, 'walking', 10.00, 16, 16, 'Day', NULL),
('route-39', 52, 'walking', 20.00, 16, 16, 'Night', NULL),
('route-39', 52, 'walking', 10.00, 16, 16, 'Morning', NULL),
('route-39', 81, 'walking', 20.00, 16, 16, NULL, NULL),
('route-39', 83, 'walking', 10.00, 16, 16, 'Morning', NULL),
('route-39', 83, 'walking', 10.00, 16, 16, 'Day', NULL),
('route-39', 128, 'walking', 5.00, 15, 15, NULL, NULL),
('route-39', 241, 'walking', 5.00, 15, 15, NULL, NULL),
('route-39', 311, 'walking', 20.00, 16, 17, 'Hoenn Sound', NULL),
('route-39', 312, 'walking', 20.00, 16, 16, 'Hoenn Sound', NULL),
('route-39', 403, 'walking', 40.00, 16, 17, 'Sinnoh Sound', NULL),
('route-40', 72, 'surfing', 90.00, 10, 25, NULL, NULL),
('route-40', 73, 'surfing', 10.00, 15, 25, NULL, NULL),
('route-40', 98, 'fishing_old', 15.00, 10, 10, NULL, NULL),
('route-40', 98, 'fishing_good', 50.00, 20, 20, NULL, NULL),
('route-40', 98, 'fishing_super', 60.00, 40, 40, NULL, NULL),
('route-40', 99, 'fishing_super', 10.00, 40, 40, NULL, NULL),
('route-40', 120, 'fishing_good', 10.00, 20, 20, 'Night', NULL),
('route-40', 120, 'fishing_super', 30.00, 40, 40, 'Night', NULL),
('route-40', 129, 'fishing_old', 85.00, 10, 10, NULL, NULL),
('route-40', 129, 'fishing_good', 40.00, 20, 20, NULL, NULL),
('route-40', 222, 'fishing_good', 10.00, 20, 20, 'Morning', NULL),
('route-40', 222, 'fishing_good', 10.00, 20, 20, 'Day', NULL),
('route-40', 222, 'fishing_super', 30.00, 40, 40, 'Morning', NULL),
('route-40', 222, 'fishing_super', 30.00, 40, 40, 'Day', NULL),
('route-41', 72, 'surfing', 90.00, 10, 25, NULL, NULL),
('route-41', 72, 'fishing_old', 15.00, 10, 10, NULL, NULL),
('route-41', 72, 'fishing_good', 30.00, 20, 20, NULL, NULL),
('route-41', 73, 'surfing', 10.00, 15, 25, NULL, NULL),
('route-41', 73, 'fishing_super', 20.00, 40, 40, NULL, NULL),
('route-41', 90, 'fishing_good', 10.00, 20, 20, NULL, NULL),
('route-41', 90, 'fishing_super', 30.00, 40, 40, NULL, NULL),
('route-41', 129, 'fishing_old', 85.00, 10, 10, NULL, NULL),
('route-41', 129, 'fishing_good', 40.00, 20, 20, NULL, NULL),
('route-41', 170, 'fishing_good', 20.00, 20, 20, NULL, NULL),
('route-41', 170, 'fishing_super', 40.00, 40, 40, NULL, NULL),
('route-41', 171, 'fishing_super', 10.00, 40, 40, NULL, NULL),
('route-42', 21, 'walking', 40.00, 14, 16, 'Morning', NULL),
('route-42', 21, 'walking', 40.00, 14, 16, 'Day', NULL),
('route-42', 41, 'walking', 40.00, 14, 16, 'Night', NULL),
('route-42', 118, 'surfing', 90.00, 10, 25, NULL, NULL),
('route-42', 118, 'fishing_old', 15.00, 10, 10, NULL, NULL),
('route-42', 118, 'fishing_good', 60.00, 20, 20, NULL, NULL),
('route-42', 118, 'fishing_super', 70.00, 40, 40, NULL, NULL),
('route-42', 119, 'surfing', 10.00, 15, 25, NULL, NULL),
('route-42', 119, 'fishing_super', 10.00, 40, 40, NULL, NULL),
('route-42', 129, 'fishing_old', 85.00, 10, 10, NULL, NULL),
('route-42', 129, 'fishing_good', 40.00, 20, 20, NULL, NULL),
('route-42', 129, 'fishing_super', 20.00, 40, 40, NULL, NULL),
('route-42', 179, 'walking', 50.00, 13, 15, NULL, NULL),
('route-42', 180, 'walking', 10.00, 15, 17, NULL, NULL),
('route-42', 264, 'walking', 20.00, 15, 15, 'Hoenn Sound', NULL),
('route-42', 293, 'walking', 20.00, 13, 14, 'Hoenn Sound', NULL),
('route-42', 399, 'walking', 20.00, 15, 15, 'Sinnoh Sound', NULL),
('route-42', 418, 'walking', 20.00, 13, 14, 'Sinnoh Sound', NULL),
('mt-mortar', 19, 'walking', 44.00, 14, 16, NULL, NULL),
('mt-mortar', 41, 'walking', 125.00, 13, 17, NULL, NULL),
('mt-mortar', 66, 'walking', 70.00, 13, 28, NULL, NULL),
('mt-mortar', 74, 'walking', 80.00, 13, 31, NULL, NULL),
('mt-mortar', 118, 'surfing', 270.00, 10, 30, NULL, NULL),
('mt-mortar', 118, 'fishing_old', 45.00, 10, 10, NULL, NULL),
('mt-mortar', 118, 'fishing_good', 180.00, 20, 20, NULL, NULL),
('mt-mortar', 118, 'fishing_super', 210.00, 40, 40, NULL, NULL),
('mt-mortar', 119, 'surfing', 30.00, 15, 30, NULL, NULL),
('mt-mortar', 119, 'fishing_super', 30.00, 40, 40, NULL, NULL),
('mt-mortar', 129, 'fishing_old', 255.00, 10, 10, NULL, NULL),
('mt-mortar', 129, 'fishing_good', 120.00, 20, 20, NULL, NULL),
('mt-mortar', 129, 'fishing_super', 60.00, 40, 40, NULL, NULL),
('mt-mortar', 183, 'walking', 40.00, 13, 15, 'Swarm', NULL),
('mt-mortar', 183, 'walking', 1.00, 15, 15, NULL, NULL),
('mt-mortar', 296, 'walking', 80.00, 14, 31, 'Hoenn Sound', NULL),
('mt-mortar', 359, 'walking', 80.00, 13, 32, 'Hoenn Sound', NULL),
('mt-mortar', 433, 'walking', 80.00, 14, 31, 'Sinnoh Sound', NULL),
('mt-mortar', 436, 'walking', 80.00, 13, 32, 'Sinnoh Sound', NULL),
('mt-mortar', 20, 'walking', 15.00, 16, 30, NULL, NULL),
('mt-mortar', 42, 'walking', 5.00, 30, 30, NULL, NULL),
('mt-mortar', 67, 'walking', 30.00, 32, 32, NULL, NULL),
('mt-mortar', 75, 'walking', 30.00, 31, 31, NULL, NULL),
('mt-mortar', 236, 'gift', 100.00, 10, 10, NULL, NULL),
('route-43', 17, 'walking', 25.00, 17, 17, 'Morning', NULL),
('route-43', 17, 'walking', 20.00, 17, 17, 'Day', NULL),
('route-43', 48, 'walking', 15.00, 15, 17, 'Night', NULL),
('route-43', 48, 'walking', 5.00, 16, 16, 'Morning', NULL),
('route-43', 60, 'fishing_old', 15.00, 10, 10, NULL, NULL),
('route-43', 60, 'fishing_good', 60.00, 20, 20, NULL, NULL),
('route-43', 60, 'fishing_super', 80.00, 40, 40, NULL, NULL),
('route-43', 129, 'surfing', 100.00, 5, 50, NULL, NULL),
('route-43', 129, 'fishing_old', 85.00, 10, 10, NULL, NULL),
('route-43', 129, 'fishing_good', 40.00, 20, 20, NULL, NULL),
('route-43', 129, 'fishing_super', 20.00, 40, 40, NULL, NULL),
('route-43', 164, 'walking', 20.00, 17, 17, 'Night', NULL),
('route-43', 179, 'walking', 10.00, 15, 15, 'Morning', NULL),
('route-43', 179, 'walking', 10.00, 15, 15, 'Day', NULL),
('route-43', 179, 'walking', 5.00, 16, 16, 'Night', NULL),
('route-43', 180, 'walking', 30.00, 15, 15, NULL, NULL),
('route-43', 180, 'walking', 10.00, 16, 17, 'Day', NULL),
('route-43', 203, 'walking', 30.00, 15, 15, NULL, NULL),
('route-43', 264, 'walking', 20.00, 17, 17, 'Hoenn Sound', NULL),
('route-43', 293, 'walking', 20.00, 15, 15, 'Hoenn Sound', NULL),
('route-43', 399, 'walking', 20.00, 17, 17, 'Sinnoh Sound', NULL),
('route-43', 418, 'walking', 20.00, 15, 15, 'Sinnoh Sound', NULL),
('lake-of-rage', 129, 'surfing', 90.00, 5, 20, NULL, NULL),
('lake-of-rage', 129, 'fishing_old', 100.00, 10, 10, NULL, NULL),
('lake-of-rage', 129, 'fishing_good', 90.00, 20, 20, NULL, NULL),
('lake-of-rage', 129, 'fishing_super', 70.00, 40, 40, NULL, NULL),
('lake-of-rage', 130, 'surfing', 10.00, 10, 20, NULL, NULL),
('lake-of-rage', 130, 'fishing_good', 10.00, 20, 20, NULL, NULL),
('lake-of-rage', 130, 'fishing_super', 30.00, 40, 40, NULL, NULL),
('lake-of-rage', 130, 'static', 100.00, 30, 30, NULL, NULL),
('route-44', 60, 'surfing', 90.00, 15, 30, NULL, NULL),
('route-44', 60, 'fishing_old', 15.00, 10, 10, NULL, NULL),
('route-44', 60, 'fishing_good', 55.00, 20, 20, NULL, NULL),
('route-44', 60, 'fishing_super', 70.00, 40, 40, NULL, NULL),
('route-44', 61, 'surfing', 10.00, 20, 30, NULL, NULL),
('route-44', 69, 'walking', 20.00, 22, 22, NULL, NULL),
('route-44', 70, 'walking', 35.00, 22, 24, NULL, NULL),
('route-44', 108, 'walking', 15.00, 24, 26, NULL, NULL),
('route-44', 114, 'walking', 30.00, 23, 23, NULL, NULL),
('route-44', 129, 'fishing_old', 85.00, 10, 10, NULL, NULL),
('route-44', 129, 'fishing_good', 40.00, 20, 20, NULL, NULL),
('route-44', 129, 'fishing_super', 20.00, 40, 40, NULL, NULL),
('route-44', 223, 'fishing_old', 15.00, 10, 10, 'Swarm', NULL),
('route-44', 223, 'fishing_good', 65.00, 20, 20, 'Swarm', NULL),
('route-44', 223, 'fishing_good', 5.00, 20, 20, NULL, NULL),
('route-44', 223, 'fishing_super', 90.00, 40, 40, 'Swarm', NULL),
('route-44', 223, 'fishing_super', 10.00, 40, 40, NULL, NULL),
('route-44', 264, 'walking', 20.00, 22, 22, 'Hoenn Sound', NULL),
('route-44', 293, 'walking', 20.00, 22, 23, 'Hoenn Sound', NULL),
('route-44', 399, 'walking', 20.00, 22, 22, 'Sinnoh Sound', NULL),
('route-44', 418, 'walking', 20.00, 22, 23, 'Sinnoh Sound', NULL),
('ice-path', 41, 'walking', 20.00, 22, 23, 'Morning', NULL),
('ice-path', 41, 'walking', 20.00, 22, 23, 'Night', NULL),
('ice-path', 42, 'walking', 120.00, 22, 23, NULL, NULL),
('ice-path', 124, 'walking', 20.00, 22, 23, 'Day', NULL),
('ice-path', 124, 'walking', 20.00, 22, 23, NULL, NULL),
('ice-path', 220, 'walking', 160.00, 21, 24, NULL, NULL),
('ice-path', 225, 'walking', 80.00, 22, 23, NULL, NULL),
('ice-path', 296, 'walking', 80.00, 22, 23, 'Hoenn Sound', NULL),
('ice-path', 359, 'walking', 80.00, 21, 23, 'Hoenn Sound', NULL),
('ice-path', 433, 'walking', 80.00, 22, 23, 'Sinnoh Sound', NULL),
('ice-path', 436, 'walking', 80.00, 21, 23, 'Sinnoh Sound', NULL),
('dragons-den', 129, 'surfing', 90.00, 5, 20, NULL, NULL),
('dragons-den', 129, 'fishing_old', 100.00, 10, 10, NULL, NULL),
('dragons-den', 129, 'fishing_good', 90.00, 20, 20, NULL, NULL),
('dragons-den', 129, 'fishing_super', 60.00, 40, 40, NULL, NULL),
('dragons-den', 147, 'surfing', 10.00, 5, 15, NULL, NULL),
('dragons-den', 147, 'fishing_good', 10.00, 20, 20, NULL, NULL),
('dragons-den', 147, 'fishing_super', 30.00, 40, 40, NULL, NULL),
('dragons-den', 147, 'gift', 100.00, 15, 15, NULL, NULL),
('dragons-den', 147, 'gift', 100.00, 15, 15, 'story-progress-receive-tm-from-claire', NULL),
('dragons-den', 148, 'fishing_super', 10.00, 40, 40, NULL, NULL),
('route-45', 60, 'fishing_old', 15.00, 10, 10, NULL, NULL),
('route-45', 60, 'fishing_good', 60.00, 20, 20, NULL, NULL),
('route-45', 60, 'fishing_super', 80.00, 40, 40, NULL, NULL),
('route-45', 74, 'walking', 30.00, 23, 23, NULL, NULL),
('route-45', 75, 'walking', 55.00, 23, 25, NULL, NULL),
('route-45', 129, 'surfing', 100.00, 2, 25, NULL, NULL),
('route-45', 129, 'fishing_old', 85.00, 10, 10, NULL, NULL),
('route-45', 129, 'fishing_good', 40.00, 20, 20, NULL, NULL),
('route-45', 129, 'fishing_super', 20.00, 40, 40, NULL, NULL),
('route-45', 216, 'walking', 10.00, 20, 20, NULL, NULL),
('route-45', 227, 'walking', 5.00, 27, 27, NULL, NULL),
('route-45', 264, 'walking', 20.00, 24, 24, 'Hoenn Sound', NULL),
('route-45', 293, 'walking', 20.00, 23, 23, 'Hoenn Sound', NULL),
('route-45', 333, 'walking', 40.00, 23, 23, 'Swarm', NULL),
('route-45', 399, 'walking', 20.00, 24, 24, 'Sinnoh Sound', NULL),
('route-45', 418, 'walking', 20.00, 23, 23, 'Sinnoh Sound', NULL),
('dark-cave-blackthorn', 41, 'walking', 30.00, 23, 23, NULL, NULL),
('dark-cave-blackthorn', 42, 'walking', 5.00, 23, 23, NULL, NULL),
('dark-cave-blackthorn', 74, 'walking', 30.00, 23, 23, NULL, NULL),
('dark-cave-blackthorn', 75, 'walking', 20.00, 25, 25, NULL, NULL),
('dark-cave-blackthorn', 118, 'fishing_old', 15.00, 10, 10, NULL, NULL),
('dark-cave-blackthorn', 118, 'fishing_good', 60.00, 20, 20, NULL, NULL),
('dark-cave-blackthorn', 118, 'fishing_super', 70.00, 40, 40, NULL, NULL),
('dark-cave-blackthorn', 119, 'fishing_super', 10.00, 40, 40, NULL, NULL),
('dark-cave-blackthorn', 129, 'surfing', 100.00, 2, 20, NULL, NULL),
('dark-cave-blackthorn', 129, 'fishing_old', 85.00, 10, 10, NULL, NULL),
('dark-cave-blackthorn', 129, 'fishing_good', 40.00, 20, 20, NULL, NULL),
('dark-cave-blackthorn', 129, 'fishing_super', 20.00, 40, 40, NULL, NULL),
('dark-cave-blackthorn', 202, 'walking', 15.00, 20, 25, NULL, NULL),
('dark-cave-blackthorn', 296, 'walking', 20.00, 25, 25, 'Hoenn Sound', NULL),
('dark-cave-blackthorn', 359, 'walking', 20.00, 23, 23, 'Hoenn Sound', NULL),
('dark-cave-blackthorn', 433, 'walking', 20.00, 25, 25, 'Sinnoh Sound', NULL),
('dark-cave-blackthorn', 436, 'walking', 20.00, 23, 23, 'Sinnoh Sound', NULL),
('whirl-islands', 41, 'walking', 120.00, 23, 24, NULL, NULL),
('whirl-islands', 42, 'walking', 20.00, 23, 24, NULL, NULL),
('whirl-islands', 72, 'surfing', 60.00, 15, 25, NULL, NULL),
('whirl-islands', 73, 'surfing', 40.00, 15, 25, NULL, NULL),
('whirl-islands', 86, 'walking', 60.00, 22, 25, NULL, NULL),
('whirl-islands', 98, 'walking', 200.00, 22, 25, NULL, NULL),
('whirl-islands', 98, 'fishing_old', 30.00, 10, 10, NULL, NULL),
('whirl-islands', 98, 'fishing_good', 100.00, 20, 20, NULL, NULL),
('whirl-islands', 98, 'fishing_super', 80.00, 40, 40, NULL, NULL),
('whirl-islands', 99, 'fishing_super', 40.00, 40, 40, NULL, NULL),
('whirl-islands', 116, 'surfing', 90.00, 10, 25, NULL, NULL),
('whirl-islands', 116, 'fishing_good', 20.00, 20, 20, NULL, NULL),
('whirl-islands', 116, 'fishing_super', 60.00, 40, 40, NULL, NULL),
('whirl-islands', 117, 'fishing_super', 20.00, 40, 40, NULL, NULL),
('whirl-islands', 129, 'fishing_old', 170.00, 10, 10, NULL, NULL),
('whirl-islands', 129, 'fishing_good', 80.00, 20, 20, NULL, NULL),
('whirl-islands', 296, 'walking', 80.00, 24, 25, 'Hoenn Sound', NULL),
('whirl-islands', 359, 'walking', 80.00, 22, 24, 'Hoenn Sound', NULL),
('whirl-islands', 433, 'walking', 80.00, 24, 25, 'Sinnoh Sound', NULL),
('whirl-islands', 436, 'walking', 80.00, 22, 24, 'Sinnoh Sound', NULL),
('whirl-islands', 117, 'surfing', 10.00, 15, 30, NULL, NULL),
('whirl-islands', 249, 'static', 100.00, 45, 45, NULL, NULL),
('route-27', 20, 'walking', 20.00, 30, 30, 'Morning', NULL),
('route-27', 20, 'walking', 20.00, 30, 30, 'Day', NULL),
('route-27', 20, 'walking', 10.00, 30, 30, 'Night', NULL),
('route-27', 24, 'walking', 30.00, 28, 28, NULL, NULL),
('route-27', 72, 'surfing', 90.00, 15, 20, NULL, NULL),
('route-27', 72, 'fishing_old', 15.00, 10, 10, NULL, NULL),
('route-27', 72, 'fishing_good', 30.00, 20, 20, NULL, NULL),
('route-27', 73, 'surfing', 10.00, 20, 20, NULL, NULL),
('route-27', 73, 'fishing_super', 20.00, 40, 40, NULL, NULL),
('route-27', 77, 'walking', 5.00, 32, 32, NULL, NULL),
('route-27', 84, 'walking', 40.00, 28, 30, 'Morning', NULL),
('route-27', 84, 'walking', 40.00, 28, 30, 'Day', NULL),
('route-27', 85, 'walking', 5.00, 30, 30, 'Morning', NULL),
('route-27', 85, 'walking', 5.00, 30, 30, 'Day', NULL),
('route-27', 90, 'fishing_good', 10.00, 20, 20, NULL, NULL),
('route-27', 90, 'fishing_super', 30.00, 40, 40, NULL, NULL),
('route-27', 129, 'fishing_old', 85.00, 10, 10, NULL, NULL),
('route-27', 129, 'fishing_good', 40.00, 20, 20, NULL, NULL),
('route-27', 170, 'fishing_good', 20.00, 20, 20, NULL, NULL),
('route-27', 170, 'fishing_super', 40.00, 40, 40, NULL, NULL),
('route-27', 171, 'fishing_super', 10.00, 40, 40, NULL, NULL),
('route-27', 195, 'walking', 55.00, 28, 30, 'Night', NULL),
('route-27', 264, 'walking', 20.00, 30, 30, 'Hoenn Sound', NULL),
('route-27', 293, 'walking', 20.00, 28, 28, 'Hoenn Sound', NULL),
('route-27', 370, 'surfing', 60.00, 20, 20, 'Swarm', NULL),
('route-27', 399, 'walking', 20.00, 30, 30, 'Sinnoh Sound', NULL),
('route-27', 418, 'walking', 20.00, 28, 28, 'Sinnoh Sound', NULL),
('tohjo-falls', 19, 'walking', 5.00, 20, 20, NULL, NULL),
('tohjo-falls', 20, 'walking', 30.00, 22, 22, NULL, NULL),
('tohjo-falls', 41, 'walking', 30.00, 22, 22, NULL, NULL),
('tohjo-falls', 42, 'walking', 20.00, 22, 22, NULL, NULL),
('tohjo-falls', 79, 'walking', 15.00, 21, 23, NULL, NULL),
('tohjo-falls', 79, 'surfing', 30.00, 20, 20, NULL, NULL),
('tohjo-falls', 118, 'surfing', 60.00, 20, 20, NULL, NULL),
('tohjo-falls', 118, 'fishing_old', 15.00, 10, 10, NULL, NULL),
('tohjo-falls', 118, 'fishing_good', 60.00, 20, 20, NULL, NULL),
('tohjo-falls', 118, 'fishing_super', 70.00, 40, 40, NULL, NULL),
('tohjo-falls', 119, 'surfing', 10.00, 20, 20, NULL, NULL),
('tohjo-falls', 119, 'fishing_super', 10.00, 40, 40, NULL, NULL),
('tohjo-falls', 129, 'fishing_old', 85.00, 10, 10, NULL, NULL),
('tohjo-falls', 129, 'fishing_good', 40.00, 20, 20, NULL, NULL),
('tohjo-falls', 129, 'fishing_super', 20.00, 40, 40, NULL, NULL),
('tohjo-falls', 296, 'walking', 20.00, 22, 22, 'Hoenn Sound', NULL),
('tohjo-falls', 359, 'walking', 20.00, 22, 22, 'Hoenn Sound', NULL),
('tohjo-falls', 433, 'walking', 20.00, 22, 22, 'Sinnoh Sound', NULL),
('tohjo-falls', 436, 'walking', 20.00, 22, 22, 'Sinnoh Sound', NULL),
('route-26', 20, 'walking', 30.00, 28, 28, 'Night', NULL),
('route-26', 20, 'walking', 30.00, 28, 28, NULL, NULL),
('route-26', 20, 'walking', 5.00, 30, 30, 'Morning', NULL),
('route-26', 20, 'walking', 5.00, 30, 30, 'Day', NULL),
('route-26', 24, 'walking', 5.00, 30, 30, NULL, NULL),
('route-26', 72, 'surfing', 90.00, 25, 30, NULL, NULL),
('route-26', 72, 'fishing_old', 15.00, 10, 10, NULL, NULL),
('route-26', 72, 'fishing_good', 30.00, 20, 20, NULL, NULL),
('route-26', 73, 'surfing', 10.00, 30, 30, NULL, NULL),
('route-26', 73, 'fishing_super', 20.00, 40, 40, NULL, NULL),
('route-26', 77, 'walking', 20.00, 32, 32, NULL, NULL),
('route-26', 84, 'walking', 30.00, 28, 28, 'Morning', NULL),
('route-26', 84, 'walking', 30.00, 28, 28, 'Day', NULL),
('route-26', 84, 'walking', 10.00, 30, 30, NULL, NULL),
('route-26', 90, 'fishing_good', 10.00, 20, 20, NULL, NULL),
('route-26', 90, 'fishing_super', 30.00, 40, 40, NULL, NULL),
('route-26', 129, 'fishing_old', 85.00, 10, 10, NULL, NULL),
('route-26', 129, 'fishing_good', 40.00, 20, 20, NULL, NULL),
('route-26', 170, 'fishing_good', 20.00, 20, 20, NULL, NULL),
('route-26', 170, 'fishing_super', 40.00, 40, 40, NULL, NULL),
('route-26', 171, 'fishing_super', 10.00, 40, 40, NULL, NULL),
('route-26', 195, 'walking', 5.00, 30, 30, 'Night', NULL),
('route-26', 264, 'walking', 20.00, 32, 32, 'Hoenn Sound', NULL),
('route-26', 293, 'walking', 20.00, 28, 28, 'Hoenn Sound', NULL),
('route-26', 399, 'walking', 20.00, 32, 32, 'Sinnoh Sound', NULL),
('route-26', 418, 'walking', 20.00, 28, 28, 'Sinnoh Sound', NULL),
('route-6', 16, 'walking', 30.00, 13, 13, 'Morning', NULL),
('route-6', 16, 'walking', 30.00, 13, 13, 'Day', NULL),
('route-6', 43, 'walking', 30.00, 13, 13, 'Night', NULL),
('route-6', 52, 'walking', 30.00, 13, 13, 'Night', NULL),
('route-6', 52, 'walking', 20.00, 14, 14, 'Morning', NULL),
('route-6', 52, 'walking', 20.00, 14, 14, 'Day', NULL),
('route-6', 54, 'surfing', 90.00, 5, 10, NULL, NULL),
('route-6', 55, 'surfing', 10.00, 10, 10, NULL, NULL),
('route-6', 60, 'fishing_old', 15.00, 10, 10, NULL, NULL),
('route-6', 60, 'fishing_good', 60.00, 20, 20, NULL, NULL),
('route-6', 60, 'fishing_super', 80.00, 40, 40, NULL, NULL),
('route-6', 63, 'walking', 10.00, 12, 14, NULL, NULL),
('route-6', 69, 'walking', 30.00, 13, 13, 'Morning', NULL),
('route-6', 69, 'walking', 30.00, 13, 13, 'Day', NULL),
('route-6', 69, 'walking', 20.00, 14, 14, 'Night', NULL),
('route-6', 81, 'walking', 10.00, 15, 15, NULL, NULL),
('route-6', 129, 'fishing_old', 85.00, 10, 10, NULL, NULL),
('route-6', 129, 'fishing_good', 40.00, 20, 20, NULL, NULL),
('route-6', 129, 'fishing_super', 20.00, 40, 40, NULL, NULL),
('route-6', 264, 'walking', 20.00, 14, 14, 'Hoenn Sound', NULL),
('route-6', 293, 'walking', 20.00, 13, 13, 'Hoenn Sound', NULL),
('route-6', 399, 'walking', 20.00, 14, 14, 'Sinnoh Sound', NULL),
('route-6', 418, 'walking', 20.00, 13, 13, 'Sinnoh Sound', NULL),
('route-5', 16, 'walking', 40.00, 13, 15, 'Morning', NULL),
('route-5', 16, 'walking', 40.00, 13, 15, 'Day', NULL),
('route-5', 43, 'walking', 30.00, 13, 13, 'Night', NULL),
('route-5', 44, 'walking', 10.00, 15, 15, 'Night', NULL),
('route-5', 52, 'walking', 30.00, 13, 13, 'Night', NULL),
('route-5', 52, 'walking', 20.00, 14, 14, 'Morning', NULL),
('route-5', 52, 'walking', 20.00, 14, 14, 'Day', NULL),
('route-5', 63, 'walking', 10.00, 12, 14, NULL, NULL),
('route-5', 69, 'walking', 30.00, 13, 13, 'Morning', NULL),
('route-5', 69, 'walking', 30.00, 13, 13, 'Day', NULL),
('route-5', 69, 'walking', 20.00, 14, 14, 'Night', NULL),
('route-5', 311, 'walking', 20.00, 13, 13, 'Hoenn Sound', NULL),
('route-5', 312, 'walking', 20.00, 14, 14, 'Hoenn Sound', NULL),
('route-5', 403, 'walking', 40.00, 13, 14, 'Sinnoh Sound', NULL),
('route-24', 43, 'walking', 30.00, 10, 10, 'Night', NULL),
('route-24', 48, 'walking', 30.00, 8, 8, 'Night', NULL),
('route-24', 48, 'walking', 5.00, 8, 8, 'Morning', NULL),
('route-24', 49, 'walking', 5.00, 14, 14, 'Night', NULL),
('route-24', 63, 'walking', 20.00, 9, 9, NULL, NULL),
('route-24', 69, 'walking', 60.00, 8, 10, 'Morning', NULL),
('route-24', 69, 'walking', 35.00, 8, 8, 'Day', NULL),
('route-24', 69, 'walking', 5.00, 8, 8, 'Night', NULL),
('route-24', 70, 'walking', 10.00, 12, 12, NULL, NULL),
('route-24', 70, 'walking', 5.00, 14, 14, 'Morning', NULL),
('route-24', 70, 'walking', 5.00, 14, 14, 'Day', NULL),
('route-24', 118, 'surfing', 90.00, 5, 10, NULL, NULL),
('route-24', 118, 'fishing_old', 15.00, 10, 10, NULL, NULL),
('route-24', 118, 'fishing_good', 60.00, 20, 20, NULL, NULL),
('route-24', 118, 'fishing_super', 70.00, 40, 40, NULL, NULL),
('route-24', 119, 'surfing', 10.00, 10, 10, NULL, NULL),
('route-24', 119, 'fishing_super', 10.00, 40, 40, NULL, NULL),
('route-24', 129, 'fishing_old', 85.00, 10, 10, NULL, NULL),
('route-24', 129, 'fishing_good', 40.00, 20, 20, NULL, NULL),
('route-24', 129, 'fishing_super', 20.00, 40, 40, NULL, NULL),
('route-24', 191, 'walking', 30.00, 10, 10, 'Day', NULL),
('route-24', 264, 'walking', 20.00, 9, 9, 'Hoenn Sound', NULL),
('route-24', 293, 'walking', 20.00, 8, 10, 'Hoenn Sound', NULL),
('route-24', 399, 'walking', 20.00, 9, 9, 'Sinnoh Sound', NULL),
('route-24', 418, 'walking', 20.00, 8, 10, 'Sinnoh Sound', NULL),
('route-25', 16, 'walking', 30.00, 8, 8, 'Morning', NULL),
('route-25', 16, 'walking', 50.00, 8, 8, 'Day', NULL),
('route-25', 17, 'walking', 5.00, 10, 10, 'Morning', NULL),
('route-25', 17, 'walking', 5.00, 10, 10, 'Day', NULL),
('route-25', 43, 'walking', 30.00, 10, 10, 'Night', NULL),
('route-25', 48, 'walking', 30.00, 8, 8, 'Night', NULL),
('route-25', 48, 'walking', 20.00, 8, 8, 'Morning', NULL),
('route-25', 49, 'walking', 20.00, 8, 8, 'Night', NULL),
('route-25', 63, 'walking', 10.00, 9, 9, NULL, NULL),
('route-25', 69, 'walking', 30.00, 10, 10, 'Morning', NULL),
('route-25', 69, 'walking', 30.00, 10, 10, 'Day', NULL),
('route-25', 69, 'walking', 5.00, 14, 14, 'Night', NULL),
('route-25', 70, 'walking', 5.00, 10, 10, 'Night', NULL),
('route-25', 70, 'walking', 5.00, 14, 14, 'Morning', NULL),
('route-25', 70, 'walking', 5.00, 14, 14, 'Day', NULL),
('route-25', 118, 'surfing', 90.00, 5, 10, NULL, NULL),
('route-25', 118, 'fishing_old', 15.00, 10, 10, NULL, NULL),
('route-25', 118, 'fishing_good', 60.00, 20, 20, NULL, NULL),
('route-25', 118, 'fishing_super', 70.00, 40, 40, NULL, NULL),
('route-25', 119, 'surfing', 10.00, 10, 10, NULL, NULL),
('route-25', 119, 'fishing_super', 10.00, 40, 40, NULL, NULL),
('route-25', 129, 'fishing_old', 85.00, 10, 10, NULL, NULL),
('route-25', 129, 'fishing_good', 40.00, 20, 20, NULL, NULL),
('route-25', 129, 'fishing_super', 20.00, 40, 40, NULL, NULL),
('route-25', 245, 'static', 100.00, 40, 40, NULL, NULL),
('route-25', 264, 'walking', 20.00, 8, 8, 'Hoenn Sound', NULL),
('route-25', 293, 'walking', 20.00, 8, 10, 'Hoenn Sound', NULL),
('route-25', 399, 'walking', 20.00, 8, 8, 'Sinnoh Sound', NULL),
('route-25', 418, 'walking', 20.00, 8, 10, 'Sinnoh Sound', NULL),
('route-25', 427, 'walking', 40.00, 8, 10, 'Swarm', NULL),
('route-9', 19, 'walking', 30.00, 13, 13, NULL, NULL),
('route-9', 19, 'walking', 40.00, 15, 15, 'Night', NULL),
('route-9', 20, 'walking', 25.00, 13, 15, 'Night', NULL),
('route-9', 20, 'walking', 10.00, 15, 15, 'Morning', NULL),
('route-9', 20, 'walking', 10.00, 15, 15, 'Day', NULL),
('route-9', 20, 'walking', 5.00, 15, 15, NULL, NULL),
('route-9', 21, 'walking', 50.00, 13, 15, 'Morning', NULL),
('route-9', 21, 'walking', 50.00, 13, 15, 'Day', NULL),
('route-9', 22, 'walking', 5.00, 15, 15, 'Morning', NULL),
('route-9', 22, 'walking', 5.00, 15, 15, 'Day', NULL),
('route-9', 118, 'surfing', 90.00, 10, 15, NULL, NULL),
('route-9', 118, 'fishing_old', 15.00, 10, 10, NULL, NULL),
('route-9', 118, 'fishing_good', 60.00, 20, 20, NULL, NULL),
('route-9', 118, 'fishing_super', 70.00, 40, 40, NULL, NULL),
('route-9', 119, 'surfing', 10.00, 15, 15, NULL, NULL),
('route-9', 119, 'fishing_super', 10.00, 40, 40, NULL, NULL),
('route-9', 129, 'fishing_old', 85.00, 10, 10, NULL, NULL),
('route-9', 129, 'fishing_good', 40.00, 20, 20, NULL, NULL),
('route-9', 129, 'fishing_super', 20.00, 40, 40, NULL, NULL),
('route-9', 264, 'walking', 20.00, 13, 13, 'Hoenn Sound', NULL),
('route-9', 293, 'walking', 20.00, 13, 15, 'Hoenn Sound', NULL),
('route-9', 303, 'walking', 40.00, 13, 15, 'Swarm', NULL),
('route-9', 399, 'walking', 20.00, 13, 13, 'Sinnoh Sound', NULL),
('route-9', 418, 'walking', 20.00, 13, 15, 'Sinnoh Sound', NULL),
('route-10', 20, 'walking', 20.00, 16, 16, NULL, NULL),
('route-10', 20, 'walking', 5.00, 18, 18, 'Morning', NULL),
('route-10', 20, 'walking', 5.00, 18, 18, 'Night', NULL),
('route-10', 21, 'walking', 30.00, 16, 16, 'Morning', NULL),
('route-10', 21, 'walking', 30.00, 16, 16, 'Day', NULL),
('route-10', 22, 'walking', 10.00, 18, 18, 'Morning', NULL),
('route-10', 22, 'walking', 10.00, 18, 18, 'Day', NULL),
('route-10', 100, 'walking', 30.00, 17, 17, NULL, NULL),
('route-10', 118, 'surfing', 90.00, 10, 15, NULL, NULL),
('route-10', 118, 'fishing_old', 15.00, 10, 10, NULL, NULL),
('route-10', 118, 'fishing_good', 60.00, 20, 20, NULL, NULL),
('route-10', 118, 'fishing_super', 70.00, 40, 40, NULL, NULL),
('route-10', 119, 'surfing', 10.00, 15, 15, NULL, NULL),
('route-10', 119, 'fishing_super', 10.00, 40, 40, NULL, NULL),
('route-10', 125, 'walking', 5.00, 18, 18, 'Day', NULL),
('route-10', 125, 'walking', 5.00, 15, 15, NULL, NULL),
('route-10', 129, 'fishing_old', 85.00, 10, 10, NULL, NULL),
('route-10', 129, 'fishing_good', 40.00, 20, 20, NULL, NULL),
('route-10', 129, 'fishing_super', 20.00, 40, 40, NULL, NULL),
('route-10', 145, 'static', 100.00, 50, 50, 'story-progress-returned-machine-part', NULL),
('route-10', 195, 'walking', 40.00, 16, 18, 'Night', NULL),
('route-10', 264, 'walking', 20.00, 16, 16, 'Hoenn Sound', NULL),
('route-10', 293, 'walking', 20.00, 16, 17, 'Hoenn Sound', NULL),
('route-10', 399, 'walking', 20.00, 16, 16, 'Sinnoh Sound', NULL),
('route-10', 418, 'walking', 20.00, 16, 17, 'Sinnoh Sound', NULL),
('rock-tunnel', 41, 'walking', 20.00, 8, 10, NULL, NULL),
('rock-tunnel', 66, 'walking', 20.00, 12, 12, NULL, NULL),
('rock-tunnel', 67, 'walking', 5.00, 14, 14, NULL, NULL),
('rock-tunnel', 74, 'walking', 60.00, 10, 12, NULL, NULL),
('rock-tunnel', 104, 'walking', 65.00, 10, 13, NULL, NULL),
('rock-tunnel', 296, 'walking', 40.00, 12, 16, 'Hoenn Sound', NULL),
('rock-tunnel', 359, 'walking', 40.00, 10, 12, 'Hoenn Sound', NULL),
('rock-tunnel', 433, 'walking', 40.00, 12, 16, 'Sinnoh Sound', NULL),
('rock-tunnel', 436, 'walking', 40.00, 10, 12, 'Sinnoh Sound', NULL),
('rock-tunnel', 74, 'rock_smash', 100.00, 12, 21, NULL, NULL),
('rock-tunnel', 95, 'walking', 20.00, 16, 16, NULL, NULL),
('rock-tunnel', 105, 'walking', 5.00, 14, 14, NULL, NULL),
('rock-tunnel', 115, 'walking', 5.00, 14, 14, NULL, NULL),
('route-8', 17, 'walking', 35.00, 17, 19, 'Morning', NULL),
('route-8', 17, 'walking', 35.00, 17, 19, 'Day', NULL),
('route-8', 37, 'walking', 10.00, 18, 18, 'Morning', NULL),
('route-8', 37, 'walking', 10.00, 18, 18, 'Day', NULL),
('route-8', 37, 'walking', 5.00, 17, 17, 'Night', NULL),
('route-8', 52, 'walking', 30.00, 17, 17, NULL, NULL),
('route-8', 63, 'walking', 20.00, 15, 15, NULL, NULL),
('route-8', 64, 'walking', 5.00, 15, 15, NULL, NULL),
('route-8', 93, 'walking', 30.00, 19, 19, 'Night', NULL),
('route-8', 164, 'walking', 10.00, 18, 18, 'Night', NULL),
('route-8', 311, 'walking', 20.00, 17, 19, 'Hoenn Sound', NULL),
('route-8', 312, 'walking', 20.00, 15, 15, 'Hoenn Sound', NULL),
('route-8', 403, 'walking', 40.00, 15, 19, 'Sinnoh Sound', NULL),
('route-7', 19, 'walking', 5.00, 15, 15, 'Morning', NULL),
('route-7', 20, 'walking', 10.00, 19, 19, NULL, NULL),
('route-7', 21, 'walking', 30.00, 17, 17, 'Morning', NULL),
('route-7', 21, 'walking', 30.00, 17, 17, 'Day', NULL),
('route-7', 37, 'walking', 20.00, 18, 18, NULL, NULL),
('route-7', 37, 'walking', 5.00, 15, 15, 'Day', NULL),
('route-7', 52, 'walking', 30.00, 17, 17, NULL, NULL),
('route-7', 53, 'walking', 5.00, 19, 19, NULL, NULL),
('route-7', 198, 'walking', 30.00, 17, 17, 'Night', NULL),
('route-7', 228, 'walking', 5.00, 15, 15, 'Night', NULL),
('route-7', 311, 'walking', 20.00, 17, 17, 'Hoenn Sound', NULL),
('route-7', 312, 'walking', 20.00, 18, 18, 'Hoenn Sound', NULL),
('route-7', 403, 'walking', 40.00, 17, 18, 'Sinnoh Sound', NULL),
('route-16', 22, 'walking', 40.00, 27, 29, 'Morning', NULL),
('route-16', 22, 'walking', 40.00, 27, 29, 'Day', NULL),
('route-16', 88, 'walking', 50.00, 26, 28, NULL, NULL),
('route-16', 88, 'walking', 30.00, 27, 27, 'Night', NULL),
('route-16', 89, 'walking', 5.00, 30, 30, NULL, NULL),
('route-16', 198, 'walking', 10.00, 29, 29, 'Night', NULL),
('route-16', 218, 'walking', 5.00, 27, 27, NULL, NULL),
('route-16', 311, 'walking', 20.00, 26, 27, 'Hoenn Sound', NULL),
('route-16', 312, 'walking', 20.00, 28, 28, 'Hoenn Sound', NULL),
('route-16', 403, 'walking', 40.00, 26, 28, 'Sinnoh Sound', NULL),
('route-17', 22, 'walking', 40.00, 28, 30, 'Morning', NULL),
('route-17', 22, 'walking', 40.00, 28, 30, 'Day', NULL),
('route-17', 88, 'walking', 60.00, 27, 28, 'Night', NULL),
('route-17', 88, 'walking', 30.00, 27, 27, 'Morning', NULL),
('route-17', 88, 'walking', 20.00, 29, 29, NULL, NULL),
('route-17', 89, 'walking', 10.00, 30, 30, 'Night', NULL),
('route-17', 89, 'walking', 5.00, 32, 32, NULL, NULL),
('route-17', 218, 'walking', 30.00, 27, 27, 'Day', NULL),
('route-17', 218, 'walking', 5.00, 29, 29, NULL, NULL),
('route-17', 311, 'walking', 20.00, 27, 28, 'Hoenn Sound', NULL),
('route-17', 312, 'walking', 20.00, 29, 29, 'Hoenn Sound', NULL),
('route-17', 403, 'walking', 40.00, 27, 29, 'Sinnoh Sound', NULL),
('route-18', 22, 'walking', 40.00, 27, 29, 'Morning', NULL),
('route-18', 22, 'walking', 40.00, 27, 29, 'Day', NULL),
('route-18', 88, 'walking', 50.00, 26, 28, NULL, NULL),
('route-18', 88, 'walking', 30.00, 27, 27, 'Night', NULL),
('route-18', 89, 'walking', 10.00, 29, 29, 'Night', NULL),
('route-18', 89, 'walking', 5.00, 30, 30, NULL, NULL),
('route-18', 218, 'walking', 5.00, 27, 27, NULL, NULL),
('route-18', 311, 'walking', 20.00, 26, 27, 'Hoenn Sound', NULL),
('route-18', 312, 'walking', 20.00, 28, 28, 'Hoenn Sound', NULL),
('route-18', 403, 'walking', 40.00, 26, 28, 'Sinnoh Sound', NULL),
('route-15', 17, 'walking', 20.00, 25, 25, 'Morning', NULL),
('route-15', 17, 'walking', 20.00, 25, 25, 'Day', NULL),
('route-15', 30, 'walking', 30.00, 23, 23, NULL, NULL),
('route-15', 33, 'walking', 30.00, 23, 23, NULL, NULL),
('route-15', 113, 'walking', 1.00, 25, 25, NULL, NULL),
('route-15', 164, 'walking', 20.00, 25, 25, 'Night', NULL),
('route-15', 187, 'walking', 19.00, 22, 24, 'Morning', NULL),
('route-15', 187, 'walking', 19.00, 22, 24, 'Day', NULL),
('route-15', 195, 'walking', 19.00, 22, 24, 'Night', NULL),
('route-15', 311, 'walking', 20.00, 23, 23, 'Hoenn Sound', NULL),
('route-15', 312, 'walking', 20.00, 25, 25, 'Hoenn Sound', NULL),
('route-15', 403, 'walking', 40.00, 23, 25, 'Sinnoh Sound', NULL),
('route-14', 17, 'walking', 20.00, 25, 25, 'Morning', NULL),
('route-14', 17, 'walking', 20.00, 25, 25, 'Day', NULL),
('route-14', 30, 'walking', 30.00, 23, 23, NULL, NULL),
('route-14', 33, 'walking', 30.00, 23, 23, NULL, NULL),
('route-14', 113, 'walking', 1.00, 25, 25, NULL, NULL),
('route-14', 164, 'walking', 20.00, 25, 25, 'Night', NULL),
('route-14', 187, 'walking', 10.00, 24, 24, 'Morning', NULL),
('route-14', 187, 'walking', 10.00, 24, 24, 'Day', NULL),
('route-14', 188, 'walking', 9.00, 26, 26, 'Morning', NULL),
('route-14', 188, 'walking', 9.00, 26, 26, 'Day', NULL),
('route-14', 195, 'walking', 19.00, 24, 26, 'Night', NULL),
('route-14', 311, 'walking', 20.00, 23, 23, 'Hoenn Sound', NULL),
('route-14', 312, 'walking', 20.00, 25, 25, 'Hoenn Sound', NULL),
('route-14', 403, 'walking', 40.00, 23, 25, 'Sinnoh Sound', NULL),
('route-13', 17, 'walking', 20.00, 25, 25, 'Morning', NULL),
('route-13', 17, 'walking', 20.00, 25, 25, 'Day', NULL),
('route-13', 30, 'walking', 30.00, 23, 23, NULL, NULL),
('route-13', 33, 'walking', 30.00, 23, 23, NULL, NULL),
('route-13', 72, 'surfing', 60.00, 25, 25, NULL, NULL),
('route-13', 72, 'fishing_old', 15.00, 10, 10, NULL, NULL),
('route-13', 72, 'fishing_good', 60.00, 20, 20, NULL, NULL),
('route-13', 72, 'fishing_super', 70.00, 40, 40, NULL, NULL),
('route-13', 73, 'surfing', 10.00, 25, 25, NULL, NULL),
('route-13', 113, 'walking', 40.00, 23, 23, 'Swarm', NULL),
('route-13', 113, 'walking', 1.00, 25, 25, NULL, NULL),
('route-13', 129, 'fishing_old', 85.00, 10, 10, NULL, NULL),
('route-13', 129, 'fishing_good', 40.00, 20, 20, NULL, NULL),
('route-13', 129, 'fishing_super', 20.00, 40, 40, NULL, NULL),
('route-13', 164, 'walking', 20.00, 25, 25, 'Night', NULL),
('route-13', 187, 'walking', 19.00, 22, 24, 'Morning', NULL),
('route-13', 187, 'walking', 19.00, 22, 24, 'Day', NULL),
('route-13', 195, 'walking', 19.00, 22, 24, 'Night', NULL),
('route-13', 195, 'surfing', 30.00, 25, 25, NULL, NULL),
('route-13', 211, 'fishing_super', 10.00, 40, 40, NULL, NULL),
('route-13', 264, 'walking', 20.00, 25, 25, 'Hoenn Sound', NULL),
('route-13', 293, 'walking', 20.00, 23, 23, 'Hoenn Sound', NULL),
('route-13', 399, 'walking', 20.00, 25, 25, 'Sinnoh Sound', NULL),
('route-13', 418, 'walking', 20.00, 23, 23, 'Sinnoh Sound', NULL),
('route-12', 72, 'surfing', 60.00, 25, 25, NULL, NULL),
('route-12', 72, 'fishing_old', 15.00, 10, 10, NULL, NULL),
('route-12', 72, 'fishing_good', 60.00, 20, 20, NULL, NULL),
('route-12', 72, 'fishing_super', 70.00, 40, 40, NULL, NULL),
('route-12', 73, 'surfing', 10.00, 25, 25, NULL, NULL),
('route-12', 129, 'fishing_old', 85.00, 10, 10, NULL, NULL),
('route-12', 129, 'fishing_good', 40.00, 20, 20, NULL, NULL),
('route-12', 129, 'fishing_super', 20.00, 40, 40, NULL, NULL),
('route-12', 143, 'static', 100.00, 50, 50, 'other-snorlax-11-beat-league', NULL),
('route-12', 195, 'surfing', 30.00, 25, 25, NULL, NULL),
('route-12', 211, 'fishing_super', 10.00, 40, 40, NULL, NULL),
('route-12', 369, 'fishing_old', 15.00, 10, 10, 'Swarm', NULL),
('route-12', 369, 'fishing_good', 65.00, 20, 20, 'Swarm', NULL),
('route-12', 369, 'fishing_super', 100.00, 40, 40, 'Swarm', NULL),
('route-11', 19, 'walking', 30.00, 15, 15, NULL, NULL),
('route-11', 81, 'walking', 20.00, 15, 15, NULL, NULL),
('route-11', 96, 'walking', 40.00, 14, 16, NULL, NULL),
('route-11', 97, 'walking', 10.00, 16, 16, NULL, NULL),
('route-11', 143, 'static', 100.00, 50, 50, NULL, NULL),
('route-11', 311, 'walking', 20.00, 14, 15, 'Hoenn Sound', NULL),
('route-11', 312, 'walking', 20.00, 15, 15, 'Hoenn Sound', NULL),
('route-11', 403, 'walking', 40.00, 14, 15, 'Sinnoh Sound', NULL),
('digletts-cave', 50, 'walking', 90.00, 13, 19, NULL, NULL),
('digletts-cave', 51, 'walking', 10.00, 19, 29, NULL, NULL),
('digletts-cave', 296, 'walking', 20.00, 19, 19, 'Hoenn Sound', NULL),
('digletts-cave', 359, 'walking', 20.00, 15, 17, 'Hoenn Sound', NULL),
('digletts-cave', 433, 'walking', 20.00, 19, 19, 'Sinnoh Sound', NULL),
('digletts-cave', 436, 'walking', 20.00, 15, 17, 'Sinnoh Sound', NULL),
('route-2', 13, 'walking', 60.00, 3, 3, 'Day', NULL),
('route-2', 13, 'walking', 20.00, 3, 3, 'Morning', NULL),
('route-2', 13, 'walking', 20.00, 5, 5, 'Night', NULL),
('route-2', 13, 'walking', 2.00, 4, 4, NULL, NULL),
('route-2', 14, 'walking', 22.00, 3, 7, 'Night', NULL),
('route-2', 14, 'walking', 40.00, 5, 5, 'Morning', NULL),
('route-2', 14, 'walking', 40.00, 5, 5, 'Day', NULL),
('route-2', 15, 'walking', 20.00, 7, 7, 'Morning', NULL),
('route-2', 15, 'walking', 8.00, 10, 10, 'Night', NULL),
('route-2', 16, 'walking', 40.00, 3, 3, 'Morning', NULL),
('route-2', 16, 'walking', 80.00, 3, 7, 'Day', NULL),
('route-2', 17, 'walking', 10.00, 7, 7, 'Day', NULL),
('route-2', 163, 'walking', 120.00, 3, 5, 'Night', NULL),
('route-2', 164, 'walking', 28.00, 7, 7, 'Night', NULL),
('route-2', 165, 'walking', 60.00, 3, 3, 'Morning', NULL),
('route-2', 165, 'walking', 8.00, 10, 10, 'Day', NULL),
('route-2', 166, 'walking', 18.00, 7, 10, 'Morning', NULL),
('route-2', 311, 'walking', 40.00, 3, 3, 'Hoenn Sound', NULL),
('route-2', 312, 'walking', 40.00, 5, 5, 'Hoenn Sound', NULL),
('route-2', 403, 'walking', 80.00, 3, 5, 'Sinnoh Sound', NULL),
('viridian-forest', 13, 'walking', 40.00, 3, 3, 'Morning', NULL),
('viridian-forest', 13, 'walking', 40.00, 3, 3, 'Day', NULL),
('viridian-forest', 14, 'walking', 30.00, 3, 5, 'Morning', NULL),
('viridian-forest', 14, 'walking', 30.00, 3, 5, 'Day', NULL),
('viridian-forest', 15, 'walking', 10.00, 7, 7, 'Morning', NULL),
('viridian-forest', 16, 'walking', 10.00, 3, 3, 'Morning', NULL),
('viridian-forest', 16, 'walking', 15.00, 3, 7, 'Day', NULL),
('viridian-forest', 17, 'walking', 9.00, 7, 7, 'Day', NULL),
('viridian-forest', 17, 'walking', 4.00, 7, 7, 'Morning', NULL),
('viridian-forest', 25, 'walking', 5.00, 4, 4, NULL, NULL),
('viridian-forest', 25, 'walking', 1.00, 7, 7, 'Morning', NULL),
('viridian-forest', 25, 'walking', 1.00, 7, 7, 'Day', NULL),
('viridian-forest', 163, 'walking', 80.00, 3, 5, 'Night', NULL),
('viridian-forest', 164, 'walking', 15.00, 7, 7, 'Night', NULL),
('viridian-forest', 322, 'walking', 20.00, 5, 5, 'Hoenn Sound', NULL),
('viridian-forest', 325, 'walking', 20.00, 3, 3, 'Hoenn Sound', NULL),
('viridian-forest', 401, 'walking', 40.00, 3, 3, 'Swarm', NULL),
('viridian-forest', 406, 'walking', 20.00, 3, 3, 'Sinnoh Sound', NULL),
('viridian-forest', 455, 'walking', 20.00, 5, 5, 'Sinnoh Sound', NULL),
('route-1', 16, 'walking', 45.00, 2, 4, 'Morning', NULL),
('route-1', 16, 'walking', 45.00, 2, 4, 'Day', NULL),
('route-1', 19, 'walking', 30.00, 2, 2, NULL, NULL),
('route-1', 19, 'walking', 25.00, 3, 6, 'Night', NULL),
('route-1', 161, 'walking', 20.00, 3, 3, 'Morning', NULL),
('route-1', 161, 'walking', 20.00, 3, 3, 'Day', NULL),
('route-1', 162, 'walking', 5.00, 6, 6, 'Morning', NULL),
('route-1', 162, 'walking', 5.00, 6, 6, 'Day', NULL),
('route-1', 163, 'walking', 45.00, 2, 4, 'Night', NULL),
('route-1', 261, 'walking', 40.00, 2, 2, 'Swarm', NULL),
('route-1', 311, 'walking', 20.00, 2, 2, 'Hoenn Sound', NULL),
('route-1', 312, 'walking', 20.00, 3, 3, 'Hoenn Sound', NULL),
('route-1', 403, 'walking', 40.00, 2, 3, 'Sinnoh Sound', NULL),
('pallet-town', 1, 'gift', 100.00, 5, 5, 'story-progress-beat-red', NULL),
('pallet-town', 4, 'gift', 100.00, 5, 5, 'story-progress-beat-red', NULL),
('pallet-town', 7, 'gift', 100.00, 5, 5, 'story-progress-beat-red', NULL),
('pallet-town', 72, 'surfing', 90.00, 30, 35, NULL, NULL),
('pallet-town', 72, 'fishing_old', 15.00, 10, 10, NULL, NULL),
('pallet-town', 72, 'fishing_good', 30.00, 20, 20, NULL, NULL),
('pallet-town', 73, 'surfing', 10.00, 35, 35, NULL, NULL),
('pallet-town', 73, 'fishing_super', 20.00, 40, 40, NULL, NULL),
('pallet-town', 90, 'fishing_good', 10.00, 20, 20, NULL, NULL),
('pallet-town', 90, 'fishing_super', 30.00, 40, 40, NULL, NULL),
('pallet-town', 129, 'fishing_old', 85.00, 10, 10, NULL, NULL),
('pallet-town', 129, 'fishing_good', 40.00, 20, 20, NULL, NULL),
('pallet-town', 170, 'fishing_good', 20.00, 20, 20, NULL, NULL),
('pallet-town', 170, 'fishing_super', 40.00, 40, 40, NULL, NULL),
('pallet-town', 171, 'fishing_super', 10.00, 40, 40, NULL, NULL),
('route-21', 72, 'surfing', 90.00, 30, 35, NULL, NULL),
('route-21', 72, 'fishing_old', 15.00, 10, 10, NULL, NULL),
('route-21', 72, 'fishing_good', 30.00, 20, 20, NULL, NULL),
('route-21', 73, 'surfing', 10.00, 35, 35, NULL, NULL),
('route-21', 73, 'fishing_super', 20.00, 40, 40, NULL, NULL),
('route-21', 90, 'fishing_good', 10.00, 20, 20, NULL, NULL),
('route-21', 90, 'fishing_super', 30.00, 40, 40, NULL, NULL),
('route-21', 114, 'walking', 90.00, 20, 35, NULL, NULL),
('route-21', 114, 'walking', 5.00, 30, 30, 'Morning', NULL),
('route-21', 114, 'walking', 5.00, 30, 30, 'Night', NULL),
('route-21', 122, 'walking', 5.00, 30, 30, 'Day', NULL),
('route-21', 122, 'walking', 5.00, 28, 28, NULL, NULL),
('route-21', 129, 'fishing_old', 85.00, 10, 10, NULL, NULL),
('route-21', 129, 'fishing_good', 40.00, 20, 20, NULL, NULL),
('route-21', 170, 'fishing_good', 20.00, 20, 20, NULL, NULL),
('route-21', 170, 'fishing_super', 40.00, 40, 40, NULL, NULL),
('route-21', 171, 'fishing_super', 10.00, 40, 40, NULL, NULL),
('route-21', 264, 'walking', 20.00, 35, 35, 'Hoenn Sound', NULL),
('route-21', 293, 'walking', 20.00, 25, 30, 'Hoenn Sound', NULL),
('route-21', 399, 'walking', 20.00, 35, 35, 'Sinnoh Sound', NULL),
('route-21', 418, 'walking', 20.00, 25, 30, 'Sinnoh Sound', NULL),
('route-20', 72, 'surfing', 90.00, 30, 35, NULL, NULL),
('route-20', 72, 'fishing_old', 15.00, 10, 10, NULL, NULL),
('route-20', 72, 'fishing_good', 30.00, 20, 20, NULL, NULL),
('route-20', 73, 'surfing', 10.00, 35, 35, NULL, NULL),
('route-20', 73, 'fishing_super', 20.00, 40, 40, NULL, NULL),
('route-20', 90, 'fishing_good', 10.00, 20, 20, NULL, NULL),
('route-20', 90, 'fishing_super', 30.00, 40, 40, NULL, NULL),
('route-20', 129, 'fishing_old', 85.00, 10, 10, NULL, NULL),
('route-20', 129, 'fishing_good', 40.00, 20, 20, NULL, NULL),
('route-20', 170, 'fishing_good', 20.00, 20, 20, NULL, NULL),
('route-20', 170, 'fishing_super', 40.00, 40, 40, NULL, NULL),
('route-20', 171, 'fishing_super', 10.00, 40, 40, NULL, NULL),
('route-19', 72, 'surfing', 90.00, 30, 35, NULL, NULL),
('route-19', 73, 'surfing', 10.00, 35, 35, NULL, NULL),
('route-19', 98, 'rock_smash', 10.00, 24, 27, NULL, NULL),
('route-19', 98, 'fishing_old', 15.00, 10, 10, NULL, NULL),
('route-19', 98, 'fishing_good', 50.00, 20, 20, NULL, NULL),
('route-19', 98, 'fishing_super', 60.00, 40, 40, NULL, NULL),
('route-19', 99, 'rock_smash', 90.00, 28, 31, NULL, NULL),
('route-19', 99, 'fishing_super', 10.00, 40, 40, NULL, NULL),
('route-19', 120, 'fishing_good', 10.00, 20, 20, 'Night', NULL),
('route-19', 120, 'fishing_super', 30.00, 40, 40, 'Night', NULL),
('route-19', 129, 'fishing_old', 85.00, 10, 10, NULL, NULL),
('route-19', 129, 'fishing_good', 40.00, 20, 20, NULL, NULL),
('route-19', 222, 'fishing_good', 10.00, 20, 20, 'Morning', NULL),
('route-19', 222, 'fishing_good', 10.00, 20, 20, 'Day', NULL),
('route-19', 222, 'fishing_super', 30.00, 40, 40, 'Morning', NULL),
('route-19', 222, 'fishing_super', 30.00, 40, 40, 'Day', NULL),
('route-19', 366, 'surfing', 60.00, 35, 35, 'Swarm', NULL),
('seafoam-islands', 41, 'walking', 60.00, 26, 32, NULL, NULL),
('seafoam-islands', 42, 'walking', 150.00, 30, 40, NULL, NULL),
('seafoam-islands', 54, 'walking', 84.00, 26, 34, NULL, NULL),
('seafoam-islands', 55, 'walking', 66.00, 32, 38, NULL, NULL),
('seafoam-islands', 296, 'walking', 100.00, 30, 38, 'Hoenn Sound', NULL),
('seafoam-islands', 359, 'walking', 100.00, 28, 35, 'Hoenn Sound', NULL),
('seafoam-islands', 433, 'walking', 100.00, 30, 38, 'Sinnoh Sound', NULL),
('seafoam-islands', 436, 'walking', 100.00, 28, 35, 'Sinnoh Sound', NULL),
('seafoam-islands', 86, 'walking', 80.00, 32, 35, NULL, NULL),
('seafoam-islands', 87, 'walking', 48.00, 35, 38, NULL, NULL),
('seafoam-islands', 54, 'fishing_good', 30.00, 20, 20, NULL, NULL),
('seafoam-islands', 80, 'surfing', 10.00, 35, 50, NULL, NULL),
('seafoam-islands', 86, 'surfing', 60.00, 30, 40, NULL, NULL),
('seafoam-islands', 98, 'fishing_old', 15.00, 10, 10, NULL, NULL),
('seafoam-islands', 98, 'fishing_good', 20.00, 20, 20, NULL, NULL),
('seafoam-islands', 99, 'fishing_super', 15.00, 40, 40, NULL, NULL),
('seafoam-islands', 116, 'surfing', 30.00, 30, 40, NULL, NULL),
('seafoam-islands', 116, 'fishing_good', 10.00, 20, 20, NULL, NULL),
('seafoam-islands', 116, 'fishing_super', 30.00, 40, 40, NULL, NULL),
('seafoam-islands', 117, 'fishing_super', 15.00, 40, 40, NULL, NULL),
('seafoam-islands', 124, 'walking', 12.00, 38, 40, NULL, NULL),
('seafoam-islands', 129, 'fishing_old', 85.00, 10, 10, NULL, NULL),
('seafoam-islands', 129, 'fishing_good', 40.00, 20, 20, NULL, NULL),
('seafoam-islands', 130, 'fishing_super', 40.00, 40, 40, NULL, NULL),
('seafoam-islands', 144, 'static', 100.00, 50, 50, NULL, NULL),
('route-22', 19, 'walking', 30.00, 3, 3, NULL, NULL),
('route-22', 19, 'walking', 65.00, 3, 7, 'Night', NULL),
('route-22', 21, 'walking', 50.00, 3, 5, 'Morning', NULL),
('route-22', 21, 'walking', 50.00, 3, 5, 'Day', NULL),
('route-22', 22, 'walking', 5.00, 7, 7, 'Morning', NULL),
('route-22', 22, 'walking', 5.00, 7, 7, 'Day', NULL),
('route-22', 60, 'surfing', 90.00, 5, 10, NULL, NULL),
('route-22', 60, 'fishing_old', 15.00, 10, 10, NULL, NULL),
('route-22', 60, 'fishing_good', 60.00, 20, 20, NULL, NULL),
('route-22', 60, 'fishing_super', 80.00, 40, 40, NULL, NULL),
('route-22', 61, 'surfing', 10.00, 10, 10, NULL, NULL),
('route-22', 77, 'walking', 5.00, 6, 6, NULL, NULL),
('route-22', 84, 'walking', 10.00, 4, 4, 'Morning', NULL),
('route-22', 84, 'walking', 10.00, 4, 4, 'Day', NULL),
('route-22', 129, 'fishing_old', 85.00, 10, 10, NULL, NULL),
('route-22', 129, 'fishing_good', 40.00, 20, 20, NULL, NULL),
('route-22', 129, 'fishing_super', 20.00, 40, 40, NULL, NULL),
('route-22', 264, 'walking', 20.00, 5, 5, 'Hoenn Sound', NULL),
('route-22', 293, 'walking', 20.00, 3, 3, 'Hoenn Sound', NULL),
('route-22', 399, 'walking', 20.00, 5, 5, 'Sinnoh Sound', NULL),
('route-22', 418, 'walking', 20.00, 3, 3, 'Sinnoh Sound', NULL),
('route-28', 60, 'surfing', 90.00, 35, 40, NULL, NULL),
('route-28', 60, 'fishing_old', 15.00, 10, 10, NULL, NULL),
('route-28', 60, 'fishing_good', 60.00, 20, 20, NULL, NULL),
('route-28', 60, 'fishing_super', 80.00, 40, 40, NULL, NULL),
('route-28', 61, 'surfing', 10.00, 40, 40, NULL, NULL),
('route-28', 77, 'walking', 30.00, 40, 40, NULL, NULL),
('route-28', 78, 'walking', 10.00, 42, 42, 'Morning', NULL),
('route-28', 78, 'walking', 10.00, 42, 42, 'Day', NULL),
('route-28', 78, 'walking', 10.00, 41, 43, 'Night', NULL),
('route-28', 84, 'walking', 5.00, 41, 41, 'Morning', NULL),
('route-28', 84, 'walking', 5.00, 41, 41, 'Day', NULL),
('route-28', 85, 'walking', 5.00, 43, 43, 'Morning', NULL),
('route-28', 85, 'walking', 5.00, 43, 43, 'Day', NULL),
('route-28', 114, 'walking', 30.00, 39, 39, NULL, NULL),
('route-28', 129, 'fishing_old', 85.00, 10, 10, NULL, NULL),
('route-28', 129, 'fishing_good', 40.00, 20, 20, NULL, NULL),
('route-28', 129, 'fishing_super', 20.00, 40, 40, NULL, NULL),
('route-28', 215, 'walking', 10.00, 42, 42, 'Night', NULL),
('route-28', 217, 'walking', 20.00, 40, 40, NULL, NULL),
('route-28', 264, 'walking', 20.00, 40, 40, 'Hoenn Sound', NULL),
('route-28', 293, 'walking', 20.00, 39, 40, 'Hoenn Sound', NULL),
('route-28', 399, 'walking', 20.00, 40, 40, 'Sinnoh Sound', NULL),
('route-28', 418, 'walking', 20.00, 39, 40, 'Sinnoh Sound', NULL),
('mt-silver', 60, 'surfing', 9.00, 30, 40, NULL, NULL),
('mt-silver', 60, 'fishing_old', 15.00, 10, 10, NULL, NULL),
('mt-silver', 60, 'fishing_good', 60.00, 20, 20, NULL, NULL),
('mt-silver', 60, 'fishing_super', 80.00, 40, 40, NULL, NULL),
('mt-silver', 61, 'surfing', 91.00, 30, 48, NULL, NULL),
('mt-silver', 77, 'walking', 30.00, 42, 42, NULL, NULL),
('mt-silver', 78, 'walking', 10.00, 44, 44, NULL, NULL),
('mt-silver', 84, 'walking', 5.00, 41, 41, 'Morning', NULL),
('mt-silver', 84, 'walking', 5.00, 41, 41, 'Day', NULL),
('mt-silver', 85, 'walking', 5.00, 43, 43, 'Morning', NULL),
('mt-silver', 85, 'walking', 5.00, 43, 43, 'Day', NULL),
('mt-silver', 114, 'walking', 30.00, 41, 41, NULL, NULL),
('mt-silver', 129, 'fishing_old', 340.00, 10, 10, NULL, NULL),
('mt-silver', 129, 'fishing_good', 160.00, 20, 20, NULL, NULL),
('mt-silver', 129, 'fishing_super', 60.00, 40, 40, NULL, NULL),
('mt-silver', 215, 'walking', 10.00, 41, 43, 'Night', NULL),
('mt-silver', 217, 'walking', 110.00, 42, 48, NULL, NULL),
('mt-silver', 264, 'walking', 20.00, 42, 42, 'Hoenn Sound', NULL),
('mt-silver', 293, 'walking', 20.00, 41, 42, 'Hoenn Sound', NULL),
('mt-silver', 399, 'walking', 20.00, 42, 42, 'Sinnoh Sound', NULL),
('mt-silver', 418, 'walking', 20.00, 41, 42, 'Sinnoh Sound', NULL),
('mt-silver', 42, 'walking', 20.00, 45, 48, NULL, NULL),
('mt-silver', 75, 'walking', 20.00, 41, 43, NULL, NULL),
('mt-silver', 95, 'walking', 30.00, 42, 42, NULL, NULL),
('mt-silver', 118, 'surfing', 29.00, 30, 40, NULL, NULL),
('mt-silver', 118, 'fishing_old', 45.00, 10, 10, NULL, NULL),
('mt-silver', 118, 'fishing_good', 150.00, 20, 20, NULL, NULL),
('mt-silver', 119, 'surfing', 271.00, 30, 50, NULL, NULL),
('mt-silver', 119, 'fishing_good', 20.00, 20, 20, NULL, NULL),
('mt-silver', 119, 'fishing_super', 30.00, 40, 40, 'Morning', NULL),
('mt-silver', 119, 'fishing_super', 30.00, 40, 40, 'Day', NULL),
('mt-silver', 119, 'fishing_super', 40.00, 40, 40, NULL, NULL),
('mt-silver', 129, 'fishing_good', 10.00, 20, 20, 'Morning', NULL),
('mt-silver', 129, 'fishing_good', 10.00, 20, 20, 'Day', NULL),
('mt-silver', 130, 'fishing_good', 10.00, 20, 20, 'Night', NULL),
('mt-silver', 130, 'fishing_super', 50.00, 40, 40, NULL, NULL),
('mt-silver', 130, 'fishing_super', 30.00, 40, 40, 'Night', NULL),
('mt-silver', 216, 'walking', 20.00, 43, 46, NULL, NULL),
('mt-silver', 246, 'walking', 20.00, 15, 20, NULL, NULL),
('mt-silver', 296, 'walking', 80.00, 43, 48, 'Hoenn Sound', NULL),
('mt-silver', 359, 'walking', 80.00, 42, 48, 'Hoenn Sound', NULL),
('mt-silver', 433, 'walking', 80.00, 43, 48, 'Sinnoh Sound', NULL),
('mt-silver', 436, 'walking', 80.00, 42, 48, 'Sinnoh Sound', NULL),
('mt-silver', 55, 'walking', 60.00, 48, 48, NULL, NULL),
('mt-silver', 118, 'fishing_super', 140.00, 40, 40, NULL, NULL),
('mt-silver', 195, 'walking', 45.00, 45, 45, NULL, NULL),
('mt-silver', 195, 'walking', 50.00, 45, 45, 'Morning', NULL),
('mt-silver', 195, 'walking', 50.00, 45, 45, 'Day', NULL),
('mt-silver', 200, 'walking', 50.00, 45, 45, 'Night', NULL),
('mt-silver', 208, 'walking', 20.00, 48, 48, NULL, NULL),
('mt-silver', 247, 'walking', 5.00, 30, 30, NULL, NULL),
('mt-silver', 215, 'walking', 20.00, 50, 50, NULL, NULL),
('bell-tower', 19, 'walking', 640.00, 20, 22, 'Morning', NULL),
('bell-tower', 19, 'walking', 640.00, 20, 22, 'Day', NULL),
('bell-tower', 19, 'walking', 160.00, 22, 24, NULL, NULL),
('bell-tower', 92, 'walking', 640.00, 20, 22, 'Night', NULL),
('bell-tower', 263, 'walking', 160.00, 20, 21, 'Hoenn Sound', NULL),
('bell-tower', 307, 'walking', 160.00, 22, 22, 'Sinnoh Sound', NULL),
('bell-tower', 327, 'walking', 160.00, 22, 22, 'Hoenn Sound', NULL),
('bell-tower', 441, 'walking', 160.00, 20, 21, 'Sinnoh Sound', NULL),
('cerulean-cave', 42, 'walking', 50.00, 38, 42, 'Night', NULL),
('cerulean-cave', 42, 'walking', 30.00, 38, 47, NULL, NULL),
('cerulean-cave', 47, 'walking', 20.00, 38, 38, 'Morning', NULL),
('cerulean-cave', 47, 'walking', 20.00, 38, 38, 'Day', NULL),
('cerulean-cave', 47, 'walking', 10.00, 38, 38, 'Night', NULL),
('cerulean-cave', 53, 'walking', 10.00, 38, 38, 'Morning', NULL),
('cerulean-cave', 53, 'walking', 10.00, 38, 38, 'Day', NULL),
('cerulean-cave', 53, 'walking', 4.00, 39, 39, NULL, NULL),
('cerulean-cave', 54, 'surfing', 270.00, 35, 40, NULL, NULL),
('cerulean-cave', 55, 'surfing', 30.00, 40, 40, NULL, NULL),
('cerulean-cave', 60, 'fishing_good', 135.00, 20, 20, NULL, NULL),
('cerulean-cave', 60, 'fishing_good', 30.00, 20, 20, 'Night', NULL),
('cerulean-cave', 60, 'fishing_super', 120.00, 40, 40, NULL, NULL),
('cerulean-cave', 60, 'fishing_super', 90.00, 40, 40, 'Night', NULL),
('cerulean-cave', 61, 'fishing_super', 90.00, 40, 40, 'Morning', NULL),
('cerulean-cave', 61, 'fishing_super', 90.00, 40, 40, 'Day', NULL),
('cerulean-cave', 67, 'walking', 30.00, 39, 42, 'Morning', NULL),
('cerulean-cave', 67, 'walking', 30.00, 39, 42, 'Day', NULL),
('cerulean-cave', 67, 'walking', 24.00, 39, 45, NULL, NULL),
('cerulean-cave', 67, 'walking', 2.00, 39, 40, 'Night', NULL),
('cerulean-cave', 74, 'rock_smash', 180.00, 22, 24, NULL, NULL),
('cerulean-cave', 75, 'rock_smash', 20.00, 26, 30, NULL, NULL),
('cerulean-cave', 82, 'walking', 35.00, 40, 47, NULL, NULL),
('cerulean-cave', 82, 'walking', 1.00, 39, 39, 'Morning', NULL),
('cerulean-cave', 82, 'walking', 1.00, 39, 39, 'Day', NULL),
('cerulean-cave', 101, 'walking', 15.00, 40, 46, NULL, NULL),
('cerulean-cave', 118, 'fishing_good', 90.00, 20, 20, NULL, NULL),
('cerulean-cave', 118, 'fishing_good', 30.00, 20, 20, 'Morning', NULL),
('cerulean-cave', 118, 'fishing_good', 30.00, 20, 20, 'Day', NULL),
('cerulean-cave', 129, 'fishing_old', 300.00, 10, 10, NULL, NULL),
('cerulean-cave', 129, 'fishing_good', 45.00, 20, 20, NULL, NULL),
('cerulean-cave', 130, 'fishing_super', 90.00, 40, 40, NULL, NULL),
('cerulean-cave', 132, 'walking', 30.00, 39, 45, NULL, NULL),
('cerulean-cave', 132, 'walking', 1.00, 40, 40, 'Morning', NULL),
('cerulean-cave', 132, 'walking', 1.00, 40, 40, 'Day', NULL),
('cerulean-cave', 202, 'walking', 15.00, 37, 49, NULL, NULL),
('cerulean-cave', 296, 'walking', 60.00, 39, 45, 'Hoenn Sound', NULL),
('cerulean-cave', 359, 'walking', 60.00, 38, 47, 'Hoenn Sound', NULL),
('cerulean-cave', 433, 'walking', 60.00, 39, 45, 'Sinnoh Sound', NULL),
('cerulean-cave', 436, 'walking', 60.00, 38, 47, 'Sinnoh Sound', NULL),
('cerulean-cave', 47, 'walking', 45.00, 40, 47, NULL, NULL),
('cerulean-cave', 64, 'walking', 40.00, 42, 46, NULL, NULL),
('cerulean-cave', 150, 'static', 100.00, 70, 70, NULL, NULL),
('safari-zone', 74, 'walking', 40.00, 15, 17, 'Morning', NULL),
('safari-zone', 74, 'walking', 40.00, 15, 17, 'Day', NULL),
('safari-zone', 74, 'walking', 40.00, 15, 17, 'Night', NULL),
('safari-zone', 76, 'walking', 20.00, 16, 17, 'Morning', NULL),
('safari-zone', 76, 'walking', 20.00, 16, 17, 'Day', NULL),
('safari-zone', 81, 'walking', 20.00, 15, 16, 'Morning', NULL),
('safari-zone', 81, 'walking', 20.00, 15, 16, 'Day', NULL),
('safari-zone', 81, 'walking', 20.00, 15, 16, 'Night', NULL),
('safari-zone', 82, 'walking', 10.00, 17, 17, 'Morning', NULL),
('safari-zone', 82, 'walking', 10.00, 17, 17, 'Day', NULL),
('safari-zone', 82, 'walking', 20.00, 17, 17, 'Night', NULL),
('safari-zone', 126, 'walking', 10.00, 17, 17, 'Morning', NULL),
('safari-zone', 126, 'walking', 10.00, 17, 17, 'Day', NULL),
('safari-zone', 202, 'walking', 20.00, 16, 17, 'Night', NULL),
('safari-zone', 22, 'walking', 30.00, 15, 17, 'Night', NULL),
('safari-zone', 27, 'walking', 40.00, 15, 17, 'Morning', NULL),
('safari-zone', 27, 'walking', 40.00, 15, 17, 'Day', NULL),
('safari-zone', 27, 'walking', 40.00, 15, 17, 'Night', NULL),
('safari-zone', 28, 'walking', 30.00, 15, 17, 'Morning', NULL),
('safari-zone', 28, 'walking', 30.00, 15, 17, 'Day', NULL),
('safari-zone', 28, 'walking', 30.00, 15, 17, 'Night', NULL),
('safari-zone', 104, 'walking', 20.00, 16, 17, 'Morning', NULL),
('safari-zone', 104, 'walking', 20.00, 16, 17, 'Day', NULL),
('safari-zone', 105, 'walking', 10.00, 17, 17, 'Morning', NULL),
('safari-zone', 105, 'walking', 10.00, 17, 17, 'Day', NULL),
('safari-zone', 17, 'walking', 30.00, 15, 17, 'Morning', NULL),
('safari-zone', 17, 'walking', 30.00, 15, 17, 'Day', NULL),
('safari-zone', 20, 'walking', 30.00, 15, 17, 'Night', NULL),
('safari-zone', 63, 'walking', 30.00, 15, 17, 'Morning', NULL),
('safari-zone', 63, 'walking', 30.00, 15, 17, 'Day', NULL),
('safari-zone', 63, 'walking', 30.00, 15, 17, 'Night', NULL),
('safari-zone', 203, 'walking', 30.00, 15, 17, 'Morning', NULL),
('safari-zone', 203, 'walking', 30.00, 15, 17, 'Day', NULL),
('safari-zone', 203, 'walking', 20.00, 15, 16, 'Night', NULL),
('safari-zone', 234, 'walking', 20.00, 17, 17, 'Night', NULL),
('safari-zone', 235, 'walking', 10.00, 17, 17, 'Morning', NULL),
('safari-zone', 235, 'walking', 10.00, 17, 17, 'Day', NULL),
('safari-zone', 35, 'walking', 10.00, 17, 17, 'Night', NULL),
('safari-zone', 39, 'walking', 80.00, 15, 17, 'Morning', NULL),
('safari-zone', 39, 'walking', 60.00, 15, 17, 'Day', NULL),
('safari-zone', 39, 'walking', 30.00, 15, 17, 'Night', NULL),
('safari-zone', 60, 'fishing_old', 40.00, 12, 15, NULL, NULL),
('safari-zone', 60, 'fishing_good', 40.00, 22, 24, NULL, NULL),
('safari-zone', 60, 'fishing_super', 40.00, 35, 36, NULL, NULL),
('safari-zone', 61, 'fishing_good', 20.00, 24, 25, NULL, NULL),
('safari-zone', 61, 'fishing_super', 60.00, 35, 38, NULL, NULL),
('safari-zone', 129, 'surfing', 110.00, 7, 17, NULL, NULL),
('safari-zone', 129, 'fishing_old', 160.00, 12, 15, NULL, NULL),
('safari-zone', 129, 'fishing_good', 80.00, 22, 24, NULL, NULL),
('safari-zone', 183, 'walking', 30.00, 15, 17, 'Night', NULL),
('safari-zone', 183, 'surfing', 20.00, 16, 17, NULL, NULL),
('safari-zone', 187, 'walking', 40.00, 15, 17, 'Morning', NULL),
('safari-zone', 187, 'walking', 30.00, 15, 17, 'Day', NULL),
('safari-zone', 188, 'walking', 10.00, 17, 17, 'Morning', NULL),
('safari-zone', 188, 'walking', 10.00, 17, 17, 'Day', NULL),
('safari-zone', 191, 'walking', 30.00, 15, 17, 'Day', NULL),
('safari-zone', 194, 'walking', 30.00, 15, 17, 'Night', NULL),
('safari-zone', 194, 'surfing', 30.00, 15, 17, NULL, NULL),
('safari-zone', 16, 'walking', 30.00, 15, 17, 'Morning', NULL),
('safari-zone', 16, 'walking', 30.00, 15, 17, 'Day', NULL),
('safari-zone', 69, 'walking', 40.00, 15, 17, 'Morning', NULL),
('safari-zone', 69, 'walking', 40.00, 15, 17, 'Day', NULL),
('safari-zone', 69, 'walking', 30.00, 15, 17, 'Night', NULL),
('safari-zone', 92, 'walking', 20.00, 15, 17, 'Night', NULL),
('safari-zone', 93, 'walking', 20.00, 16, 17, 'Night', NULL),
('safari-zone', 122, 'walking', 20.00, 16, 17, 'Morning', NULL),
('safari-zone', 122, 'walking', 20.00, 16, 17, 'Day', NULL),
('safari-zone', 200, 'walking', 10.00, 17, 17, 'Morning', NULL),
('safari-zone', 200, 'walking', 10.00, 17, 17, 'Day', NULL),
('safari-zone', 200, 'walking', 30.00, 15, 17, 'Night', NULL),
('safari-zone', 46, 'walking', 30.00, 15, 17, 'Morning', NULL),
('safari-zone', 46, 'walking', 30.00, 15, 17, 'Day', NULL),
('safari-zone', 96, 'walking', 20.00, 15, 17, 'Night', NULL),
('safari-zone', 97, 'walking', 20.00, 16, 17, 'Night', NULL),
('safari-zone', 118, 'surfing', 40.00, 15, 17, NULL, NULL),
('safari-zone', 118, 'fishing_good', 40.00, 22, 24, NULL, NULL),
('safari-zone', 118, 'fishing_super', 40.00, 35, 37, NULL, NULL),
('safari-zone', 119, 'fishing_good', 20.00, 24, 25, NULL, NULL),
('safari-zone', 119, 'fishing_super', 40.00, 35, 37, NULL, NULL),
('safari-zone', 147, 'fishing_super', 20.00, 36, 37, NULL, NULL),
('safari-zone', 161, 'walking', 30.00, 15, 17, 'Morning', NULL),
('safari-zone', 161, 'walking', 30.00, 15, 17, 'Day', NULL),
('safari-zone', 161, 'walking', 30.00, 15, 17, 'Night', NULL),
('safari-zone', 198, 'walking', 10.00, 17, 17, 'Morning', NULL),
('safari-zone', 198, 'walking', 10.00, 17, 17, 'Day', NULL),
('safari-zone', 198, 'walking', 30.00, 15, 17, 'Night', NULL),
('route-47', 20, 'walking', 5.00, 31, 33, NULL, NULL),
('route-47', 21, 'walking', 5.00, 31, 31, NULL, NULL),
('route-47', 22, 'walking', 4.00, 34, 34, NULL, NULL),
('route-47', 44, 'walking', 5.00, 32, 32, NULL, NULL),
('route-47', 72, 'surfing', 60.00, 15, 25, NULL, NULL),
('route-47', 72, 'fishing_old', 15.00, 10, 10, NULL, NULL),
('route-47', 72, 'fishing_good', 30.00, 20, 20, NULL, NULL),
('route-47', 73, 'fishing_super', 20.00, 40, 40, NULL, NULL),
('route-47', 83, 'walking', 20.00, 35, 35, 'Morning', NULL),
('route-47', 83, 'walking', 20.00, 35, 35, 'Day', NULL),
('route-47', 86, 'surfing', 30.00, 10, 20, NULL, NULL),
('route-47', 90, 'fishing_good', 10.00, 20, 20, NULL, NULL),
('route-47', 90, 'fishing_super', 30.00, 40, 40, NULL, NULL),
('route-47', 120, 'surfing', 10.00, 15, 25, NULL, NULL),
('route-47', 129, 'fishing_old', 85.00, 10, 10, NULL, NULL),
('route-47', 129, 'fishing_good', 40.00, 20, 20, NULL, NULL),
('route-47', 132, 'walking', 40.00, 35, 35, 'Swarm', NULL),
('route-47', 132, 'walking', 41.00, 31, 40, NULL, NULL),
('route-47', 164, 'walking', 20.00, 35, 35, 'Night', NULL),
('route-47', 170, 'fishing_good', 20.00, 20, 20, NULL, NULL),
('route-47', 170, 'fishing_super', 40.00, 40, 40, NULL, NULL),
('route-47', 171, 'fishing_super', 10.00, 40, 40, NULL, NULL),
('route-47', 241, 'walking', 20.00, 35, 35, NULL, NULL),
('route-47', 264, 'walking', 20.00, 31, 32, 'Hoenn Sound', NULL),
('route-47', 293, 'walking', 20.00, 33, 34, 'Hoenn Sound', NULL),
('route-47', 399, 'walking', 20.00, 31, 32, 'Sinnoh Sound', NULL),
('route-47', 418, 'walking', 20.00, 33, 34, 'Sinnoh Sound', NULL),
('route-48', 22, 'walking', 10.00, 21, 21, NULL, NULL),
('route-48', 37, 'walking', 20.00, 24, 24, 'Night', NULL),
('route-48', 37, 'walking', 9.00, 21, 22, NULL, NULL),
('route-48', 44, 'walking', 20.00, 22, 24, NULL, NULL),
('route-48', 50, 'walking', 4.00, 20, 20, NULL, NULL),
('route-48', 83, 'walking', 20.00, 24, 24, 'Morning', NULL),
('route-48', 83, 'walking', 20.00, 24, 24, 'Day', NULL),
('route-48', 128, 'walking', 21.00, 20, 24, NULL, NULL),
('route-48', 187, 'walking', 11.00, 20, 22, NULL, NULL),
('route-48', 203, 'walking', 5.00, 20, 20, NULL, NULL),
('route-48', 311, 'walking', 20.00, 20, 21, 'Hoenn Sound', NULL),
('route-48', 312, 'walking', 20.00, 22, 24, 'Hoenn Sound', NULL),
('route-48', 403, 'walking', 40.00, 20, 24, 'Sinnoh Sound', NULL);

INSERT INTO public.encounters (route_id, pokemon_national_dex_id, method, encounter_rate, level_min, level_max, conditions, version_exclusive)
SELECT r.id, e.dex, e.method, e.rate, e.lmin, e.lmax, NULLIF(e.cond, ''), NULLIF(e.ver_excl, '')
FROM _enc e JOIN public.routes r ON r.slug = e.slug AND r.game_id = 'd0e1f2a3-b4c5-6789-de90-123456789012';

DROP TABLE _enc;

-- ===========================================
-- STEP 5: BOSS TRAINERS
-- ===========================================

-- Falkner (Gym Leader)
DO $$
DECLARE
  v_trainer_id UUID;
  v_route_id UUID;
BEGIN
  SELECT id INTO v_route_id FROM public.routes WHERE slug = 'violet-city' AND game_id = 'd0e1f2a3-b4c5-6789-de90-123456789012';
  INSERT INTO public.trainers (route_id, name, trainer_class, is_boss, boss_type, level_cap, display_order, notes)
  VALUES (v_route_id, 'Falkner', 'Gym Leader', true, 'gym_leader', 13, 1, 'Flying-type specialist. Zephyr Badge.')
  RETURNING id INTO v_trainer_id;

  INSERT INTO public.trainer_pokemon (trainer_id, pokemon_national_dex_id, level, slot_order, moves, ability, held_item, nature)
  VALUES (v_trainer_id, 16, 9, 1, '["Tackle", "Sand Attack", "Gust", "Quick Attack"]'::jsonb, 'Keen Eye', NULL, NULL);
  INSERT INTO public.trainer_pokemon (trainer_id, pokemon_national_dex_id, level, slot_order, moves, ability, held_item, nature)
  VALUES (v_trainer_id, 17, 13, 2, '["Tackle", "Sand Attack", "Gust", "Roost"]'::jsonb, 'Keen Eye', NULL, NULL);
END $$;

-- Bugsy (Gym Leader)
DO $$
DECLARE
  v_trainer_id UUID;
  v_route_id UUID;
BEGIN
  SELECT id INTO v_route_id FROM public.routes WHERE slug = 'azalea-town' AND game_id = 'd0e1f2a3-b4c5-6789-de90-123456789012';
  INSERT INTO public.trainers (route_id, name, trainer_class, is_boss, boss_type, level_cap, display_order, notes)
  VALUES (v_route_id, 'Bugsy', 'Gym Leader', true, 'gym_leader', 17, 1, 'Bug-type specialist. Hive Badge.')
  RETURNING id INTO v_trainer_id;

  INSERT INTO public.trainer_pokemon (trainer_id, pokemon_national_dex_id, level, slot_order, moves, ability, held_item, nature)
  VALUES (v_trainer_id, 11, 15, 1, '["Tackle", "String Shot", "Bug Bite", "Harden"]'::jsonb, 'Shield Dust', NULL, NULL);
  INSERT INTO public.trainer_pokemon (trainer_id, pokemon_national_dex_id, level, slot_order, moves, ability, held_item, nature)
  VALUES (v_trainer_id, 14, 15, 2, '["Tackle", "Poison Sting", "Bug Bite", "Harden"]'::jsonb, 'Shield Dust', NULL, NULL);
  INSERT INTO public.trainer_pokemon (trainer_id, pokemon_national_dex_id, level, slot_order, moves, ability, held_item, nature)
  VALUES (v_trainer_id, 123, 17, 3, '["Quick Attack", "Leer", "Focus Energy", "U-turn"]'::jsonb, 'Technician', NULL, NULL);
END $$;

-- Whitney (Gym Leader)
DO $$
DECLARE
  v_trainer_id UUID;
  v_route_id UUID;
BEGIN
  SELECT id INTO v_route_id FROM public.routes WHERE slug = 'goldenrod-city' AND game_id = 'd0e1f2a3-b4c5-6789-de90-123456789012';
  INSERT INTO public.trainers (route_id, name, trainer_class, is_boss, boss_type, level_cap, display_order, notes)
  VALUES (v_route_id, 'Whitney', 'Gym Leader', true, 'gym_leader', 19, 1, 'Normal-type specialist. Plain Badge. Miltank is infamous.')
  RETURNING id INTO v_trainer_id;

  INSERT INTO public.trainer_pokemon (trainer_id, pokemon_national_dex_id, level, slot_order, moves, ability, held_item, nature)
  VALUES (v_trainer_id, 35, 17, 1, '["DoubleSlap", "Encore", "Mimic", "Metronome"]'::jsonb, 'Cute Charm', NULL, NULL);
  INSERT INTO public.trainer_pokemon (trainer_id, pokemon_national_dex_id, level, slot_order, moves, ability, held_item, nature)
  VALUES (v_trainer_id, 241, 19, 2, '["Rollout", "Attract", "Stomp", "Milk Drink"]'::jsonb, 'Scrappy', NULL, NULL);
END $$;

-- Morty (Gym Leader)
DO $$
DECLARE
  v_trainer_id UUID;
  v_route_id UUID;
BEGIN
  SELECT id INTO v_route_id FROM public.routes WHERE slug = 'ecruteak-city' AND game_id = 'd0e1f2a3-b4c5-6789-de90-123456789012';
  INSERT INTO public.trainers (route_id, name, trainer_class, is_boss, boss_type, level_cap, display_order, notes)
  VALUES (v_route_id, 'Morty', 'Gym Leader', true, 'gym_leader', 25, 1, 'Ghost-type specialist. Fog Badge.')
  RETURNING id INTO v_trainer_id;

  INSERT INTO public.trainer_pokemon (trainer_id, pokemon_national_dex_id, level, slot_order, moves, ability, held_item, nature)
  VALUES (v_trainer_id, 92, 21, 1, '["Lick", "Spite", "Mean Look", "Curse"]'::jsonb, 'Levitate', NULL, NULL);
  INSERT INTO public.trainer_pokemon (trainer_id, pokemon_national_dex_id, level, slot_order, moves, ability, held_item, nature)
  VALUES (v_trainer_id, 93, 21, 2, '["Hypnosis", "Spite", "Mean Look", "Shadow Ball"]'::jsonb, 'Levitate', NULL, NULL);
  INSERT INTO public.trainer_pokemon (trainer_id, pokemon_national_dex_id, level, slot_order, moves, ability, held_item, nature)
  VALUES (v_trainer_id, 94, 25, 3, '["Hypnosis", "Shadow Ball", "Sucker Punch", "Dream Eater"]'::jsonb, 'Levitate', NULL, NULL);
  INSERT INTO public.trainer_pokemon (trainer_id, pokemon_national_dex_id, level, slot_order, moves, ability, held_item, nature)
  VALUES (v_trainer_id, 93, 23, 4, '["Hypnosis", "Spite", "Sucker Punch", "Shadow Ball"]'::jsonb, 'Levitate', NULL, NULL);
END $$;

-- Chuck (Gym Leader)
DO $$
DECLARE
  v_trainer_id UUID;
  v_route_id UUID;
BEGIN
  SELECT id INTO v_route_id FROM public.routes WHERE slug = 'cianwood-city' AND game_id = 'd0e1f2a3-b4c5-6789-de90-123456789012';
  INSERT INTO public.trainers (route_id, name, trainer_class, is_boss, boss_type, level_cap, display_order, notes)
  VALUES (v_route_id, 'Chuck', 'Gym Leader', true, 'gym_leader', 31, 1, 'Fighting-type specialist. Storm Badge.')
  RETURNING id INTO v_trainer_id;

  INSERT INTO public.trainer_pokemon (trainer_id, pokemon_national_dex_id, level, slot_order, moves, ability, held_item, nature)
  VALUES (v_trainer_id, 57, 29, 1, '["Leer", "Rage", "Karate Chop", "Rock Slide"]'::jsonb, 'Vital Spirit', NULL, NULL);
  INSERT INTO public.trainer_pokemon (trainer_id, pokemon_national_dex_id, level, slot_order, moves, ability, held_item, nature)
  VALUES (v_trainer_id, 62, 31, 2, '["Hypnosis", "Focus Punch", "Surf", "Body Slam"]'::jsonb, 'Damp', NULL, NULL);
END $$;

-- Jasmine (Gym Leader)
DO $$
DECLARE
  v_trainer_id UUID;
  v_route_id UUID;
BEGIN
  SELECT id INTO v_route_id FROM public.routes WHERE slug = 'olivine-city' AND game_id = 'd0e1f2a3-b4c5-6789-de90-123456789012';
  INSERT INTO public.trainers (route_id, name, trainer_class, is_boss, boss_type, level_cap, display_order, notes)
  VALUES (v_route_id, 'Jasmine', 'Gym Leader', true, 'gym_leader', 35, 1, 'Steel-type specialist. Mineral Badge.')
  RETURNING id INTO v_trainer_id;

  INSERT INTO public.trainer_pokemon (trainer_id, pokemon_national_dex_id, level, slot_order, moves, ability, held_item, nature)
  VALUES (v_trainer_id, 81, 30, 1, '["Thunder Wave", "Supersonic", "Thunderbolt", "Sonic Boom"]'::jsonb, 'Magnet Pull', NULL, NULL);
  INSERT INTO public.trainer_pokemon (trainer_id, pokemon_national_dex_id, level, slot_order, moves, ability, held_item, nature)
  VALUES (v_trainer_id, 81, 30, 2, '["Thunder Wave", "Supersonic", "Thunderbolt", "Sonic Boom"]'::jsonb, 'Magnet Pull', NULL, NULL);
  INSERT INTO public.trainer_pokemon (trainer_id, pokemon_national_dex_id, level, slot_order, moves, ability, held_item, nature)
  VALUES (v_trainer_id, 208, 35, 3, '["Iron Tail", "Screech", "Rock Throw", "Sandstorm"]'::jsonb, 'Sturdy', NULL, NULL);
END $$;

-- Pryce (Gym Leader)
DO $$
DECLARE
  v_trainer_id UUID;
  v_route_id UUID;
BEGIN
  SELECT id INTO v_route_id FROM public.routes WHERE slug = 'mahogany-town' AND game_id = 'd0e1f2a3-b4c5-6789-de90-123456789012';
  INSERT INTO public.trainers (route_id, name, trainer_class, is_boss, boss_type, level_cap, display_order, notes)
  VALUES (v_route_id, 'Pryce', 'Gym Leader', true, 'gym_leader', 34, 1, 'Ice-type specialist. Glacier Badge.')
  RETURNING id INTO v_trainer_id;

  INSERT INTO public.trainer_pokemon (trainer_id, pokemon_national_dex_id, level, slot_order, moves, ability, held_item, nature)
  VALUES (v_trainer_id, 86, 30, 1, '["Hail", "Icy Wind", "Aurora Beam", "Rest"]'::jsonb, 'Thick Fat', NULL, NULL);
  INSERT INTO public.trainer_pokemon (trainer_id, pokemon_national_dex_id, level, slot_order, moves, ability, held_item, nature)
  VALUES (v_trainer_id, 87, 32, 2, '["Hail", "Icy Wind", "Aurora Beam", "Rest"]'::jsonb, 'Thick Fat', NULL, NULL);
  INSERT INTO public.trainer_pokemon (trainer_id, pokemon_national_dex_id, level, slot_order, moves, ability, held_item, nature)
  VALUES (v_trainer_id, 221, 34, 3, '["Hail", "Ice Fang", "Mud Bomb", "Blizzard"]'::jsonb, 'Oblivious', NULL, NULL);
END $$;

-- Clair (Gym Leader)
DO $$
DECLARE
  v_trainer_id UUID;
  v_route_id UUID;
BEGIN
  SELECT id INTO v_route_id FROM public.routes WHERE slug = 'blackthorn-city' AND game_id = 'd0e1f2a3-b4c5-6789-de90-123456789012';
  INSERT INTO public.trainers (route_id, name, trainer_class, is_boss, boss_type, level_cap, display_order, notes)
  VALUES (v_route_id, 'Clair', 'Gym Leader', true, 'gym_leader', 41, 1, 'Dragon-type specialist. Rising Badge.')
  RETURNING id INTO v_trainer_id;

  INSERT INTO public.trainer_pokemon (trainer_id, pokemon_national_dex_id, level, slot_order, moves, ability, held_item, nature)
  VALUES (v_trainer_id, 148, 38, 1, '["Thunder Wave", "Twister", "DragonBreath", "Slam"]'::jsonb, 'Shed Skin', NULL, NULL);
  INSERT INTO public.trainer_pokemon (trainer_id, pokemon_national_dex_id, level, slot_order, moves, ability, held_item, nature)
  VALUES (v_trainer_id, 148, 38, 2, '["Fire Blast", "Twister", "DragonBreath", "Slam"]'::jsonb, 'Shed Skin', NULL, NULL);
  INSERT INTO public.trainer_pokemon (trainer_id, pokemon_national_dex_id, level, slot_order, moves, ability, held_item, nature)
  VALUES (v_trainer_id, 130, 38, 3, '["Dragon Rage", "Dragon Pulse", "Twister", "Bite"]'::jsonb, 'Intimidate', NULL, NULL);
  INSERT INTO public.trainer_pokemon (trainer_id, pokemon_national_dex_id, level, slot_order, moves, ability, held_item, nature)
  VALUES (v_trainer_id, 230, 41, 4, '["Dragon Pulse", "Hydro Pump", "Smokescreen", "Gyro Ball"]'::jsonb, 'Sniper', NULL, NULL);
END $$;

-- Will (Elite Four)
DO $$
DECLARE
  v_trainer_id UUID;
  v_route_id UUID;
BEGIN
  SELECT id INTO v_route_id FROM public.routes WHERE slug = 'indigo-plateau' AND game_id = 'd0e1f2a3-b4c5-6789-de90-123456789012';
  INSERT INTO public.trainers (route_id, name, trainer_class, is_boss, boss_type, level_cap, display_order, notes)
  VALUES (v_route_id, 'Will', 'Elite Four', true, 'elite_four', 42, 1, 'Psychic-type specialist. First of the Elite Four.')
  RETURNING id INTO v_trainer_id;

  INSERT INTO public.trainer_pokemon (trainer_id, pokemon_national_dex_id, level, slot_order, moves, ability, held_item, nature)
  VALUES (v_trainer_id, 178, 40, 1, '["Air Slash", "Psychic", "Confuse Ray", "U-turn"]'::jsonb, 'Synchronize', NULL, NULL);
  INSERT INTO public.trainer_pokemon (trainer_id, pokemon_national_dex_id, level, slot_order, moves, ability, held_item, nature)
  VALUES (v_trainer_id, 124, 41, 2, '["Psychic", "Ice Punch", "Lovely Kiss", "Double Slap"]'::jsonb, 'Oblivious', NULL, NULL);
  INSERT INTO public.trainer_pokemon (trainer_id, pokemon_national_dex_id, level, slot_order, moves, ability, held_item, nature)
  VALUES (v_trainer_id, 103, 41, 3, '["Psychic", "Egg Bomb", "Reflect", "Leech Seed"]'::jsonb, 'Chlorophyll', NULL, NULL);
  INSERT INTO public.trainer_pokemon (trainer_id, pokemon_national_dex_id, level, slot_order, moves, ability, held_item, nature)
  VALUES (v_trainer_id, 80, 41, 4, '["Psychic", "Surf", "Amnesia", "Body Slam"]'::jsonb, 'Own Tempo', NULL, NULL);
  INSERT INTO public.trainer_pokemon (trainer_id, pokemon_national_dex_id, level, slot_order, moves, ability, held_item, nature)
  VALUES (v_trainer_id, 178, 42, 5, '["Psychic", "Air Slash", "Shadow Ball", "U-turn"]'::jsonb, 'Synchronize', NULL, NULL);
END $$;

-- Koga (Elite Four)
DO $$
DECLARE
  v_trainer_id UUID;
  v_route_id UUID;
BEGIN
  SELECT id INTO v_route_id FROM public.routes WHERE slug = 'indigo-plateau' AND game_id = 'd0e1f2a3-b4c5-6789-de90-123456789012';
  INSERT INTO public.trainers (route_id, name, trainer_class, is_boss, boss_type, level_cap, display_order, notes)
  VALUES (v_route_id, 'Koga', 'Elite Four', true, 'elite_four', 44, 2, 'Poison-type specialist. Second of the Elite Four.')
  RETURNING id INTO v_trainer_id;

  INSERT INTO public.trainer_pokemon (trainer_id, pokemon_national_dex_id, level, slot_order, moves, ability, held_item, nature)
  VALUES (v_trainer_id, 168, 40, 1, '["Bug Bite", "Poison Jab", "Giga Drain", "Baton Pass"]'::jsonb, 'Insomnia', NULL, NULL);
  INSERT INTO public.trainer_pokemon (trainer_id, pokemon_national_dex_id, level, slot_order, moves, ability, held_item, nature)
  VALUES (v_trainer_id, 49, 41, 2, '["Bug Buzz", "Psychic", "Signal Beam", "Double Team"]'::jsonb, 'Tinted Lens', NULL, NULL);
  INSERT INTO public.trainer_pokemon (trainer_id, pokemon_national_dex_id, level, slot_order, moves, ability, held_item, nature)
  VALUES (v_trainer_id, 169, 42, 3, '["Cross Poison", "Air Slash", "Confuse Ray", "Mean Look"]'::jsonb, 'Inner Focus', NULL, NULL);
  INSERT INTO public.trainer_pokemon (trainer_id, pokemon_national_dex_id, level, slot_order, moves, ability, held_item, nature)
  VALUES (v_trainer_id, 89, 43, 4, '["Gunk Shot", "Minimize", "Screech", "Mud Bomb"]'::jsonb, 'Sticky Hold', NULL, NULL);
  INSERT INTO public.trainer_pokemon (trainer_id, pokemon_national_dex_id, level, slot_order, moves, ability, held_item, nature)
  VALUES (v_trainer_id, 205, 44, 5, '["Bug Bite", "Explosion", "Toxic Spikes", "Protect"]'::jsonb, 'Sturdy', NULL, NULL);
END $$;

-- Bruno (Elite Four)
DO $$
DECLARE
  v_trainer_id UUID;
  v_route_id UUID;
BEGIN
  SELECT id INTO v_route_id FROM public.routes WHERE slug = 'indigo-plateau' AND game_id = 'd0e1f2a3-b4c5-6789-de90-123456789012';
  INSERT INTO public.trainers (route_id, name, trainer_class, is_boss, boss_type, level_cap, display_order, notes)
  VALUES (v_route_id, 'Bruno', 'Elite Four', true, 'elite_four', 46, 3, 'Fighting-type specialist. Third of the Elite Four.')
  RETURNING id INTO v_trainer_id;

  INSERT INTO public.trainer_pokemon (trainer_id, pokemon_national_dex_id, level, slot_order, moves, ability, held_item, nature)
  VALUES (v_trainer_id, 107, 42, 1, '["ThunderPunch", "Ice Punch", "Fire Punch", "Bullet Punch"]'::jsonb, 'Iron Fist', NULL, NULL);
  INSERT INTO public.trainer_pokemon (trainer_id, pokemon_national_dex_id, level, slot_order, moves, ability, held_item, nature)
  VALUES (v_trainer_id, 106, 42, 2, '["Jump Kick", "Blaze Kick", "Focus Energy", "Swagger"]'::jsonb, 'Limber', NULL, NULL);
  INSERT INTO public.trainer_pokemon (trainer_id, pokemon_national_dex_id, level, slot_order, moves, ability, held_item, nature)
  VALUES (v_trainer_id, 95, 43, 3, '["Earthquake", "Rock Slide", "Sandstorm", "Double Edge"]'::jsonb, 'Rock Head', NULL, NULL);
  INSERT INTO public.trainer_pokemon (trainer_id, pokemon_national_dex_id, level, slot_order, moves, ability, held_item, nature)
  VALUES (v_trainer_id, 237, 42, 4, '["Triple Kick", "Counter", "Quick Attack", "Detect"]'::jsonb, 'Intimidate', NULL, NULL);
  INSERT INTO public.trainer_pokemon (trainer_id, pokemon_national_dex_id, level, slot_order, moves, ability, held_item, nature)
  VALUES (v_trainer_id, 68, 46, 5, '["Cross Chop", "Bullet Punch", "Rock Slide", "Foresight"]'::jsonb, 'Guts', NULL, NULL);
END $$;

-- Karen (Elite Four)
DO $$
DECLARE
  v_trainer_id UUID;
  v_route_id UUID;
BEGIN
  SELECT id INTO v_route_id FROM public.routes WHERE slug = 'indigo-plateau' AND game_id = 'd0e1f2a3-b4c5-6789-de90-123456789012';
  INSERT INTO public.trainers (route_id, name, trainer_class, is_boss, boss_type, level_cap, display_order, notes)
  VALUES (v_route_id, 'Karen', 'Elite Four', true, 'elite_four', 47, 4, 'Dark-type specialist. Fourth of the Elite Four.')
  RETURNING id INTO v_trainer_id;

  INSERT INTO public.trainer_pokemon (trainer_id, pokemon_national_dex_id, level, slot_order, moves, ability, held_item, nature)
  VALUES (v_trainer_id, 197, 42, 1, '["Dark Pulse", "Confuse Ray", "Quick Attack", "Payback"]'::jsonb, 'Synchronize', NULL, NULL);
  INSERT INTO public.trainer_pokemon (trainer_id, pokemon_national_dex_id, level, slot_order, moves, ability, held_item, nature)
  VALUES (v_trainer_id, 45, 42, 2, '["Petal Dance", "Moonlight", "Stun Spore", "Attract"]'::jsonb, 'Chlorophyll', NULL, NULL);
  INSERT INTO public.trainer_pokemon (trainer_id, pokemon_national_dex_id, level, slot_order, moves, ability, held_item, nature)
  VALUES (v_trainer_id, 94, 44, 3, '["Shadow Ball", "Sludge Bomb", "Lick", "Curse"]'::jsonb, 'Levitate', NULL, NULL);
  INSERT INTO public.trainer_pokemon (trainer_id, pokemon_national_dex_id, level, slot_order, moves, ability, held_item, nature)
  VALUES (v_trainer_id, 198, 44, 4, '["Sucker Punch", "Whirlwind", "Psychic", "Faint Attack"]'::jsonb, 'Insomnia', NULL, NULL);
  INSERT INTO public.trainer_pokemon (trainer_id, pokemon_national_dex_id, level, slot_order, moves, ability, held_item, nature)
  VALUES (v_trainer_id, 229, 47, 5, '["Dark Pulse", "Flamethrower", "Nasty Plot", "Crunch"]'::jsonb, 'Flash Fire', NULL, NULL);
END $$;

-- Lance (Champion)
DO $$
DECLARE
  v_trainer_id UUID;
  v_route_id UUID;
BEGIN
  SELECT id INTO v_route_id FROM public.routes WHERE slug = 'indigo-plateau' AND game_id = 'd0e1f2a3-b4c5-6789-de90-123456789012';
  INSERT INTO public.trainers (route_id, name, trainer_class, is_boss, boss_type, level_cap, display_order, notes)
  VALUES (v_route_id, 'Lance', 'Champion', true, 'champion', 50, 5, 'Dragon-type specialist. Johto Champion.')
  RETURNING id INTO v_trainer_id;

  INSERT INTO public.trainer_pokemon (trainer_id, pokemon_national_dex_id, level, slot_order, moves, ability, held_item, nature)
  VALUES (v_trainer_id, 130, 46, 1, '["Dragon Dance", "Waterfall", "Ice Fang", "Flail"]'::jsonb, 'Intimidate', NULL, NULL);
  INSERT INTO public.trainer_pokemon (trainer_id, pokemon_national_dex_id, level, slot_order, moves, ability, held_item, nature)
  VALUES (v_trainer_id, 149, 49, 2, '["Dragon Rush", "Thunder Wave", "Thunder", "Hyper Beam"]'::jsonb, 'Inner Focus', NULL, NULL);
  INSERT INTO public.trainer_pokemon (trainer_id, pokemon_national_dex_id, level, slot_order, moves, ability, held_item, nature)
  VALUES (v_trainer_id, 149, 49, 3, '["Dragon Rush", "Thunder Wave", "Blizzard", "Hyper Beam"]'::jsonb, 'Inner Focus', NULL, NULL);
  INSERT INTO public.trainer_pokemon (trainer_id, pokemon_national_dex_id, level, slot_order, moves, ability, held_item, nature)
  VALUES (v_trainer_id, 149, 50, 4, '["Dragon Rush", "Thunder Wave", "Fire Blast", "Hyper Beam"]'::jsonb, 'Inner Focus', NULL, NULL);
  INSERT INTO public.trainer_pokemon (trainer_id, pokemon_national_dex_id, level, slot_order, moves, ability, held_item, nature)
  VALUES (v_trainer_id, 142, 48, 5, '["Rock Slide", "Aerial Ace", "Crunch", "Thunder Fang"]'::jsonb, 'Rock Head', NULL, NULL);
  INSERT INTO public.trainer_pokemon (trainer_id, pokemon_national_dex_id, level, slot_order, moves, ability, held_item, nature)
  VALUES (v_trainer_id, 6, 48, 6, '["Flamethrower", "Air Slash", "Dragon Pulse", "Shadow Claw"]'::jsonb, 'Blaze', NULL, NULL);
END $$;

-- Lt. Surge (Gym Leader)
DO $$
DECLARE
  v_trainer_id UUID;
  v_route_id UUID;
BEGIN
  SELECT id INTO v_route_id FROM public.routes WHERE slug = 'vermilion-city' AND game_id = 'd0e1f2a3-b4c5-6789-de90-123456789012';
  INSERT INTO public.trainers (route_id, name, trainer_class, is_boss, boss_type, level_cap, display_order, notes)
  VALUES (v_route_id, 'Lt. Surge', 'Gym Leader', true, 'gym_leader', 51, 1, 'Electric-type specialist. Thunder Badge.')
  RETURNING id INTO v_trainer_id;

  INSERT INTO public.trainer_pokemon (trainer_id, pokemon_national_dex_id, level, slot_order, moves, ability, held_item, nature)
  VALUES (v_trainer_id, 26, 51, 1, '["Thunder Wave", "Quick Attack", "Thunderbolt", "Signal Beam"]'::jsonb, 'Static', NULL, NULL);
  INSERT INTO public.trainer_pokemon (trainer_id, pokemon_national_dex_id, level, slot_order, moves, ability, held_item, nature)
  VALUES (v_trainer_id, 101, 47, 2, '["Screech", "Thunderbolt", "Signal Beam", "Light Screen"]'::jsonb, 'Soundproof', NULL, NULL);
  INSERT INTO public.trainer_pokemon (trainer_id, pokemon_national_dex_id, level, slot_order, moves, ability, held_item, nature)
  VALUES (v_trainer_id, 82, 47, 3, '["Thunderbolt", "Flash Cannon", "Supersonic", "Thunder Wave"]'::jsonb, 'Magnet Pull', NULL, NULL);
  INSERT INTO public.trainer_pokemon (trainer_id, pokemon_national_dex_id, level, slot_order, moves, ability, held_item, nature)
  VALUES (v_trainer_id, 125, 47, 4, '["ThunderPunch", "Light Screen", "Quick Attack", "Low Kick"]'::jsonb, 'Static', NULL, NULL);
END $$;

-- Sabrina (Gym Leader)
DO $$
DECLARE
  v_trainer_id UUID;
  v_route_id UUID;
BEGIN
  SELECT id INTO v_route_id FROM public.routes WHERE slug = 'saffron-city' AND game_id = 'd0e1f2a3-b4c5-6789-de90-123456789012';
  INSERT INTO public.trainers (route_id, name, trainer_class, is_boss, boss_type, level_cap, display_order, notes)
  VALUES (v_route_id, 'Sabrina', 'Gym Leader', true, 'gym_leader', 53, 1, 'Psychic-type specialist. Marsh Badge.')
  RETURNING id INTO v_trainer_id;

  INSERT INTO public.trainer_pokemon (trainer_id, pokemon_national_dex_id, level, slot_order, moves, ability, held_item, nature)
  VALUES (v_trainer_id, 196, 53, 1, '["Psychic", "Shadow Ball", "Calm Mind", "Skill Swap"]'::jsonb, 'Synchronize', NULL, NULL);
  INSERT INTO public.trainer_pokemon (trainer_id, pokemon_national_dex_id, level, slot_order, moves, ability, held_item, nature)
  VALUES (v_trainer_id, 122, 50, 2, '["Psychic", "Reflect", "Light Screen", "Calm Mind"]'::jsonb, 'Filter', NULL, NULL);
  INSERT INTO public.trainer_pokemon (trainer_id, pokemon_national_dex_id, level, slot_order, moves, ability, held_item, nature)
  VALUES (v_trainer_id, 65, 48, 3, '["Psychic", "Energy Ball", "Charge Beam", "Reflect"]'::jsonb, 'Synchronize', NULL, NULL);
END $$;

-- Misty (Gym Leader)
DO $$
DECLARE
  v_trainer_id UUID;
  v_route_id UUID;
BEGIN
  SELECT id INTO v_route_id FROM public.routes WHERE slug = 'cerulean-city' AND game_id = 'd0e1f2a3-b4c5-6789-de90-123456789012';
  INSERT INTO public.trainers (route_id, name, trainer_class, is_boss, boss_type, level_cap, display_order, notes)
  VALUES (v_route_id, 'Misty', 'Gym Leader', true, 'gym_leader', 54, 1, 'Water-type specialist. Cascade Badge.')
  RETURNING id INTO v_trainer_id;

  INSERT INTO public.trainer_pokemon (trainer_id, pokemon_national_dex_id, level, slot_order, moves, ability, held_item, nature)
  VALUES (v_trainer_id, 55, 49, 1, '["Surf", "Psychic", "Ice Beam", "Rain Dance"]'::jsonb, 'Cloud Nine', NULL, NULL);
  INSERT INTO public.trainer_pokemon (trainer_id, pokemon_national_dex_id, level, slot_order, moves, ability, held_item, nature)
  VALUES (v_trainer_id, 121, 54, 2, '["Surf", "Psychic", "Ice Beam", "Power Gem"]'::jsonb, 'Natural Cure', NULL, NULL);
  INSERT INTO public.trainer_pokemon (trainer_id, pokemon_national_dex_id, level, slot_order, moves, ability, held_item, nature)
  VALUES (v_trainer_id, 131, 52, 3, '["Surf", "Ice Beam", "Body Slam", "Rain Dance"]'::jsonb, 'Water Absorb', NULL, NULL);
  INSERT INTO public.trainer_pokemon (trainer_id, pokemon_national_dex_id, level, slot_order, moves, ability, held_item, nature)
  VALUES (v_trainer_id, 195, 49, 4, '["Surf", "Earthquake", "Rain Dance", "Amnesia"]'::jsonb, 'Water Absorb', NULL, NULL);
END $$;

-- Erika (Gym Leader)
DO $$
DECLARE
  v_trainer_id UUID;
  v_route_id UUID;
BEGIN
  SELECT id INTO v_route_id FROM public.routes WHERE slug = 'celadon-city' AND game_id = 'd0e1f2a3-b4c5-6789-de90-123456789012';
  INSERT INTO public.trainers (route_id, name, trainer_class, is_boss, boss_type, level_cap, display_order, notes)
  VALUES (v_route_id, 'Erika', 'Gym Leader', true, 'gym_leader', 56, 1, 'Grass-type specialist. Rainbow Badge.')
  RETURNING id INTO v_trainer_id;

  INSERT INTO public.trainer_pokemon (trainer_id, pokemon_national_dex_id, level, slot_order, moves, ability, held_item, nature)
  VALUES (v_trainer_id, 189, 51, 1, '["Sunny Day", "Leech Seed", "Cotton Spore", "Giga Drain"]'::jsonb, 'Chlorophyll', NULL, NULL);
  INSERT INTO public.trainer_pokemon (trainer_id, pokemon_national_dex_id, level, slot_order, moves, ability, held_item, nature)
  VALUES (v_trainer_id, 182, 56, 2, '["Petal Dance", "SolarBeam", "Aromatherapy", "Sunny Day"]'::jsonb, 'Chlorophyll', NULL, NULL);
  INSERT INTO public.trainer_pokemon (trainer_id, pokemon_national_dex_id, level, slot_order, moves, ability, held_item, nature)
  VALUES (v_trainer_id, 114, 52, 3, '["Power Whip", "AncientPower", "Sleep Powder", "Stun Spore"]'::jsonb, 'Chlorophyll', NULL, NULL);
  INSERT INTO public.trainer_pokemon (trainer_id, pokemon_national_dex_id, level, slot_order, moves, ability, held_item, nature)
  VALUES (v_trainer_id, 45, 56, 4, '["Petal Dance", "Moonlight", "SolarBeam", "Sunny Day"]'::jsonb, 'Chlorophyll', NULL, NULL);
END $$;

-- Janine (Gym Leader)
DO $$
DECLARE
  v_trainer_id UUID;
  v_route_id UUID;
BEGIN
  SELECT id INTO v_route_id FROM public.routes WHERE slug = 'fuchsia-city' AND game_id = 'd0e1f2a3-b4c5-6789-de90-123456789012';
  INSERT INTO public.trainers (route_id, name, trainer_class, is_boss, boss_type, level_cap, display_order, notes)
  VALUES (v_route_id, 'Janine', 'Gym Leader', true, 'gym_leader', 50, 1, 'Poison-type specialist. Soul Badge.')
  RETURNING id INTO v_trainer_id;

  INSERT INTO public.trainer_pokemon (trainer_id, pokemon_national_dex_id, level, slot_order, moves, ability, held_item, nature)
  VALUES (v_trainer_id, 169, 47, 1, '["Cross Poison", "Air Slash", "Confuse Ray", "U-turn"]'::jsonb, 'Inner Focus', NULL, NULL);
  INSERT INTO public.trainer_pokemon (trainer_id, pokemon_national_dex_id, level, slot_order, moves, ability, held_item, nature)
  VALUES (v_trainer_id, 168, 47, 2, '["Poison Jab", "Bug Bite", "Giga Drain", "Baton Pass"]'::jsonb, 'Insomnia', NULL, NULL);
  INSERT INTO public.trainer_pokemon (trainer_id, pokemon_national_dex_id, level, slot_order, moves, ability, held_item, nature)
  VALUES (v_trainer_id, 49, 50, 3, '["Psychic", "Bug Buzz", "Sleep Powder", "Signal Beam"]'::jsonb, 'Tinted Lens', NULL, NULL);
  INSERT INTO public.trainer_pokemon (trainer_id, pokemon_national_dex_id, level, slot_order, moves, ability, held_item, nature)
  VALUES (v_trainer_id, 110, 44, 4, '["Sludge Bomb", "Thunderbolt", "Explosion", "Shadow Ball"]'::jsonb, 'Levitate', NULL, NULL);
END $$;

-- Brock (Gym Leader)
DO $$
DECLARE
  v_trainer_id UUID;
  v_route_id UUID;
BEGIN
  SELECT id INTO v_route_id FROM public.routes WHERE slug = 'pewter-city' AND game_id = 'd0e1f2a3-b4c5-6789-de90-123456789012';
  INSERT INTO public.trainers (route_id, name, trainer_class, is_boss, boss_type, level_cap, display_order, notes)
  VALUES (v_route_id, 'Brock', 'Gym Leader', true, 'gym_leader', 55, 1, 'Rock-type specialist. Boulder Badge.')
  RETURNING id INTO v_trainer_id;

  INSERT INTO public.trainer_pokemon (trainer_id, pokemon_national_dex_id, level, slot_order, moves, ability, held_item, nature)
  VALUES (v_trainer_id, 76, 51, 1, '["Earthquake", "Stone Edge", "Sandstorm", "Stealth Rock"]'::jsonb, 'Sturdy', NULL, NULL);
  INSERT INTO public.trainer_pokemon (trainer_id, pokemon_national_dex_id, level, slot_order, moves, ability, held_item, nature)
  VALUES (v_trainer_id, 112, 51, 2, '["Earthquake", "Stone Edge", "Megahorn", "Crunch"]'::jsonb, 'Lightning Rod', NULL, NULL);
  INSERT INTO public.trainer_pokemon (trainer_id, pokemon_national_dex_id, level, slot_order, moves, ability, held_item, nature)
  VALUES (v_trainer_id, 139, 52, 3, '["Surf", "AncientPower", "Tickle", "Protect"]'::jsonb, 'Shell Armor', NULL, NULL);
  INSERT INTO public.trainer_pokemon (trainer_id, pokemon_national_dex_id, level, slot_order, moves, ability, held_item, nature)
  VALUES (v_trainer_id, 141, 52, 4, '["AncientPower", "Aqua Jet", "Slash", "Endure"]'::jsonb, 'Battle Armor', NULL, NULL);
  INSERT INTO public.trainer_pokemon (trainer_id, pokemon_national_dex_id, level, slot_order, moves, ability, held_item, nature)
  VALUES (v_trainer_id, 95, 55, 5, '["Earthquake", "Stone Edge", "Sandstorm", "Iron Tail"]'::jsonb, 'Rock Head', NULL, NULL);
END $$;

-- Blaine (Gym Leader)
DO $$
DECLARE
  v_trainer_id UUID;
  v_route_id UUID;
BEGIN
  SELECT id INTO v_route_id FROM public.routes WHERE slug = 'cinnabar-island' AND game_id = 'd0e1f2a3-b4c5-6789-de90-123456789012';
  INSERT INTO public.trainers (route_id, name, trainer_class, is_boss, boss_type, level_cap, display_order, notes)
  VALUES (v_route_id, 'Blaine', 'Gym Leader', true, 'gym_leader', 54, 1, 'Fire-type specialist. Volcano Badge.')
  RETURNING id INTO v_trainer_id;

  INSERT INTO public.trainer_pokemon (trainer_id, pokemon_national_dex_id, level, slot_order, moves, ability, held_item, nature)
  VALUES (v_trainer_id, 126, 54, 1, '["Flamethrower", "SolarBeam", "Sunny Day", "Confuse Ray"]'::jsonb, 'Flame Body', NULL, NULL);
  INSERT INTO public.trainer_pokemon (trainer_id, pokemon_national_dex_id, level, slot_order, moves, ability, held_item, nature)
  VALUES (v_trainer_id, 78, 48, 2, '["Flare Blitz", "SolarBeam", "Sunny Day", "Quick Attack"]'::jsonb, 'Flash Fire', NULL, NULL);
  INSERT INTO public.trainer_pokemon (trainer_id, pokemon_national_dex_id, level, slot_order, moves, ability, held_item, nature)
  VALUES (v_trainer_id, 59, 50, 3, '["Flare Blitz", "ExtremeSpeed", "Crunch", "Thunder Fang"]'::jsonb, 'Intimidate', NULL, NULL);
END $$;

-- Blue (Gym Leader)
DO $$
DECLARE
  v_trainer_id UUID;
  v_route_id UUID;
BEGIN
  SELECT id INTO v_route_id FROM public.routes WHERE slug = 'viridian-city' AND game_id = 'd0e1f2a3-b4c5-6789-de90-123456789012';
  INSERT INTO public.trainers (route_id, name, trainer_class, is_boss, boss_type, level_cap, display_order, notes)
  VALUES (v_route_id, 'Blue', 'Gym Leader', true, 'gym_leader', 56, 1, 'Mixed-type specialist. Earth Badge.')
  RETURNING id INTO v_trainer_id;

  INSERT INTO public.trainer_pokemon (trainer_id, pokemon_national_dex_id, level, slot_order, moves, ability, held_item, nature)
  VALUES (v_trainer_id, 103, 55, 1, '["Psychic", "Leaf Storm", "Trick Room", "Hypnosis"]'::jsonb, 'Chlorophyll', NULL, NULL);
  INSERT INTO public.trainer_pokemon (trainer_id, pokemon_national_dex_id, level, slot_order, moves, ability, held_item, nature)
  VALUES (v_trainer_id, 59, 54, 2, '["Flare Blitz", "ExtremeSpeed", "Crunch", "Iron Tail"]'::jsonb, 'Intimidate', NULL, NULL);
  INSERT INTO public.trainer_pokemon (trainer_id, pokemon_national_dex_id, level, slot_order, moves, ability, held_item, nature)
  VALUES (v_trainer_id, 68, 56, 3, '["Cross Chop", "Stone Edge", "Earthquake", "Scary Face"]'::jsonb, 'No Guard', NULL, NULL);
  INSERT INTO public.trainer_pokemon (trainer_id, pokemon_national_dex_id, level, slot_order, moves, ability, held_item, nature)
  VALUES (v_trainer_id, 130, 52, 4, '["Waterfall", "Ice Fang", "Dragon Dance", "Thrash"]'::jsonb, 'Intimidate', NULL, NULL);
  INSERT INTO public.trainer_pokemon (trainer_id, pokemon_national_dex_id, level, slot_order, moves, ability, held_item, nature)
  VALUES (v_trainer_id, 18, 56, 5, '["Air Slash", "Return", "Mirror Move", "Whirlwind"]'::jsonb, 'Keen Eye', NULL, NULL);
  INSERT INTO public.trainer_pokemon (trainer_id, pokemon_national_dex_id, level, slot_order, moves, ability, held_item, nature)
  VALUES (v_trainer_id, 112, 56, 6, '["Earthquake", "Megahorn", "Rock Wrecker", "Payback"]'::jsonb, 'Lightning Rod', NULL, NULL);
END $$;

-- Update total_routes count
UPDATE public.games SET total_routes = 90 WHERE id = 'd0e1f2a3-b4c5-6789-de90-123456789012';
-- ===========================================
-- POKEMON CRYSTAL: COMPLETE GAME DATA
-- Official Pokemon Game
-- Gen 2, Johto region
-- ===========================================
-- Game ID: e1f2a3b4-c5d6-7890-ef12-345678901234
-- ===========================================

-- STEP 1: Insert the game
INSERT INTO public.games (id, slug, name, generation, region, base_game_slug, is_romhack, sprite_url, total_routes, description)
VALUES (
  'e1f2a3b4-c5d6-7890-ef12-345678901234',
  'pokemon-crystal',
  'Pokemon Crystal',
  2,
  'Johto',
  NULL,
  false,
  'https://raw.githubusercontent.com/PokeAPI/sprites/master/sprites/pokemon/245.png',
  86,
  'Pokemon Crystal Version for Game Boy Color. The definitive Gen 2 experience with animated sprites and Suicune storyline. Features Johto and Kanto regions.'
);

-- ===========================================
-- STEP 2: ALL ROUTES (86 total)
-- ===========================================

INSERT INTO public.routes (game_id, name, slug, display_order, route_type, has_encounters, has_trainers, has_items, notes) VALUES
('e1f2a3b4-c5d6-7890-ef12-345678901234', 'New Bark Town', 'new-bark-town', 1, 'city', true, false, false, 'Starter town. Choose Chikorita, Cyndaquil, or Totodile.'),
('e1f2a3b4-c5d6-7890-ef12-345678901234', 'Route 29', 'route-29', 2, 'route', true, false, false, NULL),
('e1f2a3b4-c5d6-7890-ef12-345678901234', 'Route 46', 'route-46', 3, 'route', true, false, false, NULL),
('e1f2a3b4-c5d6-7890-ef12-345678901234', 'Cherrygrove City', 'cherrygrove-city', 4, 'city', true, false, false, 'Surf and fishing available.'),
('e1f2a3b4-c5d6-7890-ef12-345678901234', 'Route 30', 'route-30', 5, 'route', true, false, false, NULL),
('e1f2a3b4-c5d6-7890-ef12-345678901234', 'Route 31', 'route-31', 6, 'route', true, false, false, NULL),
('e1f2a3b4-c5d6-7890-ef12-345678901234', 'Dark Cave (Violet Side)', 'dark-cave-violet', 7, 'cave', true, false, false, NULL),
('e1f2a3b4-c5d6-7890-ef12-345678901234', 'Violet City', 'violet-city', 8, 'city', false, true, false, 'Gym Leader Falkner. Flying-type specialist.'),
('e1f2a3b4-c5d6-7890-ef12-345678901234', 'Sprout Tower', 'sprout-tower', 9, 'building', true, true, false, NULL),
('e1f2a3b4-c5d6-7890-ef12-345678901234', 'Route 32', 'route-32', 10, 'route', true, true, false, NULL),
('e1f2a3b4-c5d6-7890-ef12-345678901234', 'Ruins of Alph', 'ruins-of-alph', 11, 'special', true, false, false, 'Unown puzzle area.'),
('e1f2a3b4-c5d6-7890-ef12-345678901234', 'Union Cave', 'union-cave', 12, 'cave', true, true, false, NULL),
('e1f2a3b4-c5d6-7890-ef12-345678901234', 'Route 33', 'route-33', 13, 'route', true, false, false, NULL),
('e1f2a3b4-c5d6-7890-ef12-345678901234', 'Azalea Town', 'azalea-town', 14, 'city', false, true, false, 'Gym Leader Bugsy. Bug-type specialist.'),
('e1f2a3b4-c5d6-7890-ef12-345678901234', 'Slowpoke Well', 'slowpoke-well', 15, 'cave', true, false, false, NULL),
('e1f2a3b4-c5d6-7890-ef12-345678901234', 'Ilex Forest', 'ilex-forest', 16, 'route', true, false, false, NULL),
('e1f2a3b4-c5d6-7890-ef12-345678901234', 'Route 34', 'route-34', 17, 'route', true, true, false, NULL),
('e1f2a3b4-c5d6-7890-ef12-345678901234', 'Goldenrod City', 'goldenrod-city', 18, 'city', false, true, true, 'Gym Leader Whitney. Normal-type specialist.'),
('e1f2a3b4-c5d6-7890-ef12-345678901234', 'Route 35', 'route-35', 19, 'route', true, true, false, NULL),
('e1f2a3b4-c5d6-7890-ef12-345678901234', 'National Park', 'national-park', 20, 'route', true, false, false, 'Bug Catching Contest area.'),
('e1f2a3b4-c5d6-7890-ef12-345678901234', 'Route 36', 'route-36', 21, 'route', true, true, false, NULL),
('e1f2a3b4-c5d6-7890-ef12-345678901234', 'Route 37', 'route-37', 22, 'route', true, true, false, NULL),
('e1f2a3b4-c5d6-7890-ef12-345678901234', 'Ecruteak City', 'ecruteak-city', 23, 'city', false, true, false, 'Gym Leader Morty. Ghost-type specialist.'),
('e1f2a3b4-c5d6-7890-ef12-345678901234', 'Burned Tower', 'burned-tower', 24, 'building', true, false, false, 'Legendary beasts flee here.'),
('e1f2a3b4-c5d6-7890-ef12-345678901234', 'Tin Tower', 'tin-tower', 25, 'building', true, false, false, 'Suicune encounter. Called Bell Tower in HGSS.'),
('e1f2a3b4-c5d6-7890-ef12-345678901234', 'Route 38', 'route-38', 26, 'route', true, true, false, NULL),
('e1f2a3b4-c5d6-7890-ef12-345678901234', 'Route 39', 'route-39', 27, 'route', true, true, false, NULL),
('e1f2a3b4-c5d6-7890-ef12-345678901234', 'Olivine City', 'olivine-city', 28, 'city', false, true, false, 'Gym Leader Jasmine. Steel-type specialist.'),
('e1f2a3b4-c5d6-7890-ef12-345678901234', 'Route 40', 'route-40', 29, 'water', true, true, false, NULL),
('e1f2a3b4-c5d6-7890-ef12-345678901234', 'Route 41', 'route-41', 30, 'water', true, true, false, 'Whirl Islands nearby.'),
('e1f2a3b4-c5d6-7890-ef12-345678901234', 'Cianwood City', 'cianwood-city', 31, 'city', false, true, false, 'Gym Leader Chuck. Fighting-type specialist.'),
('e1f2a3b4-c5d6-7890-ef12-345678901234', 'Route 42', 'route-42', 32, 'route', true, true, false, NULL),
('e1f2a3b4-c5d6-7890-ef12-345678901234', 'Mt. Mortar', 'mt-mortar', 33, 'cave', true, false, true, NULL),
('e1f2a3b4-c5d6-7890-ef12-345678901234', 'Mahogany Town', 'mahogany-town', 34, 'city', false, true, false, 'Gym Leader Pryce. Ice-type specialist.'),
('e1f2a3b4-c5d6-7890-ef12-345678901234', 'Route 43', 'route-43', 35, 'route', true, true, false, NULL),
('e1f2a3b4-c5d6-7890-ef12-345678901234', 'Lake of Rage', 'lake-of-rage', 36, 'water', true, false, false, 'Red Gyarados event.'),
('e1f2a3b4-c5d6-7890-ef12-345678901234', 'Route 44', 'route-44', 37, 'route', true, true, false, NULL),
('e1f2a3b4-c5d6-7890-ef12-345678901234', 'Ice Path', 'ice-path', 38, 'cave', true, false, true, NULL),
('e1f2a3b4-c5d6-7890-ef12-345678901234', 'Blackthorn City', 'blackthorn-city', 39, 'city', false, true, false, 'Gym Leader Clair. Dragon-type specialist.'),
('e1f2a3b4-c5d6-7890-ef12-345678901234', 'Dragon''s Den', 'dragons-den', 40, 'cave', true, false, false, 'Dratini fishing.'),
('e1f2a3b4-c5d6-7890-ef12-345678901234', 'Route 45', 'route-45', 41, 'route', true, true, false, NULL),
('e1f2a3b4-c5d6-7890-ef12-345678901234', 'Dark Cave (Blackthorn Side)', 'dark-cave-blackthorn', 42, 'cave', true, false, false, NULL),
('e1f2a3b4-c5d6-7890-ef12-345678901234', 'Whirl Islands', 'whirl-islands', 43, 'cave', true, false, false, 'Lugia encounter.'),
('e1f2a3b4-c5d6-7890-ef12-345678901234', 'Route 27', 'route-27', 44, 'route', true, true, false, NULL),
('e1f2a3b4-c5d6-7890-ef12-345678901234', 'Tohjo Falls', 'tohjo-falls', 45, 'cave', true, false, false, NULL),
('e1f2a3b4-c5d6-7890-ef12-345678901234', 'Route 26', 'route-26', 46, 'route', true, true, false, NULL),
('e1f2a3b4-c5d6-7890-ef12-345678901234', 'Victory Road', 'victory-road', 47, 'cave', true, true, true, NULL),
('e1f2a3b4-c5d6-7890-ef12-345678901234', 'Indigo Plateau', 'indigo-plateau', 48, 'building', false, true, true, 'Elite Four and Champion Lance.'),
('e1f2a3b4-c5d6-7890-ef12-345678901234', 'Vermilion City', 'vermilion-city', 49, 'city', false, true, false, 'Gym Leader Lt. Surge. Electric-type specialist.'),
('e1f2a3b4-c5d6-7890-ef12-345678901234', 'Route 6', 'route-6', 50, 'route', true, true, false, NULL),
('e1f2a3b4-c5d6-7890-ef12-345678901234', 'Saffron City', 'saffron-city', 51, 'city', false, true, false, 'Gym Leader Sabrina. Psychic-type specialist.'),
('e1f2a3b4-c5d6-7890-ef12-345678901234', 'Route 5', 'route-5', 52, 'route', true, false, false, NULL),
('e1f2a3b4-c5d6-7890-ef12-345678901234', 'Cerulean City', 'cerulean-city', 53, 'city', false, true, false, 'Gym Leader Misty. Water-type specialist.'),
('e1f2a3b4-c5d6-7890-ef12-345678901234', 'Route 24', 'route-24', 54, 'route', true, true, false, NULL),
('e1f2a3b4-c5d6-7890-ef12-345678901234', 'Route 25', 'route-25', 55, 'route', true, true, false, NULL),
('e1f2a3b4-c5d6-7890-ef12-345678901234', 'Route 9', 'route-9', 56, 'route', true, true, false, NULL),
('e1f2a3b4-c5d6-7890-ef12-345678901234', 'Route 10', 'route-10', 57, 'route', true, false, false, NULL),
('e1f2a3b4-c5d6-7890-ef12-345678901234', 'Rock Tunnel', 'rock-tunnel', 58, 'cave', true, true, false, NULL),
('e1f2a3b4-c5d6-7890-ef12-345678901234', 'Lavender Town', 'lavender-town', 59, 'city', false, false, false, NULL),
('e1f2a3b4-c5d6-7890-ef12-345678901234', 'Route 8', 'route-8', 60, 'route', true, true, false, NULL),
('e1f2a3b4-c5d6-7890-ef12-345678901234', 'Route 7', 'route-7', 61, 'route', true, false, false, NULL),
('e1f2a3b4-c5d6-7890-ef12-345678901234', 'Celadon City', 'celadon-city', 62, 'city', false, true, true, 'Gym Leader Erika. Grass-type specialist.'),
('e1f2a3b4-c5d6-7890-ef12-345678901234', 'Route 16', 'route-16', 63, 'route', true, false, false, NULL),
('e1f2a3b4-c5d6-7890-ef12-345678901234', 'Route 17', 'route-17', 64, 'route', true, true, false, 'Cycling Road.'),
('e1f2a3b4-c5d6-7890-ef12-345678901234', 'Route 18', 'route-18', 65, 'route', true, false, false, NULL),
('e1f2a3b4-c5d6-7890-ef12-345678901234', 'Fuchsia City', 'fuchsia-city', 66, 'city', false, true, false, 'Gym Leader Janine. Poison-type specialist.'),
('e1f2a3b4-c5d6-7890-ef12-345678901234', 'Route 15', 'route-15', 67, 'route', true, true, false, NULL),
('e1f2a3b4-c5d6-7890-ef12-345678901234', 'Route 14', 'route-14', 68, 'route', true, true, false, NULL),
('e1f2a3b4-c5d6-7890-ef12-345678901234', 'Route 13', 'route-13', 69, 'route', true, true, false, NULL),
('e1f2a3b4-c5d6-7890-ef12-345678901234', 'Route 12', 'route-12', 70, 'route', true, true, false, NULL),
('e1f2a3b4-c5d6-7890-ef12-345678901234', 'Route 11', 'route-11', 71, 'route', true, true, false, NULL),
('e1f2a3b4-c5d6-7890-ef12-345678901234', 'Diglett''s Cave', 'digletts-cave', 72, 'cave', true, false, false, NULL),
('e1f2a3b4-c5d6-7890-ef12-345678901234', 'Route 2', 'route-2', 73, 'route', true, false, false, NULL),
('e1f2a3b4-c5d6-7890-ef12-345678901234', 'Pewter City', 'pewter-city', 74, 'city', false, true, false, 'Gym Leader Brock. Rock-type specialist.'),
('e1f2a3b4-c5d6-7890-ef12-345678901234', 'Viridian Forest', 'viridian-forest', 75, 'route', true, false, false, NULL),
('e1f2a3b4-c5d6-7890-ef12-345678901234', 'Viridian City', 'viridian-city', 76, 'city', false, true, false, 'Gym Leader Blue. Mixed-type specialist.'),
('e1f2a3b4-c5d6-7890-ef12-345678901234', 'Route 1', 'route-1', 77, 'route', true, false, false, NULL),
('e1f2a3b4-c5d6-7890-ef12-345678901234', 'Pallet Town', 'pallet-town', 78, 'city', true, false, false, 'Surf and fishing available.'),
('e1f2a3b4-c5d6-7890-ef12-345678901234', 'Route 21', 'route-21', 79, 'water', true, true, false, NULL),
('e1f2a3b4-c5d6-7890-ef12-345678901234', 'Cinnabar Island', 'cinnabar-island', 80, 'city', false, true, false, 'Gym Leader Blaine (relocated to Seafoam Islands).'),
('e1f2a3b4-c5d6-7890-ef12-345678901234', 'Route 20', 'route-20', 81, 'water', true, true, false, NULL),
('e1f2a3b4-c5d6-7890-ef12-345678901234', 'Route 19', 'route-19', 82, 'water', true, true, false, NULL),
('e1f2a3b4-c5d6-7890-ef12-345678901234', 'Seafoam Islands', 'seafoam-islands', 83, 'cave', true, false, true, NULL),
('e1f2a3b4-c5d6-7890-ef12-345678901234', 'Route 22', 'route-22', 84, 'route', true, false, false, NULL),
('e1f2a3b4-c5d6-7890-ef12-345678901234', 'Route 28', 'route-28', 85, 'route', true, false, false, NULL),
('e1f2a3b4-c5d6-7890-ef12-345678901234', 'Mt. Silver', 'mt-silver', 86, 'cave', true, false, true, 'Red awaits at the summit.');

-- ===========================================
-- STEP 3: STARTER POKEMON
-- ===========================================

INSERT INTO public.encounters (route_id, pokemon_national_dex_id, method, encounter_rate, level_min, level_max)
SELECT r.id, 152, 'gift', NULL, 5, 5
FROM public.routes r WHERE r.slug = 'new-bark-town' AND r.game_id = 'e1f2a3b4-c5d6-7890-ef12-345678901234';

INSERT INTO public.encounters (route_id, pokemon_national_dex_id, method, encounter_rate, level_min, level_max)
SELECT r.id, 155, 'gift', NULL, 5, 5
FROM public.routes r WHERE r.slug = 'new-bark-town' AND r.game_id = 'e1f2a3b4-c5d6-7890-ef12-345678901234';

INSERT INTO public.encounters (route_id, pokemon_national_dex_id, method, encounter_rate, level_min, level_max)
SELECT r.id, 158, 'gift', NULL, 5, 5
FROM public.routes r WHERE r.slug = 'new-bark-town' AND r.game_id = 'e1f2a3b4-c5d6-7890-ef12-345678901234';

-- ===========================================
-- STEP 4: ENCOUNTER DATA (1332 total)
-- ===========================================

CREATE TEMP TABLE _enc (slug TEXT, dex INT, method TEXT, rate DECIMAL(5,2), lmin INT, lmax INT, cond TEXT, ver_excl TEXT);
INSERT INTO _enc VALUES
('route-29', 16, 'walking', 50.00, 2, 3, 'Day', NULL),
('route-29', 16, 'walking', 50.00, 2, 3, 'Morning', NULL),
('route-29', 19, 'walking', 5.00, 2, 2, 'Day', NULL),
('route-29', 19, 'walking', 5.00, 2, 2, 'Morning', NULL),
('route-29', 19, 'walking', 45.00, 2, 3, 'Night', NULL),
('route-29', 102, 'headbutt', 60.00, 10, 10, NULL, NULL),
('route-29', 161, 'walking', 40.00, 2, 3, 'Day', NULL),
('route-29', 161, 'walking', 40.00, 2, 3, 'Morning', NULL),
('route-29', 163, 'walking', 55.00, 2, 3, 'Night', NULL),
('route-29', 163, 'headbutt', 150.00, 10, 10, NULL, NULL),
('route-29', 165, 'headbutt', 30.00, 10, 10, NULL, NULL),
('route-29', 167, 'headbutt', 30.00, 10, 10, NULL, NULL),
('route-29', 187, 'walking', 5.00, 3, 3, 'Day', NULL),
('route-29', 187, 'walking', 5.00, 3, 3, 'Morning', NULL),
('route-29', 204, 'headbutt', 30.00, 10, 10, NULL, NULL),
('route-46', 19, 'walking', 20.00, 2, 3, 'Day', NULL),
('route-46', 19, 'walking', 15.00, 2, 3, 'Morning', NULL),
('route-46', 19, 'walking', 50.00, 2, 3, 'Night', NULL),
('route-46', 21, 'walking', 30.00, 2, 2, 'Day', NULL),
('route-46', 21, 'walking', 30.00, 2, 2, 'Morning', NULL),
('route-46', 21, 'headbutt', 210.00, 10, 10, NULL, NULL),
('route-46', 74, 'walking', 50.00, 2, 3, 'Day', NULL),
('route-46', 74, 'walking', 50.00, 2, 3, 'Morning', NULL),
('route-46', 74, 'walking', 50.00, 2, 3, 'Night', NULL),
('route-46', 190, 'headbutt', 60.00, 10, 10, NULL, NULL),
('route-46', 214, 'headbutt', 30.00, 10, 10, NULL, NULL),
('route-46', 231, 'walking', 5.00, 2, 2, 'Morning', NULL),
('cherrygrove-city', 72, 'surfing', 90.00, 15, 24, NULL, NULL),
('cherrygrove-city', 73, 'surfing', 10.00, 20, 24, NULL, NULL),
('cherrygrove-city', 98, 'fishing_old', 15.00, 10, 10, NULL, NULL),
('cherrygrove-city', 98, 'fishing_good', 55.00, 20, 20, 'Day', NULL),
('cherrygrove-city', 98, 'fishing_good', 55.00, 20, 20, 'Morning', NULL),
('cherrygrove-city', 98, 'fishing_good', 55.00, 20, 20, 'Night', NULL),
('cherrygrove-city', 98, 'fishing_super', 60.00, 40, 40, 'Day', NULL),
('cherrygrove-city', 98, 'fishing_super', 60.00, 40, 40, 'Morning', NULL),
('cherrygrove-city', 98, 'fishing_super', 60.00, 40, 40, 'Night', NULL),
('cherrygrove-city', 99, 'fishing_super', 10.00, 40, 40, 'Day', NULL),
('cherrygrove-city', 99, 'fishing_super', 10.00, 40, 40, 'Morning', NULL),
('cherrygrove-city', 99, 'fishing_super', 10.00, 40, 40, 'Night', NULL),
('cherrygrove-city', 120, 'fishing_good', 10.00, 20, 20, 'Night', NULL),
('cherrygrove-city', 120, 'fishing_super', 30.00, 40, 40, 'Night', NULL),
('cherrygrove-city', 129, 'fishing_old', 85.00, 10, 10, NULL, NULL),
('cherrygrove-city', 129, 'fishing_good', 35.00, 20, 20, 'Day', NULL),
('cherrygrove-city', 129, 'fishing_good', 35.00, 20, 20, 'Morning', NULL),
('cherrygrove-city', 129, 'fishing_good', 35.00, 20, 20, 'Night', NULL),
('cherrygrove-city', 222, 'fishing_good', 10.00, 20, 20, 'Day', NULL),
('cherrygrove-city', 222, 'fishing_good', 10.00, 20, 20, 'Morning', NULL),
('cherrygrove-city', 222, 'fishing_super', 30.00, 40, 40, 'Day', NULL),
('cherrygrove-city', 222, 'fishing_super', 30.00, 40, 40, 'Morning', NULL),
('route-30', 10, 'walking', 50.00, 3, 4, 'Day', NULL),
('route-30', 10, 'walking', 50.00, 3, 4, 'Morning', NULL),
('route-30', 13, 'walking', 5.00, 3, 3, 'Day', NULL),
('route-30', 13, 'walking', 5.00, 3, 3, 'Morning', NULL),
('route-30', 16, 'walking', 40.00, 3, 4, 'Day', NULL),
('route-30', 16, 'walking', 10.00, 4, 4, 'Morning', NULL),
('route-30', 41, 'walking', 5.00, 3, 3, 'Night', NULL),
('route-30', 60, 'walking', 20.00, 4, 4, 'Night', NULL),
('route-30', 60, 'fishing_old', 15.00, 10, 10, NULL, NULL),
('route-30', 60, 'fishing_good', 65.00, 20, 20, NULL, NULL),
('route-30', 60, 'fishing_super', 80.00, 40, 40, NULL, NULL),
('route-30', 60, 'surfing', 90.00, 15, 24, NULL, NULL),
('route-30', 61, 'surfing', 10.00, 20, 24, NULL, NULL),
('route-30', 102, 'headbutt', 60.00, 10, 10, NULL, NULL),
('route-30', 129, 'fishing_old', 85.00, 10, 10, NULL, NULL),
('route-30', 129, 'fishing_good', 35.00, 20, 20, NULL, NULL),
('route-30', 129, 'fishing_super', 20.00, 40, 40, NULL, NULL),
('route-30', 163, 'walking', 45.00, 3, 4, 'Night', NULL),
('route-30', 163, 'headbutt', 150.00, 10, 10, NULL, NULL),
('route-30', 165, 'walking', 30.00, 3, 3, 'Morning', NULL),
('route-30', 165, 'headbutt', 30.00, 10, 10, NULL, NULL),
('route-30', 167, 'walking', 30.00, 3, 3, 'Night', NULL),
('route-30', 167, 'headbutt', 30.00, 10, 10, NULL, NULL),
('route-30', 187, 'walking', 5.00, 4, 4, 'Day', NULL),
('route-30', 187, 'walking', 5.00, 4, 4, 'Morning', NULL),
('route-30', 204, 'headbutt', 30.00, 10, 10, NULL, NULL),
('route-31', 10, 'walking', 50.00, 4, 5, 'Day', NULL),
('route-31', 10, 'walking', 50.00, 4, 5, 'Morning', NULL),
('route-31', 13, 'walking', 5.00, 4, 4, 'Day', NULL),
('route-31', 13, 'walking', 5.00, 4, 4, 'Morning', NULL),
('route-31', 16, 'walking', 40.00, 4, 5, 'Day', NULL),
('route-31', 16, 'walking', 10.00, 5, 5, 'Morning', NULL),
('route-31', 41, 'walking', 5.00, 4, 4, 'Night', NULL),
('route-31', 60, 'walking', 30.00, 4, 4, 'Night', NULL),
('route-31', 60, 'fishing_old', 15.00, 10, 10, NULL, NULL),
('route-31', 60, 'fishing_good', 65.00, 20, 20, NULL, NULL),
('route-31', 60, 'fishing_super', 80.00, 40, 40, NULL, NULL),
('route-31', 60, 'surfing', 90.00, 15, 24, NULL, NULL),
('route-31', 61, 'surfing', 10.00, 20, 24, NULL, NULL),
('route-31', 69, 'walking', 20.00, 5, 5, 'Night', NULL),
('route-31', 92, 'walking', 5.00, 5, 5, 'Night', NULL),
('route-31', 102, 'headbutt', 60.00, 10, 10, NULL, NULL),
('route-31', 129, 'fishing_old', 85.00, 10, 10, NULL, NULL),
('route-31', 129, 'fishing_good', 35.00, 20, 20, NULL, NULL),
('route-31', 129, 'fishing_super', 20.00, 40, 40, NULL, NULL),
('route-31', 163, 'walking', 10.00, 5, 5, 'Night', NULL),
('route-31', 163, 'headbutt', 150.00, 10, 10, NULL, NULL),
('route-31', 165, 'walking', 30.00, 4, 4, 'Morning', NULL),
('route-31', 165, 'headbutt', 30.00, 10, 10, NULL, NULL),
('route-31', 167, 'walking', 30.00, 4, 4, 'Night', NULL),
('route-31', 167, 'headbutt', 30.00, 10, 10, NULL, NULL),
('route-31', 187, 'walking', 5.00, 5, 5, 'Day', NULL),
('route-31', 187, 'walking', 5.00, 5, 5, 'Morning', NULL),
('route-31', 204, 'headbutt', 30.00, 10, 10, NULL, NULL),
('dark-cave-violet', 41, 'walking', 39.00, 2, 4, 'Day', NULL),
('dark-cave-violet', 41, 'walking', 34.00, 2, 4, 'Morning', NULL),
('dark-cave-violet', 41, 'walking', 39.00, 2, 4, 'Night', NULL),
('dark-cave-violet', 41, 'walking', 20.00, 2, 2, 'Swarm', NULL),
('dark-cave-violet', 74, 'walking', 60.00, 2, 4, 'Day', NULL),
('dark-cave-violet', 74, 'walking', 60.00, 2, 4, 'Morning', NULL),
('dark-cave-violet', 74, 'walking', 60.00, 2, 4, 'Night', NULL),
('dark-cave-violet', 74, 'walking', 40.00, 2, 3, 'Swarm', NULL),
('dark-cave-violet', 98, 'rock_smash', 90.00, 15, 15, NULL, NULL),
('dark-cave-violet', 118, 'fishing_old', 15.00, 10, 10, NULL, NULL),
('dark-cave-violet', 118, 'fishing_good', 65.00, 20, 20, NULL, NULL),
('dark-cave-violet', 118, 'fishing_super', 70.00, 40, 40, NULL, NULL),
('dark-cave-violet', 119, 'fishing_super', 10.00, 40, 40, NULL, NULL),
('dark-cave-violet', 129, 'fishing_old', 85.00, 10, 10, NULL, NULL),
('dark-cave-violet', 129, 'fishing_good', 35.00, 20, 20, NULL, NULL),
('dark-cave-violet', 129, 'fishing_super', 20.00, 40, 40, NULL, NULL),
('dark-cave-violet', 129, 'surfing', 100.00, 5, 19, NULL, NULL),
('dark-cave-violet', 206, 'walking', 1.00, 4, 4, 'Day', NULL),
('dark-cave-violet', 206, 'walking', 1.00, 4, 4, 'Morning', NULL),
('dark-cave-violet', 206, 'walking', 1.00, 4, 4, 'Night', NULL),
('dark-cave-violet', 206, 'walking', 40.00, 2, 4, 'Swarm', NULL),
('dark-cave-violet', 213, 'rock_smash', 10.00, 15, 15, NULL, NULL),
('dark-cave-violet', 216, 'walking', 5.00, 2, 2, 'Morning', NULL),
('sprout-tower', 19, 'walking', 200.00, 3, 6, 'Day', NULL),
('sprout-tower', 19, 'walking', 200.00, 3, 6, 'Morning', NULL),
('sprout-tower', 19, 'walking', 30.00, 3, 5, 'Night', NULL),
('sprout-tower', 92, 'walking', 170.00, 3, 6, 'Night', NULL),
('route-32', 16, 'walking', 5.00, 7, 7, 'Day', NULL),
('route-32', 16, 'walking', 5.00, 7, 7, 'Morning', NULL),
('route-32', 19, 'walking', 30.00, 5, 5, 'Day', NULL),
('route-32', 19, 'walking', 30.00, 5, 5, 'Morning', NULL),
('route-32', 19, 'walking', 30.00, 5, 5, 'Night', NULL),
('route-32', 23, 'walking', 30.00, 4, 4, 'Day', NULL),
('route-32', 23, 'walking', 30.00, 4, 4, 'Morning', NULL),
('route-32', 23, 'headbutt', 30.00, 10, 10, NULL, NULL),
('route-32', 41, 'walking', 10.00, 6, 6, 'Night', NULL),
('route-32', 69, 'walking', 20.00, 7, 7, 'Day', NULL),
('route-32', 69, 'walking', 20.00, 7, 7, 'Morning', NULL),
('route-32', 69, 'walking', 20.00, 7, 7, 'Night', NULL),
('route-32', 72, 'fishing_old', 15.00, 10, 10, NULL, NULL),
('route-32', 72, 'fishing_good', 65.00, 20, 20, NULL, NULL),
('route-32', 72, 'fishing_super', 70.00, 40, 40, NULL, NULL),
('route-32', 72, 'surfing', 60.00, 15, 19, NULL, NULL),
('route-32', 73, 'surfing', 10.00, 20, 24, NULL, NULL),
('route-32', 92, 'walking', 5.00, 7, 7, 'Night', NULL),
('route-32', 102, 'headbutt', 60.00, 10, 10, NULL, NULL),
('route-32', 129, 'fishing_old', 85.00, 10, 10, NULL, NULL),
('route-32', 129, 'fishing_old', 85.00, 5, 5, 'Swarm', NULL),
('route-32', 129, 'fishing_good', 35.00, 20, 20, NULL, NULL),
('route-32', 129, 'fishing_super', 20.00, 40, 40, NULL, NULL),
('route-32', 163, 'walking', 5.00, 7, 7, 'Night', NULL),
('route-32', 163, 'headbutt', 180.00, 10, 10, NULL, NULL),
('route-32', 187, 'walking', 15.00, 6, 7, 'Day', NULL),
('route-32', 187, 'walking', 15.00, 6, 7, 'Morning', NULL),
('route-32', 194, 'walking', 30.00, 4, 4, 'Night', NULL),
('route-32', 195, 'surfing', 30.00, 20, 24, NULL, NULL),
('route-32', 204, 'headbutt', 30.00, 10, 10, NULL, NULL),
('route-32', 211, 'fishing_old', 15.00, 5, 5, 'Swarm', NULL),
('route-32', 211, 'fishing_good', 65.00, 20, 20, 'Swarm', NULL),
('route-32', 211, 'fishing_super', 10.00, 40, 40, NULL, NULL),
('route-32', 211, 'fishing_super', 100.00, 40, 40, 'Swarm', NULL),
('ruins-of-alph', 60, 'fishing_old', 15.00, 10, 10, NULL, NULL),
('ruins-of-alph', 60, 'fishing_good', 65.00, 20, 20, NULL, NULL),
('ruins-of-alph', 60, 'fishing_super', 80.00, 40, 40, NULL, NULL),
('ruins-of-alph', 129, 'fishing_old', 85.00, 10, 10, NULL, NULL),
('ruins-of-alph', 129, 'fishing_good', 35.00, 20, 20, NULL, NULL),
('ruins-of-alph', 129, 'fishing_super', 20.00, 40, 40, NULL, NULL),
('ruins-of-alph', 177, 'walking', 90.00, 18, 24, 'Day', NULL),
('ruins-of-alph', 177, 'walking', 90.00, 18, 24, 'Morning', NULL),
('ruins-of-alph', 177, 'walking', 90.00, 18, 24, 'Night', NULL),
('ruins-of-alph', 194, 'walking', 5.00, 20, 20, 'Morning', NULL),
('ruins-of-alph', 194, 'walking', 5.00, 22, 22, 'Night', NULL),
('ruins-of-alph', 194, 'surfing', 60.00, 15, 19, NULL, NULL),
('ruins-of-alph', 195, 'walking', 5.00, 22, 22, 'Morning', NULL),
('ruins-of-alph', 195, 'walking', 5.00, 22, 22, 'Night', NULL),
('ruins-of-alph', 195, 'surfing', 40.00, 14, 24, NULL, NULL),
('ruins-of-alph', 235, 'walking', 10.00, 20, 22, 'Day', NULL),
('ruins-of-alph', 201, 'walking', 100.00, 5, 5, NULL, NULL),
('union-cave', 19, 'walking', 20.00, 4, 8, 'Day', NULL),
('union-cave', 19, 'walking', 20.00, 4, 8, 'Morning', NULL),
('union-cave', 19, 'walking', 50.00, 4, 8, 'Night', NULL),
('union-cave', 27, 'walking', 30.00, 6, 6, 'Day', NULL),
('union-cave', 27, 'walking', 30.00, 6, 6, 'Morning', NULL),
('union-cave', 41, 'walking', 125.00, 5, 22, 'Day', NULL),
('union-cave', 41, 'walking', 125.00, 5, 22, 'Morning', NULL),
('union-cave', 41, 'walking', 65.00, 6, 22, 'Night', NULL),
('union-cave', 74, 'walking', 65.00, 6, 20, 'Day', NULL),
('union-cave', 74, 'walking', 65.00, 6, 20, 'Morning', NULL),
('union-cave', 74, 'walking', 65.00, 6, 20, 'Night', NULL),
('union-cave', 95, 'walking', 20.00, 6, 23, 'Day', NULL),
('union-cave', 95, 'walking', 20.00, 6, 23, 'Morning', NULL),
('union-cave', 95, 'walking', 20.00, 6, 23, 'Night', NULL),
('union-cave', 118, 'fishing_old', 30.00, 10, 10, NULL, NULL),
('union-cave', 118, 'fishing_good', 130.00, 20, 20, NULL, NULL),
('union-cave', 118, 'fishing_super', 140.00, 40, 40, NULL, NULL),
('union-cave', 119, 'fishing_super', 20.00, 40, 40, NULL, NULL),
('union-cave', 129, 'fishing_old', 255.00, 10, 10, NULL, NULL),
('union-cave', 129, 'fishing_good', 70.00, 20, 20, NULL, NULL),
('union-cave', 129, 'fishing_super', 40.00, 40, 40, NULL, NULL),
('union-cave', 194, 'walking', 40.00, 5, 8, 'Night', NULL),
('union-cave', 194, 'surfing', 120.00, 15, 19, NULL, NULL),
('union-cave', 195, 'surfing', 110.00, 15, 24, NULL, NULL),
('union-cave', 20, 'walking', 10.00, 21, 21, 'Day', NULL),
('union-cave', 20, 'walking', 10.00, 21, 21, 'Morning', NULL),
('union-cave', 20, 'walking', 10.00, 21, 21, 'Night', NULL),
('union-cave', 42, 'walking', 30.00, 22, 22, 'Day', NULL),
('union-cave', 42, 'walking', 30.00, 22, 22, 'Morning', NULL),
('union-cave', 42, 'walking', 30.00, 22, 22, 'Night', NULL),
('union-cave', 72, 'surfing', 60.00, 15, 19, NULL, NULL),
('union-cave', 73, 'surfing', 10.00, 20, 24, NULL, NULL),
('union-cave', 98, 'fishing_old', 15.00, 10, 10, NULL, NULL),
('union-cave', 98, 'fishing_good', 55.00, 20, 20, 'Day', NULL),
('union-cave', 98, 'fishing_good', 55.00, 20, 20, 'Morning', NULL),
('union-cave', 98, 'fishing_good', 55.00, 20, 20, 'Night', NULL),
('union-cave', 98, 'fishing_super', 60.00, 40, 40, 'Day', NULL),
('union-cave', 98, 'fishing_super', 60.00, 40, 40, 'Morning', NULL),
('union-cave', 98, 'fishing_super', 60.00, 40, 40, 'Night', NULL),
('union-cave', 99, 'fishing_super', 10.00, 40, 40, 'Day', NULL),
('union-cave', 99, 'fishing_super', 10.00, 40, 40, 'Morning', NULL),
('union-cave', 99, 'fishing_super', 10.00, 40, 40, 'Night', NULL),
('union-cave', 120, 'fishing_good', 10.00, 20, 20, 'Night', NULL),
('union-cave', 120, 'fishing_super', 30.00, 40, 40, 'Night', NULL),
('union-cave', 129, 'fishing_good', 35.00, 20, 20, 'Day', NULL),
('union-cave', 129, 'fishing_good', 35.00, 20, 20, 'Morning', NULL),
('union-cave', 129, 'fishing_good', 35.00, 20, 20, 'Night', NULL),
('union-cave', 131, 'static', 100.00, 20, 20, 'weekday-friday', NULL),
('union-cave', 195, 'walking', 20.00, 22, 22, 'Night', NULL),
('union-cave', 222, 'fishing_good', 10.00, 20, 20, 'Day', NULL),
('union-cave', 222, 'fishing_good', 10.00, 20, 20, 'Morning', NULL),
('union-cave', 222, 'fishing_super', 30.00, 40, 40, 'Day', NULL),
('union-cave', 222, 'fishing_super', 30.00, 40, 40, 'Morning', NULL),
('route-33', 19, 'walking', 30.00, 6, 6, 'Day', NULL),
('route-33', 19, 'walking', 30.00, 6, 6, 'Morning', NULL),
('route-33', 19, 'walking', 40.00, 6, 7, 'Night', NULL),
('route-33', 21, 'walking', 30.00, 6, 6, 'Day', NULL),
('route-33', 21, 'walking', 30.00, 6, 6, 'Morning', NULL),
('route-33', 21, 'headbutt', 180.00, 10, 10, NULL, NULL),
('route-33', 23, 'walking', 5.00, 7, 7, 'Day', NULL),
('route-33', 23, 'walking', 5.00, 7, 7, 'Morning', NULL),
('route-33', 23, 'headbutt', 30.00, 10, 10, NULL, NULL),
('route-33', 41, 'walking', 40.00, 6, 6, 'Night', NULL),
('route-33', 74, 'walking', 20.00, 6, 6, 'Day', NULL),
('route-33', 74, 'walking', 20.00, 6, 6, 'Morning', NULL),
('route-33', 74, 'walking', 20.00, 6, 6, 'Night', NULL),
('route-33', 187, 'walking', 15.00, 6, 7, 'Day', NULL),
('route-33', 187, 'walking', 15.00, 6, 7, 'Morning', NULL),
('route-33', 190, 'headbutt', 60.00, 10, 10, NULL, NULL),
('route-33', 214, 'headbutt', 30.00, 10, 10, NULL, NULL),
('slowpoke-well', 41, 'walking', 165.00, 5, 23, NULL, NULL),
('slowpoke-well', 79, 'walking', 30.00, 6, 23, NULL, NULL),
('slowpoke-well', 79, 'surfing', 190.00, 10, 24, NULL, NULL),
('slowpoke-well', 118, 'fishing_old', 30.00, 10, 10, NULL, NULL),
('slowpoke-well', 118, 'fishing_good', 130.00, 20, 20, NULL, NULL),
('slowpoke-well', 118, 'fishing_super', 140.00, 40, 40, NULL, NULL),
('slowpoke-well', 119, 'fishing_super', 20.00, 40, 40, NULL, NULL),
('slowpoke-well', 129, 'fishing_old', 170.00, 10, 10, NULL, NULL),
('slowpoke-well', 129, 'fishing_good', 70.00, 20, 20, NULL, NULL),
('slowpoke-well', 129, 'fishing_super', 40.00, 40, 40, NULL, NULL),
('slowpoke-well', 42, 'walking', 5.00, 23, 23, NULL, NULL),
('slowpoke-well', 80, 'surfing', 10.00, 20, 24, NULL, NULL),
('ilex-forest', 10, 'walking', 30.00, 5, 5, 'Day', NULL),
('ilex-forest', 10, 'walking', 30.00, 5, 5, 'Morning', NULL),
('ilex-forest', 10, 'headbutt', 15.00, 10, 10, NULL, NULL),
('ilex-forest', 11, 'walking', 20.00, 7, 7, 'Day', NULL),
('ilex-forest', 11, 'walking', 20.00, 7, 7, 'Morning', NULL),
('ilex-forest', 11, 'headbutt', 5.00, 10, 10, NULL, NULL),
('ilex-forest', 12, 'headbutt', 10.00, 10, 10, NULL, NULL),
('ilex-forest', 13, 'walking', 30.00, 5, 5, 'Day', NULL),
('ilex-forest', 13, 'walking', 30.00, 5, 5, 'Morning', NULL),
('ilex-forest', 13, 'headbutt', 15.00, 10, 10, NULL, NULL),
('ilex-forest', 14, 'walking', 10.00, 7, 7, 'Day', NULL),
('ilex-forest', 14, 'walking', 10.00, 7, 7, 'Morning', NULL),
('ilex-forest', 14, 'headbutt', 5.00, 10, 10, NULL, NULL),
('ilex-forest', 15, 'headbutt', 10.00, 10, 10, NULL, NULL),
('ilex-forest', 16, 'walking', 5.00, 7, 7, 'Day', NULL),
('ilex-forest', 16, 'walking', 5.00, 7, 7, 'Morning', NULL),
('ilex-forest', 43, 'walking', 50.00, 5, 7, 'Night', NULL),
('ilex-forest', 46, 'walking', 5.00, 6, 6, 'Day', NULL),
('ilex-forest', 46, 'walking', 5.00, 6, 6, 'Morning', NULL),
('ilex-forest', 46, 'walking', 5.00, 6, 6, 'Night', NULL),
('ilex-forest', 48, 'walking', 30.00, 5, 5, 'Night', NULL),
('ilex-forest', 54, 'walking', 10.00, 7, 7, 'Night', NULL),
('ilex-forest', 54, 'surfing', 90.00, 10, 19, NULL, NULL),
('ilex-forest', 55, 'surfing', 10.00, 15, 19, NULL, NULL),
('ilex-forest', 60, 'fishing_old', 15.00, 10, 10, NULL, NULL),
('ilex-forest', 60, 'fishing_good', 65.00, 20, 20, NULL, NULL),
('ilex-forest', 60, 'fishing_super', 80.00, 40, 40, NULL, NULL),
('ilex-forest', 129, 'fishing_old', 85.00, 10, 10, NULL, NULL),
('ilex-forest', 129, 'fishing_good', 35.00, 20, 20, NULL, NULL),
('ilex-forest', 129, 'fishing_super', 20.00, 40, 40, NULL, NULL),
('ilex-forest', 163, 'walking', 5.00, 7, 7, 'Night', NULL),
('ilex-forest', 163, 'headbutt', 160.00, 10, 10, NULL, NULL),
('ilex-forest', 164, 'headbutt', 20.00, 10, 10, NULL, NULL),
('ilex-forest', 204, 'headbutt', 60.00, 10, 10, NULL, NULL),
('ilex-forest', 251, 'static', 100.00, 30, 30, 'other-virtual-console', NULL),
('route-34', 16, 'walking', 20.00, 12, 12, 'Day', NULL),
('route-34', 16, 'walking', 20.00, 12, 12, 'Morning', NULL),
('route-34', 19, 'walking', 30.00, 11, 11, 'Day', NULL),
('route-34', 19, 'walking', 30.00, 11, 11, 'Morning', NULL),
('route-34', 19, 'walking', 30.00, 11, 11, 'Night', NULL),
('route-34', 39, 'walking', 5.00, 12, 12, 'Day', NULL),
('route-34', 39, 'walking', 5.00, 12, 12, 'Morning', NULL),
('route-34', 39, 'walking', 5.00, 12, 12, 'Night', NULL),
('route-34', 63, 'walking', 10.00, 10, 10, 'Day', NULL),
('route-34', 63, 'walking', 10.00, 10, 10, 'Morning', NULL),
('route-34', 63, 'walking', 10.00, 10, 10, 'Night', NULL),
('route-34', 72, 'surfing', 90.00, 15, 24, NULL, NULL),
('route-34', 73, 'surfing', 10.00, 20, 24, NULL, NULL),
('route-34', 96, 'walking', 30.00, 12, 12, 'Night', NULL),
('route-34', 98, 'fishing_old', 15.00, 10, 10, NULL, NULL),
('route-34', 98, 'fishing_good', 55.00, 20, 20, 'Day', NULL),
('route-34', 98, 'fishing_good', 55.00, 20, 20, 'Morning', NULL),
('route-34', 98, 'fishing_good', 55.00, 20, 20, 'Night', NULL),
('route-34', 98, 'fishing_super', 60.00, 40, 40, 'Day', NULL),
('route-34', 98, 'fishing_super', 60.00, 40, 40, 'Morning', NULL),
('route-34', 98, 'fishing_super', 60.00, 40, 40, 'Night', NULL),
('route-34', 99, 'fishing_super', 10.00, 40, 40, 'Day', NULL),
('route-34', 99, 'fishing_super', 10.00, 40, 40, 'Morning', NULL),
('route-34', 99, 'fishing_super', 10.00, 40, 40, 'Night', NULL),
('route-34', 102, 'headbutt', 60.00, 10, 10, NULL, NULL),
('route-34', 120, 'fishing_good', 10.00, 20, 20, 'Night', NULL),
('route-34', 120, 'fishing_super', 30.00, 40, 40, 'Night', NULL),
('route-34', 129, 'fishing_old', 85.00, 10, 10, NULL, NULL),
('route-34', 129, 'fishing_good', 35.00, 20, 20, 'Day', NULL),
('route-34', 129, 'fishing_good', 35.00, 20, 20, 'Morning', NULL),
('route-34', 129, 'fishing_good', 35.00, 20, 20, 'Night', NULL),
('route-34', 132, 'walking', 5.00, 10, 10, 'Day', NULL),
('route-34', 132, 'walking', 5.00, 10, 10, 'Morning', NULL),
('route-34', 132, 'walking', 5.00, 10, 10, 'Night', NULL),
('route-34', 163, 'walking', 20.00, 12, 12, 'Night', NULL),
('route-34', 163, 'headbutt', 150.00, 10, 10, NULL, NULL),
('route-34', 165, 'headbutt', 30.00, 10, 10, NULL, NULL),
('route-34', 167, 'headbutt', 30.00, 10, 10, NULL, NULL),
('route-34', 172, 'gift', 100.00, 5, 5, NULL, NULL),
('route-34', 173, 'gift', 100.00, 5, 5, NULL, NULL),
('route-34', 174, 'gift', 100.00, 5, 5, NULL, NULL),
('route-34', 204, 'headbutt', 30.00, 10, 10, NULL, NULL),
('route-34', 209, 'walking', 30.00, 10, 10, 'Day', NULL),
('route-34', 209, 'walking', 30.00, 10, 10, 'Morning', NULL),
('route-34', 222, 'fishing_good', 10.00, 20, 20, 'Day', NULL),
('route-34', 222, 'fishing_good', 10.00, 20, 20, 'Morning', NULL),
('route-34', 222, 'fishing_super', 30.00, 40, 40, 'Day', NULL),
('route-34', 222, 'fishing_super', 30.00, 40, 40, 'Morning', NULL),
('route-34', 236, 'gift', 100.00, 5, 5, NULL, NULL),
('route-34', 238, 'gift', 100.00, 5, 5, NULL, NULL),
('route-34', 239, 'gift', 100.00, 5, 5, NULL, NULL),
('route-34', 240, 'gift', 100.00, 5, 5, NULL, NULL),
('route-35', 16, 'walking', 30.00, 14, 14, 'Day', NULL),
('route-35', 16, 'walking', 30.00, 14, 14, 'Morning', NULL),
('route-35', 16, 'walking', 5.00, 14, 14, 'Swarm, Day', NULL),
('route-35', 16, 'walking', 5.00, 14, 14, 'Swarm, Morning', NULL),
('route-35', 29, 'walking', 30.00, 12, 12, 'Swarm, Day', NULL),
('route-35', 29, 'walking', 30.00, 12, 12, 'Swarm, Morning', NULL),
('route-35', 29, 'walking', 30.00, 12, 12, 'Swarm, Night', NULL),
('route-35', 32, 'walking', 30.00, 12, 12, 'Swarm, Day', NULL),
('route-35', 32, 'walking', 30.00, 12, 12, 'Swarm, Morning', NULL),
('route-35', 32, 'walking', 30.00, 12, 12, 'Swarm, Night', NULL),
('route-35', 39, 'walking', 5.00, 12, 12, 'Day', NULL),
('route-35', 39, 'walking', 5.00, 12, 12, 'Morning', NULL),
('route-35', 39, 'walking', 5.00, 12, 12, 'Night', NULL),
('route-35', 52, 'walking', 20.00, 13, 13, 'Night', NULL),
('route-35', 54, 'surfing', 90.00, 15, 24, NULL, NULL),
('route-35', 55, 'surfing', 10.00, 20, 24, NULL, NULL),
('route-35', 58, 'walking', 20.00, 13, 13, 'Day', NULL),
('route-35', 58, 'walking', 20.00, 13, 13, 'Morning', NULL),
('route-35', 60, 'fishing_old', 15.00, 10, 10, NULL, NULL),
('route-35', 60, 'fishing_good', 65.00, 20, 20, NULL, NULL),
('route-35', 60, 'fishing_super', 80.00, 40, 40, NULL, NULL),
('route-35', 63, 'walking', 10.00, 10, 10, 'Day', NULL),
('route-35', 63, 'walking', 10.00, 10, 10, 'Morning', NULL),
('route-35', 63, 'walking', 10.00, 10, 10, 'Night', NULL),
('route-35', 96, 'walking', 30.00, 12, 12, 'Night', NULL),
('route-35', 102, 'headbutt', 60.00, 10, 10, NULL, NULL),
('route-35', 129, 'fishing_old', 85.00, 10, 10, NULL, NULL),
('route-35', 129, 'fishing_good', 35.00, 20, 20, NULL, NULL),
('route-35', 129, 'fishing_super', 20.00, 40, 40, NULL, NULL),
('route-35', 132, 'walking', 4.00, 10, 10, 'Day', NULL),
('route-35', 132, 'walking', 4.00, 10, 10, 'Morning', NULL),
('route-35', 132, 'walking', 4.00, 10, 10, 'Night', NULL),
('route-35', 132, 'walking', 5.00, 10, 10, 'Swarm, Day', NULL),
('route-35', 132, 'walking', 5.00, 10, 10, 'Swarm, Morning', NULL),
('route-35', 132, 'walking', 5.00, 10, 10, 'Swarm, Night', NULL),
('route-35', 163, 'walking', 30.00, 14, 14, 'Night', NULL),
('route-35', 163, 'walking', 5.00, 14, 14, 'Swarm, Night', NULL),
('route-35', 163, 'headbutt', 150.00, 10, 10, NULL, NULL),
('route-35', 165, 'headbutt', 30.00, 10, 10, NULL, NULL),
('route-35', 167, 'headbutt', 30.00, 10, 10, NULL, NULL),
('route-35', 193, 'walking', 1.00, 12, 12, 'Day', NULL),
('route-35', 193, 'walking', 1.00, 12, 12, 'Morning', NULL),
('route-35', 193, 'walking', 1.00, 12, 12, 'Night', NULL),
('route-35', 193, 'walking', 30.00, 12, 14, 'Swarm, Day', NULL),
('route-35', 193, 'walking', 30.00, 12, 14, 'Swarm, Morning', NULL),
('route-35', 193, 'walking', 30.00, 12, 14, 'Swarm, Night', NULL),
('route-35', 204, 'headbutt', 30.00, 10, 10, NULL, NULL),
('route-35', 209, 'walking', 30.00, 12, 12, 'Day', NULL),
('route-35', 209, 'walking', 30.00, 12, 12, 'Morning', NULL),
('national-park', 10, 'walking', 5.00, 10, 10, 'Day', NULL),
('national-park', 10, 'walking', 5.00, 10, 10, 'Morning', NULL),
('national-park', 13, 'walking', 5.00, 10, 10, 'Day', NULL),
('national-park', 13, 'walking', 5.00, 10, 10, 'Morning', NULL),
('national-park', 16, 'walking', 10.00, 13, 13, 'Day', NULL),
('national-park', 16, 'walking', 10.00, 13, 13, 'Morning', NULL),
('national-park', 29, 'walking', 30.00, 12, 12, 'Day', NULL),
('national-park', 29, 'walking', 30.00, 12, 12, 'Morning', NULL),
('national-park', 32, 'walking', 30.00, 12, 12, 'Day', NULL),
('national-park', 32, 'walking', 30.00, 12, 12, 'Morning', NULL),
('national-park', 48, 'walking', 10.00, 10, 10, 'Night', NULL),
('national-park', 54, 'walking', 30.00, 12, 12, 'Night', NULL),
('national-park', 163, 'walking', 40.00, 12, 15, 'Night', NULL),
('national-park', 165, 'walking', 20.00, 14, 14, 'Morning', NULL),
('national-park', 167, 'walking', 20.00, 14, 14, 'Night', NULL),
('national-park', 191, 'walking', 20.00, 14, 14, 'Day', NULL),
('route-36', 16, 'walking', 70.00, 4, 6, 'Day', NULL),
('route-36', 16, 'walking', 40.00, 4, 6, 'Morning', NULL),
('route-36', 58, 'walking', 10.00, 5, 5, 'Day', NULL),
('route-36', 58, 'walking', 10.00, 5, 5, 'Morning', NULL),
('route-36', 69, 'walking', 20.00, 5, 5, 'Day', NULL),
('route-36', 69, 'walking', 20.00, 5, 5, 'Morning', NULL),
('route-36', 69, 'walking', 20.00, 5, 5, 'Night', NULL),
('route-36', 92, 'walking', 5.00, 5, 5, 'Night', NULL),
('route-36', 102, 'headbutt', 60.00, 10, 10, NULL, NULL),
('route-36', 163, 'walking', 45.00, 4, 5, 'Night', NULL),
('route-36', 163, 'headbutt', 150.00, 10, 10, NULL, NULL),
('route-36', 165, 'walking', 30.00, 4, 4, 'Morning', NULL),
('route-36', 165, 'headbutt', 30.00, 10, 10, NULL, NULL),
('route-36', 167, 'walking', 30.00, 4, 4, 'Night', NULL),
('route-36', 167, 'headbutt', 30.00, 10, 10, NULL, NULL),
('route-36', 185, 'static', 100.00, 20, 20, NULL, NULL),
('route-36', 204, 'headbutt', 30.00, 10, 10, NULL, NULL),
('route-37', 16, 'walking', 55.00, 13, 15, 'Day', NULL),
('route-37', 16, 'walking', 20.00, 15, 15, 'Morning', NULL),
('route-37', 17, 'walking', 5.00, 15, 15, 'Day', NULL),
('route-37', 17, 'walking', 5.00, 15, 15, 'Morning', NULL),
('route-37', 58, 'walking', 40.00, 14, 16, 'Day', NULL),
('route-37', 58, 'walking', 40.00, 14, 16, 'Morning', NULL),
('route-37', 102, 'headbutt', 60.00, 10, 10, NULL, NULL),
('route-37', 163, 'walking', 30.00, 13, 13, 'Morning', NULL),
('route-37', 163, 'walking', 20.00, 15, 15, 'Night', NULL),
('route-37', 163, 'headbutt', 150.00, 10, 10, NULL, NULL),
('route-37', 164, 'walking', 5.00, 15, 15, 'Morning', NULL),
('route-37', 164, 'walking', 5.00, 15, 15, 'Night', NULL),
('route-37', 165, 'headbutt', 30.00, 10, 10, NULL, NULL),
('route-37', 167, 'walking', 30.00, 13, 13, 'Night', NULL),
('route-37', 167, 'headbutt', 30.00, 10, 10, NULL, NULL),
('route-37', 168, 'walking', 5.00, 15, 15, 'Night', NULL),
('route-37', 204, 'headbutt', 30.00, 10, 10, NULL, NULL),
('route-37', 234, 'walking', 40.00, 14, 16, 'Night', NULL),
('burned-tower', 19, 'walking', 85.00, 13, 15, NULL, NULL),
('burned-tower', 20, 'walking', 5.00, 15, 15, NULL, NULL),
('burned-tower', 41, 'walking', 20.00, 14, 15, NULL, NULL),
('burned-tower', 109, 'walking', 89.00, 12, 16, NULL, NULL),
('burned-tower', 110, 'walking', 1.00, 16, 16, NULL, NULL),
('tin-tower', 245, 'static', 100.00, 40, 40, NULL, NULL),
('tin-tower', 19, 'walking', 800.00, 20, 24, 'Day', NULL),
('tin-tower', 19, 'walking', 800.00, 20, 24, 'Morning', NULL),
('tin-tower', 19, 'walking', 160.00, 22, 24, 'Night', NULL),
('tin-tower', 92, 'walking', 640.00, 20, 22, 'Night', NULL),
('route-38', 17, 'walking', 10.00, 16, 16, 'Day', NULL),
('route-38', 17, 'walking', 10.00, 16, 16, 'Morning', NULL),
('route-38', 19, 'walking', 30.00, 16, 16, 'Day', NULL),
('route-38', 19, 'walking', 30.00, 16, 16, 'Morning', NULL),
('route-38', 20, 'walking', 30.00, 16, 16, 'Day', NULL),
('route-38', 20, 'walking', 30.00, 16, 16, 'Morning', NULL),
('route-38', 20, 'walking', 30.00, 16, 16, 'Night', NULL),
('route-38', 52, 'walking', 40.00, 16, 16, 'Night', NULL),
('route-38', 81, 'walking', 20.00, 16, 16, 'Day', NULL),
('route-38', 81, 'walking', 20.00, 16, 16, 'Morning', NULL),
('route-38', 81, 'walking', 20.00, 16, 16, 'Night', NULL),
('route-38', 102, 'headbutt', 60.00, 10, 10, NULL, NULL),
('route-38', 128, 'walking', 5.00, 13, 13, 'Day', NULL),
('route-38', 128, 'walking', 5.00, 13, 13, 'Morning', NULL),
('route-38', 163, 'headbutt', 150.00, 10, 10, NULL, NULL),
('route-38', 164, 'walking', 10.00, 16, 16, 'Night', NULL),
('route-38', 165, 'headbutt', 30.00, 10, 10, NULL, NULL),
('route-38', 167, 'headbutt', 30.00, 10, 10, NULL, NULL),
('route-38', 204, 'headbutt', 30.00, 10, 10, NULL, NULL),
('route-38', 241, 'walking', 5.00, 13, 13, 'Day', NULL),
('route-38', 241, 'walking', 5.00, 13, 13, 'Morning', NULL),
('route-39', 17, 'walking', 10.00, 16, 16, 'Day', NULL),
('route-39', 17, 'walking', 10.00, 16, 16, 'Morning', NULL),
('route-39', 19, 'walking', 30.00, 16, 16, 'Day', NULL),
('route-39', 19, 'walking', 30.00, 16, 16, 'Morning', NULL),
('route-39', 20, 'walking', 30.00, 16, 16, 'Day', NULL),
('route-39', 20, 'walking', 30.00, 16, 16, 'Morning', NULL),
('route-39', 20, 'walking', 30.00, 16, 16, 'Night', NULL),
('route-39', 52, 'walking', 40.00, 16, 18, 'Night', NULL),
('route-39', 81, 'walking', 20.00, 16, 16, 'Day', NULL),
('route-39', 81, 'walking', 20.00, 16, 16, 'Morning', NULL),
('route-39', 81, 'walking', 20.00, 16, 16, 'Night', NULL),
('route-39', 102, 'headbutt', 60.00, 10, 10, NULL, NULL),
('route-39', 128, 'walking', 5.00, 15, 15, 'Day', NULL),
('route-39', 128, 'walking', 5.00, 15, 15, 'Morning', NULL),
('route-39', 163, 'headbutt', 150.00, 10, 10, NULL, NULL),
('route-39', 164, 'walking', 10.00, 16, 16, 'Night', NULL),
('route-39', 165, 'headbutt', 30.00, 10, 10, NULL, NULL),
('route-39', 167, 'headbutt', 30.00, 10, 10, NULL, NULL),
('route-39', 204, 'headbutt', 30.00, 10, 10, NULL, NULL),
('route-39', 241, 'walking', 5.00, 15, 15, 'Day', NULL),
('route-39', 241, 'walking', 5.00, 15, 15, 'Morning', NULL),
('route-40', 72, 'surfing', 90.00, 15, 24, NULL, NULL),
('route-40', 73, 'surfing', 10.00, 20, 24, NULL, NULL),
('route-40', 98, 'fishing_old', 15.00, 10, 10, NULL, NULL),
('route-40', 98, 'fishing_good', 55.00, 20, 20, 'Day', NULL),
('route-40', 98, 'fishing_good', 55.00, 20, 20, 'Morning', NULL),
('route-40', 98, 'fishing_good', 55.00, 20, 20, 'Night', NULL),
('route-40', 98, 'fishing_super', 60.00, 40, 40, 'Day', NULL),
('route-40', 98, 'fishing_super', 60.00, 40, 40, 'Morning', NULL),
('route-40', 98, 'fishing_super', 60.00, 40, 40, 'Night', NULL),
('route-40', 98, 'rock_smash', 90.00, 15, 15, NULL, NULL),
('route-40', 99, 'fishing_super', 10.00, 40, 40, 'Day', NULL),
('route-40', 99, 'fishing_super', 10.00, 40, 40, 'Morning', NULL),
('route-40', 99, 'fishing_super', 10.00, 40, 40, 'Night', NULL),
('route-40', 120, 'fishing_good', 10.00, 20, 20, 'Night', NULL),
('route-40', 120, 'fishing_super', 30.00, 40, 40, 'Night', NULL),
('route-40', 129, 'fishing_old', 85.00, 10, 10, NULL, NULL),
('route-40', 129, 'fishing_good', 35.00, 20, 20, 'Day', NULL),
('route-40', 129, 'fishing_good', 35.00, 20, 20, 'Morning', NULL),
('route-40', 129, 'fishing_good', 35.00, 20, 20, 'Night', NULL),
('route-40', 213, 'rock_smash', 10.00, 15, 15, NULL, NULL),
('route-40', 222, 'fishing_good', 10.00, 20, 20, 'Day', NULL),
('route-40', 222, 'fishing_good', 10.00, 20, 20, 'Morning', NULL),
('route-40', 222, 'fishing_super', 30.00, 40, 40, 'Day', NULL),
('route-40', 222, 'fishing_super', 30.00, 40, 40, 'Morning', NULL),
('route-41', 72, 'fishing_old', 15.00, 10, 10, NULL, NULL),
('route-41', 72, 'fishing_good', 35.00, 20, 20, NULL, NULL),
('route-41', 72, 'surfing', 60.00, 20, 24, NULL, NULL),
('route-41', 73, 'fishing_super', 20.00, 40, 40, NULL, NULL),
('route-41', 73, 'surfing', 30.00, 20, 24, NULL, NULL),
('route-41', 90, 'fishing_good', 10.00, 20, 20, NULL, NULL),
('route-41', 90, 'fishing_super', 30.00, 40, 40, NULL, NULL),
('route-41', 129, 'fishing_old', 85.00, 10, 10, NULL, NULL),
('route-41', 129, 'fishing_good', 35.00, 20, 20, NULL, NULL),
('route-41', 170, 'fishing_good', 20.00, 20, 20, NULL, NULL),
('route-41', 170, 'fishing_super', 40.00, 40, 40, NULL, NULL),
('route-41', 171, 'fishing_super', 10.00, 40, 40, NULL, NULL),
('route-41', 226, 'surfing', 10.00, 20, 24, NULL, NULL),
('route-42', 19, 'walking', 20.00, 15, 15, 'Day', NULL),
('route-42', 19, 'walking', 20.00, 15, 15, 'Morning', NULL),
('route-42', 19, 'walking', 30.00, 13, 13, 'Night', NULL),
('route-42', 20, 'walking', 10.00, 16, 16, 'Day', NULL),
('route-42', 20, 'walking', 10.00, 16, 16, 'Morning', NULL),
('route-42', 20, 'walking', 20.00, 15, 15, 'Night', NULL),
('route-42', 21, 'walking', 30.00, 14, 14, 'Day', NULL),
('route-42', 21, 'walking', 30.00, 14, 14, 'Morning', NULL),
('route-42', 21, 'headbutt', 180.00, 10, 10, NULL, NULL),
('route-42', 22, 'walking', 5.00, 16, 16, 'Day', NULL),
('route-42', 22, 'walking', 5.00, 16, 16, 'Morning', NULL),
('route-42', 23, 'walking', 30.00, 13, 13, 'Day', NULL),
('route-42', 23, 'walking', 30.00, 13, 13, 'Morning', NULL),
('route-42', 23, 'headbutt', 30.00, 10, 10, NULL, NULL),
('route-42', 24, 'walking', 5.00, 15, 15, 'Day', NULL),
('route-42', 24, 'walking', 5.00, 15, 15, 'Morning', NULL),
('route-42', 41, 'walking', 30.00, 14, 14, 'Night', NULL),
('route-42', 42, 'walking', 14.00, 16, 16, 'Night', NULL),
('route-42', 42, 'walking', 1.00, 16, 16, NULL, NULL),
('route-42', 118, 'fishing_old', 15.00, 10, 10, NULL, NULL),
('route-42', 118, 'fishing_good', 65.00, 20, 20, NULL, NULL),
('route-42', 118, 'fishing_super', 70.00, 40, 40, NULL, NULL),
('route-42', 118, 'surfing', 90.00, 15, 24, NULL, NULL),
('route-42', 119, 'fishing_super', 10.00, 40, 40, NULL, NULL),
('route-42', 119, 'surfing', 10.00, 20, 24, NULL, NULL),
('route-42', 129, 'fishing_old', 85.00, 10, 10, NULL, NULL),
('route-42', 129, 'fishing_good', 35.00, 20, 20, NULL, NULL),
('route-42', 129, 'fishing_super', 20.00, 40, 40, NULL, NULL),
('route-42', 183, 'walking', 5.00, 15, 15, 'Night', NULL),
('route-42', 190, 'headbutt', 60.00, 10, 10, NULL, NULL),
('route-42', 214, 'headbutt', 30.00, 10, 10, NULL, NULL),
('mt-mortar', 19, 'walking', 60.00, 14, 14, 'Day', NULL),
('mt-mortar', 19, 'walking', 60.00, 14, 14, 'Morning', NULL),
('mt-mortar', 19, 'walking', 60.00, 14, 14, 'Night', NULL),
('mt-mortar', 20, 'walking', 30.00, 14, 30, 'Day', NULL),
('mt-mortar', 20, 'walking', 30.00, 14, 30, 'Morning', NULL),
('mt-mortar', 20, 'walking', 50.00, 15, 30, 'Night', NULL),
('mt-mortar', 41, 'walking', 95.00, 13, 17, 'Day', NULL),
('mt-mortar', 41, 'walking', 95.00, 13, 17, 'Morning', NULL),
('mt-mortar', 41, 'walking', 100.00, 13, 17, 'Night', NULL),
('mt-mortar', 42, 'walking', 40.00, 13, 30, 'Day', NULL),
('mt-mortar', 42, 'walking', 40.00, 13, 30, 'Morning', NULL),
('mt-mortar', 42, 'walking', 50.00, 13, 30, 'Night', NULL),
('mt-mortar', 66, 'walking', 55.00, 14, 28, 'Day', NULL),
('mt-mortar', 66, 'walking', 55.00, 14, 28, 'Morning', NULL),
('mt-mortar', 74, 'walking', 60.00, 13, 31, 'Day', NULL),
('mt-mortar', 74, 'walking', 60.00, 13, 31, 'Morning', NULL),
('mt-mortar', 74, 'walking', 70.00, 13, 31, 'Night', NULL),
('mt-mortar', 118, 'fishing_old', 45.00, 10, 10, NULL, NULL),
('mt-mortar', 118, 'fishing_good', 195.00, 20, 20, NULL, NULL),
('mt-mortar', 118, 'fishing_super', 210.00, 40, 40, NULL, NULL),
('mt-mortar', 118, 'surfing', 180.00, 15, 24, NULL, NULL),
('mt-mortar', 119, 'fishing_super', 30.00, 40, 40, NULL, NULL),
('mt-mortar', 119, 'surfing', 30.00, 20, 29, NULL, NULL),
('mt-mortar', 129, 'fishing_old', 255.00, 10, 10, NULL, NULL),
('mt-mortar', 129, 'fishing_good', 105.00, 20, 20, NULL, NULL),
('mt-mortar', 129, 'fishing_super', 60.00, 40, 40, NULL, NULL),
('mt-mortar', 183, 'walking', 40.00, 14, 28, 'Night', NULL),
('mt-mortar', 183, 'surfing', 90.00, 20, 29, NULL, NULL),
('mt-mortar', 67, 'walking', 30.00, 32, 32, 'Day', NULL),
('mt-mortar', 67, 'walking', 30.00, 32, 32, 'Morning', NULL),
('mt-mortar', 75, 'walking', 30.00, 31, 31, 'Day', NULL),
('mt-mortar', 75, 'walking', 30.00, 31, 31, 'Morning', NULL),
('mt-mortar', 75, 'walking', 30.00, 31, 31, 'Night', NULL),
('mt-mortar', 236, 'gift', 100.00, 10, 10, NULL, NULL),
('route-43', 17, 'walking', 30.00, 16, 16, 'Day', NULL),
('route-43', 17, 'walking', 30.00, 16, 16, 'Morning', NULL),
('route-43', 20, 'walking', 5.00, 17, 17, 'Day', NULL),
('route-43', 20, 'walking', 5.00, 17, 17, 'Morning', NULL),
('route-43', 20, 'walking', 25.00, 16, 17, 'Night', NULL),
('route-43', 48, 'walking', 40.00, 15, 17, 'Night', NULL),
('route-43', 48, 'headbutt', 30.00, 10, 10, NULL, NULL),
('route-43', 49, 'walking', 5.00, 17, 17, 'Night', NULL),
('route-43', 60, 'fishing_old', 15.00, 10, 10, NULL, NULL),
('route-43', 60, 'fishing_good', 65.00, 20, 20, NULL, NULL),
('route-43', 60, 'fishing_super', 80.00, 40, 40, NULL, NULL),
('route-43', 83, 'walking', 20.00, 16, 16, 'Day', NULL),
('route-43', 83, 'walking', 20.00, 16, 16, 'Morning', NULL),
('route-43', 102, 'headbutt', 60.00, 10, 10, NULL, NULL),
('route-43', 129, 'fishing_old', 85.00, 10, 10, NULL, NULL),
('route-43', 129, 'fishing_good', 35.00, 20, 20, NULL, NULL),
('route-43', 129, 'fishing_super', 20.00, 40, 40, NULL, NULL),
('route-43', 129, 'surfing', 100.00, 10, 24, NULL, NULL),
('route-43', 161, 'walking', 30.00, 15, 15, 'Day', NULL),
('route-43', 161, 'walking', 30.00, 15, 15, 'Morning', NULL),
('route-43', 162, 'walking', 15.00, 15, 17, 'Day', NULL),
('route-43', 162, 'walking', 15.00, 15, 17, 'Morning', NULL),
('route-43', 163, 'walking', 30.00, 16, 16, 'Night', NULL),
('route-43', 163, 'headbutt', 180.00, 10, 10, NULL, NULL),
('route-43', 204, 'headbutt', 30.00, 10, 10, NULL, NULL),
('lake-of-rage', 48, 'headbutt', 30.00, 10, 10, NULL, NULL),
('lake-of-rage', 102, 'headbutt', 60.00, 10, 10, NULL, NULL),
('lake-of-rage', 129, 'fishing_old', 100.00, 10, 10, NULL, NULL),
('lake-of-rage', 129, 'fishing_good', 90.00, 20, 20, NULL, NULL),
('lake-of-rage', 129, 'fishing_super', 70.00, 40, 40, NULL, NULL),
('lake-of-rage', 129, 'surfing', 90.00, 10, 19, NULL, NULL),
('lake-of-rage', 130, 'fishing_good', 10.00, 20, 20, NULL, NULL),
('lake-of-rage', 130, 'fishing_super', 30.00, 40, 40, NULL, NULL),
('lake-of-rage', 130, 'surfing', 10.00, 15, 19, NULL, NULL),
('lake-of-rage', 130, 'static', 100.00, 30, 30, NULL, NULL),
('lake-of-rage', 163, 'headbutt', 180.00, 10, 10, NULL, NULL),
('lake-of-rage', 204, 'headbutt', 30.00, 10, 10, NULL, NULL),
('route-44', 21, 'headbutt', 210.00, 10, 10, NULL, NULL),
('route-44', 60, 'walking', 30.00, 22, 22, 'Night', NULL),
('route-44', 60, 'fishing_old', 15.00, 10, 10, NULL, NULL),
('route-44', 60, 'fishing_good', 65.00, 20, 20, NULL, NULL),
('route-44', 60, 'fishing_super', 80.00, 40, 40, NULL, NULL),
('route-44', 60, 'surfing', 90.00, 20, 29, NULL, NULL),
('route-44', 61, 'walking', 10.00, 24, 26, 'Night', NULL),
('route-44', 61, 'surfing', 10.00, 25, 29, NULL, NULL),
('route-44', 69, 'walking', 20.00, 22, 22, 'Day', NULL),
('route-44', 69, 'walking', 20.00, 22, 22, 'Morning', NULL),
('route-44', 69, 'walking', 20.00, 22, 22, 'Night', NULL),
('route-44', 70, 'walking', 10.00, 24, 24, 'Day', NULL),
('route-44', 70, 'walking', 10.00, 24, 24, 'Morning', NULL),
('route-44', 70, 'walking', 10.00, 24, 24, 'Night', NULL),
('route-44', 108, 'walking', 40.00, 22, 26, 'Day', NULL),
('route-44', 108, 'walking', 40.00, 22, 26, 'Morning', NULL),
('route-44', 114, 'walking', 30.00, 23, 23, 'Day', NULL),
('route-44', 114, 'walking', 30.00, 23, 23, 'Morning', NULL),
('route-44', 114, 'walking', 30.00, 23, 23, 'Night', NULL),
('route-44', 129, 'fishing_old', 85.00, 10, 10, NULL, NULL),
('route-44', 129, 'fishing_good', 35.00, 20, 20, NULL, NULL),
('route-44', 129, 'fishing_super', 20.00, 40, 40, NULL, NULL),
('route-44', 190, 'headbutt', 60.00, 10, 10, NULL, NULL),
('route-44', 214, 'headbutt', 30.00, 10, 10, NULL, NULL),
('ice-path', 42, 'walking', 224.00, 22, 26, 'Day', NULL),
('ice-path', 42, 'walking', 224.00, 22, 26, 'Morning', NULL),
('ice-path', 42, 'walking', 224.00, 22, 26, 'Night', NULL),
('ice-path', 220, 'walking', 160.00, 21, 26, 'Day', NULL),
('ice-path', 220, 'walking', 160.00, 21, 26, 'Morning', NULL),
('ice-path', 225, 'walking', 160.00, 21, 26, 'Night', NULL),
('ice-path', 124, 'walking', 16.00, 22, 26, 'Day', NULL),
('ice-path', 124, 'walking', 16.00, 22, 26, 'Morning', NULL),
('ice-path', 215, 'walking', 16.00, 22, 26, 'Night', NULL),
('dragons-den', 129, 'fishing_old', 100.00, 10, 10, NULL, NULL),
('dragons-den', 129, 'fishing_good', 90.00, 20, 20, NULL, NULL),
('dragons-den', 129, 'fishing_super', 60.00, 40, 40, NULL, NULL),
('dragons-den', 129, 'surfing', 90.00, 10, 19, NULL, NULL),
('dragons-den', 147, 'gift', 100.00, 15, 15, NULL, NULL),
('dragons-den', 147, 'fishing_good', 10.00, 20, 20, NULL, NULL),
('dragons-den', 147, 'fishing_super', 30.00, 40, 40, NULL, NULL),
('dragons-den', 147, 'surfing', 10.00, 10, 14, NULL, NULL),
('dragons-den', 148, 'fishing_super', 10.00, 40, 40, NULL, NULL),
('route-45', 21, 'headbutt', 210.00, 10, 10, NULL, NULL),
('route-45', 74, 'walking', 30.00, 23, 23, 'Day', NULL),
('route-45', 74, 'walking', 30.00, 23, 23, 'Morning', NULL),
('route-45', 74, 'walking', 30.00, 23, 23, 'Night', NULL),
('route-45', 75, 'walking', 30.00, 23, 23, 'Day', NULL),
('route-45', 75, 'walking', 30.00, 23, 23, 'Morning', NULL),
('route-45', 75, 'walking', 50.00, 23, 27, 'Night', NULL),
('route-45', 129, 'fishing_old', 100.00, 10, 10, NULL, NULL),
('route-45', 129, 'fishing_good', 90.00, 20, 20, NULL, NULL),
('route-45', 129, 'fishing_super', 60.00, 40, 40, NULL, NULL),
('route-45', 129, 'surfing', 100.00, 5, 24, NULL, NULL),
('route-45', 147, 'fishing_good', 10.00, 20, 20, NULL, NULL),
('route-45', 147, 'fishing_super', 30.00, 40, 40, NULL, NULL),
('route-45', 148, 'fishing_super', 10.00, 40, 40, NULL, NULL),
('route-45', 190, 'headbutt', 60.00, 10, 10, NULL, NULL),
('route-45', 207, 'walking', 20.00, 24, 24, 'Day', NULL),
('route-45', 207, 'walking', 20.00, 24, 24, 'Morning', NULL),
('route-45', 207, 'walking', 20.00, 24, 24, 'Night', NULL),
('route-45', 214, 'headbutt', 30.00, 10, 10, NULL, NULL),
('route-45', 227, 'walking', 5.00, 27, 27, 'Day', NULL),
('route-45', 227, 'walking', 5.00, 27, 27, 'Morning', NULL),
('route-45', 231, 'walking', 5.00, 20, 20, 'Morning', NULL),
('route-45', 232, 'walking', 15.00, 25, 30, 'Day', NULL),
('route-45', 232, 'walking', 10.00, 25, 25, 'Morning', NULL),
('dark-cave-blackthorn', 41, 'walking', 30.00, 23, 23, 'Day', NULL),
('dark-cave-blackthorn', 41, 'walking', 30.00, 23, 23, 'Morning', NULL),
('dark-cave-blackthorn', 41, 'walking', 30.00, 23, 23, 'Night', NULL),
('dark-cave-blackthorn', 42, 'walking', 5.00, 23, 23, 'Day', NULL),
('dark-cave-blackthorn', 42, 'walking', 5.00, 23, 23, 'Morning', NULL),
('dark-cave-blackthorn', 42, 'walking', 5.00, 23, 23, 'Night', NULL),
('dark-cave-blackthorn', 74, 'walking', 30.00, 23, 23, 'Day', NULL),
('dark-cave-blackthorn', 74, 'walking', 30.00, 23, 23, 'Morning', NULL),
('dark-cave-blackthorn', 74, 'walking', 30.00, 23, 23, 'Night', NULL),
('dark-cave-blackthorn', 75, 'walking', 20.00, 25, 25, 'Day', NULL),
('dark-cave-blackthorn', 75, 'walking', 20.00, 25, 25, 'Morning', NULL),
('dark-cave-blackthorn', 75, 'walking', 20.00, 25, 25, 'Night', NULL),
('dark-cave-blackthorn', 118, 'fishing_old', 15.00, 10, 10, NULL, NULL),
('dark-cave-blackthorn', 118, 'fishing_good', 65.00, 20, 20, NULL, NULL),
('dark-cave-blackthorn', 118, 'fishing_super', 70.00, 40, 40, NULL, NULL),
('dark-cave-blackthorn', 119, 'fishing_super', 10.00, 40, 40, NULL, NULL),
('dark-cave-blackthorn', 129, 'fishing_old', 85.00, 10, 10, NULL, NULL),
('dark-cave-blackthorn', 129, 'fishing_good', 35.00, 20, 20, NULL, NULL),
('dark-cave-blackthorn', 129, 'fishing_super', 20.00, 40, 40, NULL, NULL),
('dark-cave-blackthorn', 129, 'surfing', 100.00, 5, 19, NULL, NULL),
('dark-cave-blackthorn', 202, 'walking', 15.00, 20, 25, 'Night', NULL),
('dark-cave-blackthorn', 216, 'walking', 5.00, 20, 20, 'Morning', NULL),
('dark-cave-blackthorn', 217, 'walking', 15.00, 20, 30, 'Day', NULL),
('dark-cave-blackthorn', 217, 'walking', 10.00, 25, 25, 'Morning', NULL),
('whirl-islands', 41, 'walking', 120.00, 23, 26, 'Day', NULL),
('whirl-islands', 41, 'walking', 120.00, 23, 26, 'Morning', NULL),
('whirl-islands', 41, 'walking', 120.00, 23, 26, 'Night', NULL),
('whirl-islands', 42, 'walking', 20.00, 25, 28, 'Day', NULL),
('whirl-islands', 42, 'walking', 20.00, 25, 28, 'Morning', NULL),
('whirl-islands', 42, 'walking', 35.00, 23, 28, 'Night', NULL),
('whirl-islands', 72, 'surfing', 60.00, 20, 24, NULL, NULL),
('whirl-islands', 73, 'surfing', 50.00, 20, 24, NULL, NULL),
('whirl-islands', 86, 'walking', 100.00, 22, 27, 'Day', NULL),
('whirl-islands', 86, 'walking', 100.00, 22, 27, 'Morning', NULL),
('whirl-islands', 86, 'walking', 15.00, 24, 24, 'Night', NULL),
('whirl-islands', 98, 'walking', 160.00, 22, 27, 'Day', NULL),
('whirl-islands', 98, 'walking', 160.00, 22, 27, 'Morning', NULL),
('whirl-islands', 98, 'walking', 230.00, 22, 27, 'Night', NULL),
('whirl-islands', 98, 'fishing_old', 45.00, 10, 10, NULL, NULL),
('whirl-islands', 98, 'fishing_good', 165.00, 20, 20, NULL, NULL),
('whirl-islands', 98, 'fishing_super', 120.00, 40, 40, NULL, NULL),
('whirl-islands', 99, 'fishing_super', 60.00, 40, 40, NULL, NULL),
('whirl-islands', 116, 'fishing_good', 30.00, 20, 20, NULL, NULL),
('whirl-islands', 116, 'fishing_super', 90.00, 40, 40, NULL, NULL),
('whirl-islands', 116, 'surfing', 180.00, 15, 24, NULL, NULL),
('whirl-islands', 117, 'fishing_super', 30.00, 40, 40, NULL, NULL),
('whirl-islands', 129, 'fishing_old', 255.00, 10, 10, NULL, NULL),
('whirl-islands', 129, 'fishing_good', 105.00, 20, 20, NULL, NULL),
('whirl-islands', 249, 'static', 100.00, 60, 60, NULL, NULL),
('whirl-islands', 117, 'surfing', 10.00, 20, 24, NULL, NULL),
('route-27', 20, 'walking', 20.00, 30, 30, 'Day', NULL),
('route-27', 20, 'walking', 20.00, 30, 30, 'Morning', NULL),
('route-27', 20, 'walking', 20.00, 30, 30, 'Night', NULL),
('route-27', 23, 'headbutt', 30.00, 10, 10, NULL, NULL),
('route-27', 24, 'walking', 30.00, 28, 28, 'Day', NULL),
('route-27', 24, 'walking', 30.00, 28, 28, 'Morning', NULL),
('route-27', 72, 'fishing_old', 15.00, 10, 10, NULL, NULL),
('route-27', 72, 'fishing_good', 35.00, 20, 20, NULL, NULL),
('route-27', 72, 'surfing', 90.00, 15, 24, NULL, NULL),
('route-27', 73, 'fishing_super', 20.00, 40, 40, NULL, NULL),
('route-27', 73, 'surfing', 10.00, 20, 24, NULL, NULL),
('route-27', 77, 'walking', 5.00, 32, 32, 'Day', NULL),
('route-27', 77, 'walking', 5.00, 32, 32, 'Morning', NULL),
('route-27', 84, 'walking', 40.00, 28, 30, 'Day', NULL),
('route-27', 84, 'walking', 40.00, 28, 30, 'Morning', NULL),
('route-27', 85, 'walking', 5.00, 30, 30, 'Day', NULL),
('route-27', 85, 'walking', 5.00, 30, 30, 'Morning', NULL),
('route-27', 90, 'fishing_good', 10.00, 20, 20, NULL, NULL),
('route-27', 90, 'fishing_super', 30.00, 40, 40, NULL, NULL),
('route-27', 102, 'headbutt', 60.00, 10, 10, NULL, NULL),
('route-27', 129, 'fishing_old', 85.00, 10, 10, NULL, NULL),
('route-27', 129, 'fishing_good', 35.00, 20, 20, NULL, NULL),
('route-27', 163, 'headbutt', 180.00, 10, 10, NULL, NULL),
('route-27', 164, 'walking', 40.00, 28, 32, 'Night', NULL),
('route-27', 170, 'fishing_good', 20.00, 20, 20, NULL, NULL),
('route-27', 170, 'fishing_super', 40.00, 40, 40, NULL, NULL),
('route-27', 171, 'fishing_super', 10.00, 40, 40, NULL, NULL),
('route-27', 195, 'walking', 40.00, 28, 30, 'Night', NULL),
('route-27', 204, 'headbutt', 30.00, 10, 10, NULL, NULL),
('tohjo-falls', 19, 'walking', 5.00, 20, 20, NULL, NULL),
('tohjo-falls', 20, 'walking', 30.00, 22, 22, NULL, NULL),
('tohjo-falls', 41, 'walking', 30.00, 22, 22, NULL, NULL),
('tohjo-falls', 42, 'walking', 20.00, 24, 24, NULL, NULL),
('tohjo-falls', 79, 'walking', 15.00, 21, 23, NULL, NULL),
('tohjo-falls', 79, 'surfing', 30.00, 20, 24, NULL, NULL),
('tohjo-falls', 118, 'fishing_old', 15.00, 10, 10, NULL, NULL),
('tohjo-falls', 118, 'fishing_good', 65.00, 20, 20, NULL, NULL),
('tohjo-falls', 118, 'fishing_super', 70.00, 40, 40, NULL, NULL),
('tohjo-falls', 118, 'surfing', 60.00, 20, 24, NULL, NULL),
('tohjo-falls', 119, 'fishing_super', 10.00, 40, 40, NULL, NULL),
('tohjo-falls', 119, 'surfing', 10.00, 20, 24, NULL, NULL),
('tohjo-falls', 129, 'fishing_old', 85.00, 10, 10, NULL, NULL),
('tohjo-falls', 129, 'fishing_good', 35.00, 20, 20, NULL, NULL),
('tohjo-falls', 129, 'fishing_super', 20.00, 40, 40, NULL, NULL),
('route-26', 20, 'walking', 10.00, 30, 30, 'Day', NULL),
('route-26', 20, 'walking', 10.00, 30, 30, 'Morning', NULL),
('route-26', 20, 'walking', 40.00, 28, 30, 'Night', NULL),
('route-26', 23, 'headbutt', 30.00, 10, 10, NULL, NULL),
('route-26', 24, 'walking', 5.00, 30, 30, 'Day', NULL),
('route-26', 24, 'walking', 5.00, 30, 30, 'Morning', NULL),
('route-26', 28, 'walking', 30.00, 28, 28, 'Day', NULL),
('route-26', 28, 'walking', 30.00, 28, 28, 'Morning', NULL),
('route-26', 72, 'fishing_old', 15.00, 10, 10, NULL, NULL),
('route-26', 72, 'fishing_good', 35.00, 20, 20, NULL, NULL),
('route-26', 72, 'surfing', 90.00, 25, 34, NULL, NULL),
('route-26', 73, 'fishing_super', 20.00, 40, 40, NULL, NULL),
('route-26', 73, 'surfing', 10.00, 30, 34, NULL, NULL),
('route-26', 77, 'walking', 20.00, 32, 32, 'Day', NULL),
('route-26', 77, 'walking', 20.00, 32, 32, 'Morning', NULL),
('route-26', 84, 'walking', 35.00, 28, 30, 'Day', NULL),
('route-26', 84, 'walking', 35.00, 28, 30, 'Morning', NULL),
('route-26', 90, 'fishing_good', 10.00, 20, 20, NULL, NULL),
('route-26', 90, 'fishing_super', 30.00, 40, 40, NULL, NULL),
('route-26', 102, 'headbutt', 60.00, 10, 10, NULL, NULL),
('route-26', 129, 'fishing_old', 85.00, 10, 10, NULL, NULL),
('route-26', 129, 'fishing_good', 35.00, 20, 20, NULL, NULL),
('route-26', 163, 'headbutt', 180.00, 10, 10, NULL, NULL),
('route-26', 164, 'walking', 50.00, 28, 32, 'Night', NULL),
('route-26', 170, 'fishing_good', 20.00, 20, 20, NULL, NULL),
('route-26', 170, 'fishing_super', 40.00, 40, 40, NULL, NULL),
('route-26', 171, 'fishing_super', 10.00, 40, 40, NULL, NULL),
('route-26', 195, 'walking', 10.00, 30, 30, 'Night', NULL),
('route-26', 204, 'headbutt', 30.00, 10, 10, NULL, NULL),
('route-6', 19, 'walking', 30.00, 13, 13, 'Day', NULL),
('route-6', 19, 'walking', 30.00, 13, 13, 'Morning', NULL),
('route-6', 20, 'walking', 10.00, 15, 15, 'Day', NULL),
('route-6', 20, 'walking', 10.00, 15, 15, 'Morning', NULL),
('route-6', 20, 'walking', 5.00, 15, 15, 'Night', NULL),
('route-6', 39, 'walking', 5.00, 12, 12, 'Day', NULL),
('route-6', 39, 'walking', 5.00, 12, 12, 'Morning', NULL),
('route-6', 39, 'walking', 5.00, 12, 12, 'Night', NULL),
('route-6', 52, 'walking', 30.00, 13, 13, 'Night', NULL),
('route-6', 54, 'walking', 10.00, 15, 15, 'Night', NULL),
('route-6', 54, 'surfing', 90.00, 5, 14, NULL, NULL),
('route-6', 55, 'surfing', 10.00, 10, 14, NULL, NULL),
('route-6', 60, 'fishing_old', 15.00, 10, 10, NULL, NULL),
('route-6', 60, 'fishing_good', 65.00, 20, 20, NULL, NULL),
('route-6', 60, 'fishing_super', 80.00, 40, 40, NULL, NULL),
('route-6', 81, 'walking', 20.00, 14, 14, 'Day', NULL),
('route-6', 81, 'walking', 20.00, 14, 14, 'Morning', NULL),
('route-6', 81, 'walking', 20.00, 14, 14, 'Night', NULL),
('route-6', 96, 'walking', 30.00, 13, 13, 'Night', NULL),
('route-6', 129, 'fishing_old', 85.00, 10, 10, NULL, NULL),
('route-6', 129, 'fishing_good', 35.00, 20, 20, NULL, NULL),
('route-6', 129, 'fishing_super', 20.00, 40, 40, NULL, NULL),
('route-6', 209, 'walking', 30.00, 13, 13, 'Day', NULL),
('route-6', 209, 'walking', 30.00, 13, 13, 'Morning', NULL),
('route-6', 210, 'walking', 5.00, 15, 15, 'Day', NULL),
('route-6', 210, 'walking', 5.00, 15, 15, 'Morning', NULL),
('route-5', 16, 'walking', 30.00, 13, 13, 'Day', NULL),
('route-5', 16, 'walking', 30.00, 13, 13, 'Morning', NULL),
('route-5', 17, 'walking', 20.00, 15, 15, 'Day', NULL),
('route-5', 17, 'walking', 20.00, 15, 15, 'Morning', NULL),
('route-5', 39, 'walking', 5.00, 14, 14, 'Day', NULL),
('route-5', 39, 'walking', 5.00, 14, 14, 'Morning', NULL),
('route-5', 39, 'walking', 5.00, 14, 14, 'Night', NULL),
('route-5', 52, 'walking', 30.00, 13, 13, 'Night', NULL),
('route-5', 63, 'walking', 15.00, 12, 14, 'Day', NULL),
('route-5', 63, 'walking', 15.00, 12, 14, 'Morning', NULL),
('route-5', 63, 'walking', 15.00, 12, 14, 'Night', NULL),
('route-5', 163, 'walking', 30.00, 13, 13, 'Night', NULL),
('route-5', 164, 'walking', 20.00, 15, 15, 'Night', NULL),
('route-5', 209, 'walking', 30.00, 13, 13, 'Day', NULL),
('route-5', 209, 'walking', 30.00, 13, 13, 'Morning', NULL),
('route-24', 10, 'walking', 50.00, 8, 10, 'Day', NULL),
('route-24', 10, 'walking', 60.00, 8, 10, 'Morning', NULL),
('route-24', 11, 'walking', 20.00, 12, 12, 'Morning', NULL),
('route-24', 12, 'walking', 5.00, 14, 14, 'Day', NULL),
('route-24', 12, 'walking', 5.00, 14, 14, 'Morning', NULL),
('route-24', 43, 'walking', 50.00, 10, 12, 'Night', NULL),
('route-24', 44, 'walking', 5.00, 14, 14, 'Night', NULL),
('route-24', 48, 'walking', 30.00, 10, 10, 'Night', NULL),
('route-24', 63, 'walking', 10.00, 12, 12, 'Day', NULL),
('route-24', 63, 'walking', 10.00, 12, 12, 'Morning', NULL),
('route-24', 63, 'walking', 10.00, 12, 12, 'Night', NULL),
('route-24', 69, 'walking', 5.00, 10, 10, 'Day', NULL),
('route-24', 69, 'walking', 5.00, 10, 10, 'Morning', NULL),
('route-24', 69, 'walking', 5.00, 10, 10, 'Night', NULL),
('route-24', 118, 'fishing_old', 15.00, 10, 10, NULL, NULL),
('route-24', 118, 'fishing_good', 65.00, 20, 20, NULL, NULL),
('route-24', 118, 'fishing_super', 70.00, 40, 40, NULL, NULL),
('route-24', 118, 'surfing', 90.00, 4, 14, NULL, NULL),
('route-24', 119, 'fishing_super', 10.00, 40, 40, NULL, NULL),
('route-24', 119, 'surfing', 10.00, 10, 14, NULL, NULL),
('route-24', 129, 'fishing_old', 85.00, 10, 10, NULL, NULL),
('route-24', 129, 'fishing_good', 35.00, 20, 20, NULL, NULL),
('route-24', 129, 'fishing_super', 20.00, 40, 40, NULL, NULL),
('route-24', 191, 'walking', 30.00, 12, 12, 'Day', NULL),
('route-25', 10, 'walking', 30.00, 10, 10, 'Day', NULL),
('route-25', 10, 'walking', 30.00, 10, 10, 'Morning', NULL),
('route-25', 11, 'walking', 10.00, 12, 12, 'Day', NULL),
('route-25', 11, 'walking', 10.00, 12, 12, 'Morning', NULL),
('route-25', 12, 'walking', 5.00, 14, 14, 'Day', NULL),
('route-25', 12, 'walking', 5.00, 14, 14, 'Morning', NULL),
('route-25', 16, 'walking', 30.00, 10, 10, 'Day', NULL),
('route-25', 16, 'walking', 30.00, 10, 10, 'Morning', NULL),
('route-25', 17, 'walking', 20.00, 12, 12, 'Day', NULL),
('route-25', 17, 'walking', 20.00, 12, 12, 'Morning', NULL),
('route-25', 43, 'walking', 30.00, 10, 10, 'Night', NULL),
('route-25', 48, 'walking', 20.00, 12, 12, 'Night', NULL),
('route-25', 69, 'walking', 5.00, 10, 10, 'Day', NULL),
('route-25', 69, 'walking', 5.00, 10, 10, 'Morning', NULL),
('route-25', 69, 'walking', 5.00, 10, 10, 'Night', NULL),
('route-25', 118, 'fishing_old', 15.00, 10, 10, NULL, NULL),
('route-25', 118, 'fishing_good', 65.00, 20, 20, NULL, NULL),
('route-25', 118, 'fishing_super', 70.00, 40, 40, NULL, NULL),
('route-25', 118, 'surfing', 90.00, 4, 14, NULL, NULL),
('route-25', 119, 'fishing_super', 10.00, 40, 40, NULL, NULL),
('route-25', 119, 'surfing', 10.00, 10, 14, NULL, NULL),
('route-25', 129, 'fishing_old', 85.00, 10, 10, NULL, NULL),
('route-25', 129, 'fishing_good', 35.00, 20, 20, NULL, NULL),
('route-25', 129, 'fishing_super', 20.00, 40, 40, NULL, NULL),
('route-25', 163, 'walking', 30.00, 10, 10, 'Night', NULL),
('route-25', 164, 'walking', 15.00, 12, 14, 'Night', NULL),
('route-9', 19, 'walking', 30.00, 15, 15, 'Day', NULL),
('route-9', 19, 'walking', 30.00, 15, 15, 'Morning', NULL),
('route-9', 19, 'walking', 30.00, 15, 15, 'Night', NULL),
('route-9', 20, 'walking', 20.00, 15, 15, 'Day', NULL),
('route-9', 20, 'walking', 20.00, 15, 15, 'Morning', NULL),
('route-9', 20, 'walking', 25.00, 15, 18, 'Night', NULL),
('route-9', 21, 'walking', 30.00, 15, 15, 'Day', NULL),
('route-9', 21, 'walking', 30.00, 15, 15, 'Morning', NULL),
('route-9', 22, 'walking', 15.00, 15, 15, 'Day', NULL),
('route-9', 22, 'walking', 15.00, 15, 15, 'Morning', NULL),
('route-9', 41, 'walking', 5.00, 15, 15, 'Night', NULL),
('route-9', 48, 'walking', 30.00, 15, 15, 'Night', NULL),
('route-9', 49, 'walking', 10.00, 15, 15, 'Night', NULL),
('route-9', 105, 'walking', 5.00, 18, 18, 'Day', NULL),
('route-9', 105, 'walking', 5.00, 18, 18, 'Morning', NULL),
('route-9', 118, 'fishing_old', 15.00, 10, 10, NULL, NULL),
('route-9', 118, 'fishing_good', 65.00, 20, 20, NULL, NULL),
('route-9', 118, 'fishing_super', 70.00, 40, 40, NULL, NULL),
('route-9', 118, 'surfing', 90.00, 10, 19, NULL, NULL),
('route-9', 119, 'fishing_super', 10.00, 40, 40, NULL, NULL),
('route-9', 119, 'surfing', 10.00, 15, 19, NULL, NULL),
('route-9', 129, 'fishing_old', 85.00, 10, 10, NULL, NULL),
('route-9', 129, 'fishing_good', 35.00, 20, 20, NULL, NULL),
('route-9', 129, 'fishing_super', 20.00, 40, 40, NULL, NULL),
('route-10', 20, 'walking', 20.00, 15, 15, 'Day', NULL),
('route-10', 20, 'walking', 20.00, 15, 15, 'Morning', NULL),
('route-10', 20, 'walking', 20.00, 15, 15, 'Night', NULL),
('route-10', 21, 'walking', 30.00, 15, 15, 'Day', NULL),
('route-10', 21, 'walking', 30.00, 15, 15, 'Morning', NULL),
('route-10', 22, 'walking', 10.00, 15, 15, 'Day', NULL),
('route-10', 22, 'walking', 10.00, 15, 15, 'Morning', NULL),
('route-10', 41, 'walking', 5.00, 15, 15, 'Night', NULL),
('route-10', 48, 'walking', 30.00, 15, 15, 'Night', NULL),
('route-10', 49, 'walking', 10.00, 15, 15, 'Night', NULL),
('route-10', 100, 'walking', 30.00, 17, 17, 'Day', NULL),
('route-10', 100, 'walking', 30.00, 17, 17, 'Morning', NULL),
('route-10', 100, 'walking', 30.00, 17, 17, 'Night', NULL),
('route-10', 105, 'walking', 5.00, 15, 15, 'Day', NULL),
('route-10', 105, 'walking', 5.00, 15, 15, 'Morning', NULL),
('route-10', 118, 'fishing_old', 15.00, 10, 10, NULL, NULL),
('route-10', 118, 'fishing_good', 65.00, 20, 20, NULL, NULL),
('route-10', 118, 'fishing_super', 70.00, 40, 40, NULL, NULL),
('route-10', 118, 'surfing', 90.00, 10, 19, NULL, NULL),
('route-10', 119, 'fishing_super', 10.00, 40, 40, NULL, NULL),
('route-10', 119, 'surfing', 10.00, 15, 19, NULL, NULL),
('route-10', 125, 'walking', 5.00, 16, 16, 'Day', NULL),
('route-10', 125, 'walking', 5.00, 16, 16, 'Morning', NULL),
('route-10', 125, 'walking', 5.00, 16, 16, 'Night', NULL),
('route-10', 129, 'fishing_old', 85.00, 10, 10, NULL, NULL),
('route-10', 129, 'fishing_good', 35.00, 20, 20, NULL, NULL),
('route-10', 129, 'fishing_super', 20.00, 40, 40, NULL, NULL),
('rock-tunnel', 41, 'walking', 20.00, 12, 12, 'Day', NULL),
('rock-tunnel', 41, 'walking', 20.00, 12, 12, 'Morning', NULL),
('rock-tunnel', 41, 'walking', 80.00, 12, 15, 'Night', NULL),
('rock-tunnel', 66, 'walking', 20.00, 12, 12, 'Day', NULL),
('rock-tunnel', 66, 'walking', 20.00, 12, 12, 'Morning', NULL),
('rock-tunnel', 67, 'walking', 5.00, 15, 15, 'Day', NULL),
('rock-tunnel', 67, 'walking', 5.00, 15, 15, 'Morning', NULL),
('rock-tunnel', 74, 'walking', 60.00, 11, 14, 'Day', NULL),
('rock-tunnel', 74, 'walking', 60.00, 11, 14, 'Morning', NULL),
('rock-tunnel', 74, 'walking', 80.00, 11, 14, 'Night', NULL),
('rock-tunnel', 93, 'walking', 15.00, 15, 17, 'Night', NULL),
('rock-tunnel', 104, 'walking', 60.00, 10, 12, 'Day', NULL),
('rock-tunnel', 104, 'walking', 60.00, 10, 12, 'Morning', NULL),
('rock-tunnel', 105, 'walking', 10.00, 12, 15, 'Day', NULL),
('rock-tunnel', 105, 'walking', 10.00, 12, 15, 'Morning', NULL),
('rock-tunnel', 42, 'walking', 5.00, 15, 15, 'Night', NULL),
('rock-tunnel', 95, 'walking', 20.00, 16, 16, 'Day', NULL),
('rock-tunnel', 95, 'walking', 20.00, 16, 16, 'Morning', NULL),
('rock-tunnel', 95, 'walking', 20.00, 16, 16, 'Night', NULL),
('rock-tunnel', 115, 'walking', 5.00, 15, 15, 'Day', NULL),
('rock-tunnel', 115, 'walking', 5.00, 15, 15, 'Morning', NULL),
('route-8', 17, 'walking', 30.00, 19, 19, 'Day', NULL),
('route-8', 17, 'walking', 30.00, 19, 19, 'Morning', NULL),
('route-8', 39, 'walking', 5.00, 16, 16, 'Day', NULL),
('route-8', 39, 'walking', 5.00, 16, 16, 'Morning', NULL),
('route-8', 39, 'walking', 5.00, 16, 16, 'Night', NULL),
('route-8', 52, 'walking', 30.00, 17, 17, 'Night', NULL),
('route-8', 58, 'walking', 10.00, 17, 17, 'Day', NULL),
('route-8', 58, 'walking', 10.00, 17, 17, 'Morning', NULL),
('route-8', 63, 'walking', 20.00, 16, 16, 'Day', NULL),
('route-8', 63, 'walking', 20.00, 16, 16, 'Morning', NULL),
('route-8', 63, 'walking', 20.00, 16, 16, 'Night', NULL),
('route-8', 64, 'walking', 5.00, 18, 18, 'Day', NULL),
('route-8', 64, 'walking', 5.00, 18, 18, 'Morning', NULL),
('route-8', 64, 'walking', 5.00, 18, 18, 'Night', NULL),
('route-8', 93, 'walking', 10.00, 17, 17, 'Night', NULL),
('route-8', 164, 'walking', 30.00, 20, 20, 'Night', NULL),
('route-8', 209, 'walking', 30.00, 17, 17, 'Day', NULL),
('route-8', 209, 'walking', 30.00, 17, 17, 'Morning', NULL),
('route-7', 19, 'walking', 30.00, 17, 17, 'Day', NULL),
('route-7', 19, 'walking', 30.00, 17, 17, 'Morning', NULL),
('route-7', 20, 'walking', 10.00, 18, 18, 'Day', NULL),
('route-7', 20, 'walking', 10.00, 18, 18, 'Morning', NULL),
('route-7', 21, 'walking', 30.00, 17, 17, 'Day', NULL),
('route-7', 21, 'walking', 30.00, 17, 17, 'Morning', NULL),
('route-7', 39, 'walking', 5.00, 18, 18, 'Day', NULL),
('route-7', 39, 'walking', 5.00, 18, 18, 'Morning', NULL),
('route-7', 39, 'walking', 5.00, 18, 18, 'Night', NULL),
('route-7', 52, 'walking', 30.00, 17, 17, 'Night', NULL),
('route-7', 53, 'walking', 10.00, 18, 18, 'Night', NULL),
('route-7', 63, 'walking', 5.00, 16, 16, 'Day', NULL),
('route-7', 63, 'walking', 5.00, 16, 16, 'Morning', NULL),
('route-7', 63, 'walking', 5.00, 16, 16, 'Night', NULL),
('route-7', 198, 'walking', 30.00, 17, 17, 'Night', NULL),
('route-7', 209, 'walking', 20.00, 18, 18, 'Day', NULL),
('route-7', 209, 'walking', 20.00, 18, 18, 'Morning', NULL),
('route-7', 228, 'walking', 20.00, 18, 18, 'Night', NULL),
('route-16', 22, 'walking', 40.00, 27, 29, 'Day', NULL),
('route-16', 22, 'walking', 45.00, 27, 29, 'Morning', NULL),
('route-16', 88, 'walking', 50.00, 26, 28, 'Day', NULL),
('route-16', 88, 'walking', 50.00, 26, 28, 'Morning', NULL),
('route-16', 88, 'walking', 80.00, 26, 28, 'Night', NULL),
('route-16', 89, 'walking', 5.00, 30, 30, 'Day', NULL),
('route-16', 89, 'walking', 5.00, 30, 30, 'Morning', NULL),
('route-16', 89, 'walking', 5.00, 30, 30, 'Night', NULL),
('route-16', 198, 'walking', 15.00, 29, 29, 'Night', NULL),
('route-16', 218, 'walking', 5.00, 29, 29, 'Day', NULL),
('route-17', 22, 'walking', 40.00, 30, 32, 'Day', NULL),
('route-17', 22, 'walking', 40.00, 30, 32, 'Morning', NULL),
('route-17', 88, 'walking', 20.00, 29, 29, 'Day', NULL),
('route-17', 88, 'walking', 55.00, 29, 33, 'Morning', NULL),
('route-17', 88, 'walking', 95.00, 29, 33, 'Night', NULL),
('route-17', 89, 'walking', 5.00, 33, 33, 'Day', NULL),
('route-17', 89, 'walking', 5.00, 33, 33, 'Morning', NULL),
('route-17', 89, 'walking', 5.00, 33, 33, 'Night', NULL),
('route-17', 218, 'walking', 35.00, 29, 32, 'Day', NULL),
('route-18', 22, 'walking', 40.00, 27, 29, 'Day', NULL),
('route-18', 22, 'walking', 45.00, 27, 29, 'Morning', NULL),
('route-18', 88, 'walking', 50.00, 26, 28, 'Day', NULL),
('route-18', 88, 'walking', 50.00, 26, 28, 'Morning', NULL),
('route-18', 88, 'walking', 95.00, 26, 29, 'Night', NULL),
('route-18', 89, 'walking', 5.00, 30, 30, 'Day', NULL),
('route-18', 89, 'walking', 5.00, 30, 30, 'Morning', NULL),
('route-18', 89, 'walking', 5.00, 30, 30, 'Night', NULL),
('route-18', 218, 'walking', 5.00, 29, 29, 'Day', NULL),
('route-15', 17, 'walking', 20.00, 25, 25, 'Day', NULL),
('route-15', 17, 'walking', 20.00, 25, 25, 'Morning', NULL),
('route-15', 30, 'walking', 30.00, 23, 23, 'Day', NULL),
('route-15', 30, 'walking', 30.00, 23, 23, 'Morning', NULL),
('route-15', 33, 'walking', 30.00, 23, 23, 'Day', NULL),
('route-15', 33, 'walking', 30.00, 23, 23, 'Morning', NULL),
('route-15', 48, 'walking', 30.00, 23, 23, 'Night', NULL),
('route-15', 49, 'walking', 10.00, 25, 25, 'Night', NULL),
('route-15', 113, 'walking', 1.00, 25, 25, 'Day', NULL),
('route-15', 113, 'walking', 1.00, 25, 25, 'Morning', NULL),
('route-15', 113, 'walking', 1.00, 25, 25, 'Night', NULL),
('route-15', 164, 'walking', 20.00, 25, 25, 'Night', NULL),
('route-15', 187, 'walking', 19.00, 25, 27, 'Day', NULL),
('route-15', 187, 'walking', 19.00, 25, 27, 'Morning', NULL),
('route-15', 195, 'walking', 39.00, 23, 25, 'Night', NULL),
('route-14', 17, 'walking', 20.00, 28, 28, 'Day', NULL),
('route-14', 17, 'walking', 20.00, 28, 28, 'Morning', NULL),
('route-14', 30, 'walking', 30.00, 26, 26, 'Day', NULL),
('route-14', 30, 'walking', 30.00, 26, 26, 'Morning', NULL),
('route-14', 33, 'walking', 30.00, 26, 26, 'Day', NULL),
('route-14', 33, 'walking', 30.00, 26, 26, 'Morning', NULL),
('route-14', 48, 'walking', 30.00, 26, 26, 'Night', NULL),
('route-14', 49, 'walking', 10.00, 28, 28, 'Night', NULL),
('route-14', 113, 'walking', 1.00, 28, 28, 'Day', NULL),
('route-14', 113, 'walking', 1.00, 28, 28, 'Morning', NULL),
('route-14', 113, 'walking', 1.00, 28, 28, 'Night', NULL),
('route-14', 164, 'walking', 20.00, 28, 28, 'Night', NULL),
('route-14', 187, 'walking', 10.00, 28, 28, 'Day', NULL),
('route-14', 187, 'walking', 10.00, 28, 28, 'Morning', NULL),
('route-14', 188, 'walking', 9.00, 30, 30, 'Day', NULL),
('route-14', 188, 'walking', 9.00, 30, 30, 'Morning', NULL),
('route-14', 195, 'walking', 39.00, 26, 28, 'Night', NULL),
('route-13', 17, 'walking', 40.00, 25, 25, NULL, NULL),
('route-13', 30, 'walking', 60.00, 23, 23, NULL, NULL),
('route-13', 33, 'walking', 60.00, 23, 23, NULL, NULL),
('route-13', 48, 'walking', 30.00, 23, 23, NULL, NULL),
('route-13', 49, 'walking', 10.00, 25, 25, NULL, NULL),
('route-13', 72, 'fishing_old', 15.00, 10, 10, NULL, NULL),
('route-13', 72, 'fishing_good', 65.00, 20, 20, NULL, NULL),
('route-13', 72, 'fishing_super', 70.00, 40, 40, NULL, NULL),
('route-13', 72, 'surfing', 60.00, 25, 29, NULL, NULL),
('route-13', 73, 'surfing', 10.00, 25, 29, NULL, NULL),
('route-13', 113, 'walking', 3.00, 25, 25, NULL, NULL),
('route-13', 129, 'fishing_old', 85.00, 10, 10, NULL, NULL),
('route-13', 129, 'fishing_good', 35.00, 20, 20, NULL, NULL),
('route-13', 129, 'fishing_super', 20.00, 40, 40, NULL, NULL),
('route-13', 164, 'walking', 20.00, 25, 25, NULL, NULL),
('route-13', 187, 'walking', 38.00, 25, 27, NULL, NULL),
('route-13', 195, 'walking', 39.00, 23, 25, NULL, NULL),
('route-13', 195, 'surfing', 30.00, 25, 29, NULL, NULL),
('route-13', 211, 'fishing_super', 10.00, 40, 40, NULL, NULL),
('route-12', 72, 'fishing_old', 15.00, 10, 10, NULL, NULL),
('route-12', 72, 'fishing_good', 65.00, 20, 20, NULL, NULL),
('route-12', 72, 'fishing_super', 70.00, 40, 40, NULL, NULL),
('route-12', 72, 'surfing', 60.00, 25, 29, NULL, NULL),
('route-12', 73, 'surfing', 10.00, 25, 29, NULL, NULL),
('route-12', 129, 'fishing_old', 85.00, 10, 10, NULL, NULL),
('route-12', 129, 'fishing_good', 35.00, 20, 20, NULL, NULL),
('route-12', 129, 'fishing_super', 20.00, 40, 40, NULL, NULL),
('route-12', 195, 'surfing', 30.00, 25, 29, NULL, NULL),
('route-12', 211, 'fishing_super', 10.00, 40, 40, NULL, NULL),
('route-11', 17, 'walking', 10.00, 16, 16, 'Day', NULL),
('route-11', 17, 'walking', 10.00, 16, 16, 'Morning', NULL),
('route-11', 19, 'walking', 5.00, 16, 16, 'Day', NULL),
('route-11', 19, 'walking', 5.00, 16, 16, 'Morning', NULL),
('route-11', 20, 'walking', 30.00, 15, 15, 'Day', NULL),
('route-11', 20, 'walking', 30.00, 15, 15, 'Morning', NULL),
('route-11', 20, 'walking', 5.00, 16, 16, 'Night', NULL),
('route-11', 52, 'walking', 30.00, 15, 15, 'Night', NULL),
('route-11', 81, 'walking', 20.00, 15, 15, 'Day', NULL),
('route-11', 81, 'walking', 20.00, 15, 15, 'Morning', NULL),
('route-11', 81, 'walking', 20.00, 15, 15, 'Night', NULL),
('route-11', 96, 'walking', 30.00, 14, 14, 'Night', NULL),
('route-11', 97, 'walking', 5.00, 16, 16, 'Night', NULL),
('route-11', 164, 'walking', 10.00, 16, 16, 'Night', NULL),
('route-11', 187, 'walking', 35.00, 14, 16, 'Day', NULL),
('route-11', 187, 'walking', 35.00, 14, 16, 'Morning', NULL),
('digletts-cave', 50, 'walking', 90.00, 2, 16, 'Day', NULL),
('digletts-cave', 50, 'walking', 90.00, 3, 24, 'Morning', NULL),
('digletts-cave', 50, 'walking', 90.00, 4, 32, 'Night', NULL),
('digletts-cave', 51, 'walking', 10.00, 16, 16, 'Day', NULL),
('digletts-cave', 51, 'walking', 10.00, 24, 24, 'Morning', NULL),
('digletts-cave', 51, 'walking', 10.00, 32, 32, 'Night', NULL),
('route-2', 10, 'walking', 30.00, 3, 3, 'Day', NULL),
('route-2', 10, 'walking', 30.00, 3, 3, 'Morning', NULL),
('route-2', 12, 'walking', 10.00, 7, 7, 'Day', NULL),
('route-2', 12, 'walking', 10.00, 7, 7, 'Morning', NULL),
('route-2', 16, 'walking', 50.00, 3, 5, 'Day', NULL),
('route-2', 16, 'walking', 20.00, 5, 5, 'Morning', NULL),
('route-2', 17, 'walking', 5.00, 7, 7, 'Day', NULL),
('route-2', 25, 'walking', 5.00, 4, 4, 'Day', NULL),
('route-2', 25, 'walking', 5.00, 4, 4, 'Morning', NULL),
('route-2', 163, 'walking', 50.00, 3, 5, 'Night', NULL),
('route-2', 164, 'walking', 15.00, 4, 7, 'Night', NULL),
('route-2', 165, 'walking', 30.00, 3, 3, 'Morning', NULL),
('route-2', 166, 'walking', 5.00, 7, 7, 'Morning', NULL),
('route-2', 167, 'walking', 30.00, 3, 3, 'Night', NULL),
('route-2', 168, 'walking', 5.00, 7, 7, 'Night', NULL),
('route-1', 16, 'walking', 45.00, 2, 4, 'Day', NULL),
('route-1', 16, 'walking', 45.00, 2, 4, 'Morning', NULL),
('route-1', 19, 'walking', 30.00, 2, 2, 'Day', NULL),
('route-1', 19, 'walking', 30.00, 2, 2, 'Morning', NULL),
('route-1', 19, 'walking', 50.00, 2, 3, 'Night', NULL),
('route-1', 20, 'walking', 5.00, 6, 6, 'Night', NULL),
('route-1', 161, 'walking', 20.00, 3, 3, 'Day', NULL),
('route-1', 161, 'walking', 20.00, 3, 3, 'Morning', NULL),
('route-1', 162, 'walking', 5.00, 6, 6, 'Day', NULL),
('route-1', 162, 'walking', 5.00, 6, 6, 'Morning', NULL),
('route-1', 163, 'walking', 45.00, 2, 4, 'Night', NULL),
('pallet-town', 72, 'fishing_old', 15.00, 10, 10, NULL, NULL),
('pallet-town', 72, 'fishing_good', 35.00, 20, 20, NULL, NULL),
('pallet-town', 72, 'surfing', 90.00, 30, 39, NULL, NULL),
('pallet-town', 73, 'fishing_super', 20.00, 40, 40, NULL, NULL),
('pallet-town', 73, 'surfing', 10.00, 35, 39, NULL, NULL),
('pallet-town', 90, 'fishing_good', 10.00, 20, 20, NULL, NULL),
('pallet-town', 90, 'fishing_super', 30.00, 40, 40, NULL, NULL),
('pallet-town', 129, 'fishing_old', 85.00, 10, 10, NULL, NULL),
('pallet-town', 129, 'fishing_good', 35.00, 20, 20, NULL, NULL),
('pallet-town', 170, 'fishing_good', 20.00, 20, 20, NULL, NULL),
('pallet-town', 170, 'fishing_super', 40.00, 40, 40, NULL, NULL),
('pallet-town', 171, 'fishing_super', 10.00, 40, 40, NULL, NULL),
('route-21', 19, 'walking', 30.00, 25, 25, 'Day', NULL),
('route-21', 19, 'walking', 30.00, 25, 25, 'Morning', NULL),
('route-21', 19, 'walking', 30.00, 25, 25, 'Night', NULL),
('route-21', 20, 'walking', 10.00, 20, 20, 'Day', NULL),
('route-21', 20, 'walking', 10.00, 20, 20, 'Morning', NULL),
('route-21', 20, 'walking', 10.00, 20, 20, 'Night', NULL),
('route-21', 72, 'fishing_old', 15.00, 10, 10, NULL, NULL),
('route-21', 72, 'fishing_good', 35.00, 20, 20, NULL, NULL),
('route-21', 72, 'surfing', 90.00, 30, 39, NULL, NULL),
('route-21', 73, 'fishing_super', 20.00, 40, 40, NULL, NULL),
('route-21', 73, 'surfing', 10.00, 35, 39, NULL, NULL),
('route-21', 90, 'fishing_good', 10.00, 20, 20, NULL, NULL),
('route-21', 90, 'fishing_super', 30.00, 40, 40, NULL, NULL),
('route-21', 114, 'walking', 50.00, 30, 35, 'Day', NULL),
('route-21', 114, 'walking', 50.00, 30, 35, 'Morning', NULL),
('route-21', 114, 'walking', 60.00, 28, 35, 'Night', NULL),
('route-21', 122, 'walking', 10.00, 28, 30, 'Day', NULL),
('route-21', 122, 'walking', 10.00, 28, 30, 'Morning', NULL),
('route-21', 129, 'fishing_old', 85.00, 10, 10, NULL, NULL),
('route-21', 129, 'fishing_good', 35.00, 20, 20, NULL, NULL),
('route-21', 170, 'fishing_good', 20.00, 20, 20, NULL, NULL),
('route-21', 170, 'fishing_super', 40.00, 40, 40, NULL, NULL),
('route-21', 171, 'fishing_super', 10.00, 40, 40, NULL, NULL),
('route-20', 72, 'fishing_old', 15.00, 10, 10, NULL, NULL),
('route-20', 72, 'fishing_good', 35.00, 20, 20, NULL, NULL),
('route-20', 72, 'surfing', 90.00, 30, 39, NULL, NULL),
('route-20', 73, 'fishing_super', 20.00, 40, 40, NULL, NULL),
('route-20', 73, 'surfing', 10.00, 35, 39, NULL, NULL),
('route-20', 90, 'fishing_good', 10.00, 20, 20, NULL, NULL),
('route-20', 90, 'fishing_super', 30.00, 40, 40, NULL, NULL),
('route-20', 129, 'fishing_old', 85.00, 10, 10, NULL, NULL),
('route-20', 129, 'fishing_good', 35.00, 20, 20, NULL, NULL),
('route-20', 170, 'fishing_good', 20.00, 20, 20, NULL, NULL),
('route-20', 170, 'fishing_super', 40.00, 40, 40, NULL, NULL),
('route-20', 171, 'fishing_super', 10.00, 40, 40, NULL, NULL),
('route-19', 72, 'surfing', 90.00, 30, 39, NULL, NULL),
('route-19', 73, 'surfing', 10.00, 35, 39, NULL, NULL),
('route-19', 98, 'fishing_old', 15.00, 10, 10, NULL, NULL),
('route-19', 98, 'fishing_good', 55.00, 20, 20, 'Day', NULL),
('route-19', 98, 'fishing_good', 55.00, 20, 20, 'Morning', NULL),
('route-19', 98, 'fishing_good', 55.00, 20, 20, 'Night', NULL),
('route-19', 98, 'fishing_super', 60.00, 40, 40, 'Day', NULL),
('route-19', 98, 'fishing_super', 60.00, 40, 40, 'Morning', NULL),
('route-19', 98, 'fishing_super', 60.00, 40, 40, 'Night', NULL),
('route-19', 99, 'fishing_super', 10.00, 40, 40, 'Day', NULL),
('route-19', 99, 'fishing_super', 10.00, 40, 40, 'Morning', NULL),
('route-19', 99, 'fishing_super', 10.00, 40, 40, 'Night', NULL),
('route-19', 120, 'fishing_good', 10.00, 20, 20, 'Night', NULL),
('route-19', 120, 'fishing_super', 30.00, 40, 40, 'Night', NULL),
('route-19', 129, 'fishing_old', 85.00, 10, 10, NULL, NULL),
('route-19', 129, 'fishing_good', 35.00, 20, 20, 'Day', NULL),
('route-19', 129, 'fishing_good', 35.00, 20, 20, 'Morning', NULL),
('route-19', 129, 'fishing_good', 35.00, 20, 20, 'Night', NULL),
('route-19', 222, 'fishing_good', 10.00, 20, 20, 'Day', NULL),
('route-19', 222, 'fishing_good', 10.00, 20, 20, 'Morning', NULL),
('route-19', 222, 'fishing_super', 30.00, 40, 40, 'Day', NULL),
('route-19', 222, 'fishing_super', 30.00, 40, 40, 'Morning', NULL),
('route-22', 19, 'walking', 30.00, 3, 3, 'Day', NULL),
('route-22', 19, 'walking', 30.00, 3, 3, 'Morning', NULL),
('route-22', 19, 'walking', 60.00, 3, 7, 'Night', NULL),
('route-22', 21, 'walking', 50.00, 3, 5, 'Day', NULL),
('route-22', 21, 'walking', 50.00, 3, 5, 'Morning', NULL),
('route-22', 22, 'walking', 5.00, 7, 7, 'Day', NULL),
('route-22', 22, 'walking', 5.00, 7, 7, 'Morning', NULL),
('route-22', 60, 'walking', 40.00, 3, 4, 'Night', NULL),
('route-22', 60, 'fishing_old', 15.00, 10, 10, NULL, NULL),
('route-22', 60, 'fishing_good', 65.00, 20, 20, NULL, NULL),
('route-22', 60, 'fishing_super', 80.00, 40, 40, NULL, NULL),
('route-22', 60, 'surfing', 90.00, 4, 14, NULL, NULL),
('route-22', 61, 'surfing', 10.00, 10, 14, NULL, NULL),
('route-22', 77, 'walking', 5.00, 6, 6, 'Day', NULL),
('route-22', 77, 'walking', 5.00, 6, 6, 'Morning', NULL),
('route-22', 84, 'walking', 10.00, 4, 4, 'Day', NULL),
('route-22', 84, 'walking', 10.00, 4, 4, 'Morning', NULL),
('route-22', 129, 'fishing_old', 85.00, 10, 10, NULL, NULL),
('route-22', 129, 'fishing_good', 35.00, 20, 20, NULL, NULL),
('route-22', 129, 'fishing_super', 20.00, 40, 40, NULL, NULL),
('route-28', 24, 'walking', 10.00, 42, 42, 'Day', NULL),
('route-28', 24, 'walking', 10.00, 42, 42, 'Morning', NULL),
('route-28', 42, 'walking', 30.00, 40, 42, 'Night', NULL),
('route-28', 60, 'fishing_old', 15.00, 10, 10, NULL, NULL),
('route-28', 60, 'fishing_good', 65.00, 20, 20, NULL, NULL),
('route-28', 60, 'fishing_super', 80.00, 40, 40, NULL, NULL),
('route-28', 60, 'surfing', 90.00, 35, 44, NULL, NULL),
('route-28', 61, 'walking', 40.00, 40, 40, 'Night', NULL),
('route-28', 61, 'surfing', 10.00, 40, 44, NULL, NULL),
('route-28', 77, 'walking', 30.00, 40, 40, 'Day', NULL),
('route-28', 77, 'walking', 30.00, 40, 40, 'Morning', NULL),
('route-28', 78, 'walking', 20.00, 40, 40, 'Day', NULL),
('route-28', 78, 'walking', 20.00, 40, 40, 'Morning', NULL),
('route-28', 84, 'walking', 5.00, 41, 41, 'Day', NULL),
('route-28', 84, 'walking', 5.00, 41, 41, 'Morning', NULL),
('route-28', 85, 'walking', 5.00, 43, 43, 'Day', NULL),
('route-28', 85, 'walking', 5.00, 43, 43, 'Morning', NULL),
('route-28', 114, 'walking', 30.00, 39, 39, 'Day', NULL),
('route-28', 114, 'walking', 30.00, 39, 39, 'Morning', NULL),
('route-28', 114, 'walking', 30.00, 39, 39, 'Night', NULL),
('route-28', 129, 'fishing_old', 85.00, 10, 10, NULL, NULL),
('route-28', 129, 'fishing_good', 35.00, 20, 20, NULL, NULL),
('route-28', 129, 'fishing_super', 20.00, 40, 40, NULL, NULL),
('mt-silver', 24, 'walking', 20.00, 42, 42, 'Day', NULL),
('mt-silver', 24, 'walking', 20.00, 42, 42, 'Morning', NULL),
('mt-silver', 42, 'walking', 60.00, 40, 46, 'Night', NULL),
('mt-silver', 60, 'fishing_old', 15.00, 10, 10, NULL, NULL),
('mt-silver', 60, 'fishing_good', 65.00, 20, 20, NULL, NULL),
('mt-silver', 60, 'fishing_super', 80.00, 40, 40, NULL, NULL),
('mt-silver', 60, 'surfing', 10.00, 35, 39, NULL, NULL),
('mt-silver', 61, 'walking', 40.00, 42, 44, 'Night', NULL),
('mt-silver', 61, 'surfing', 90.00, 35, 44, NULL, NULL),
('mt-silver', 77, 'walking', 30.00, 42, 42, 'Day', NULL),
('mt-silver', 77, 'walking', 30.00, 42, 42, 'Morning', NULL),
('mt-silver', 78, 'walking', 10.00, 44, 44, 'Day', NULL),
('mt-silver', 78, 'walking', 10.00, 44, 44, 'Morning', NULL),
('mt-silver', 84, 'walking', 5.00, 41, 41, 'Day', NULL),
('mt-silver', 84, 'walking', 5.00, 41, 41, 'Morning', NULL),
('mt-silver', 85, 'walking', 5.00, 43, 43, 'Day', NULL),
('mt-silver', 85, 'walking', 5.00, 43, 43, 'Morning', NULL),
('mt-silver', 114, 'walking', 30.00, 41, 41, 'Day', NULL),
('mt-silver', 114, 'walking', 30.00, 41, 41, 'Morning', NULL),
('mt-silver', 114, 'walking', 30.00, 41, 41, 'Night', NULL),
('mt-silver', 129, 'fishing_old', 170.00, 10, 10, NULL, NULL),
('mt-silver', 129, 'fishing_good', 70.00, 20, 20, NULL, NULL),
('mt-silver', 129, 'fishing_super', 40.00, 40, 40, NULL, NULL),
('mt-silver', 42, 'walking', 35.00, 45, 48, 'Day', NULL),
('mt-silver', 42, 'walking', 35.00, 45, 48, 'Morning', NULL),
('mt-silver', 75, 'walking', 30.00, 43, 43, 'Day', NULL),
('mt-silver', 75, 'walking', 30.00, 43, 43, 'Morning', NULL),
('mt-silver', 75, 'walking', 30.00, 43, 43, 'Night', NULL),
('mt-silver', 95, 'walking', 20.00, 42, 42, 'Day', NULL),
('mt-silver', 95, 'walking', 20.00, 42, 42, 'Morning', NULL),
('mt-silver', 95, 'walking', 20.00, 42, 42, 'Night', NULL),
('mt-silver', 126, 'walking', 10.00, 45, 45, 'Day', NULL),
('mt-silver', 126, 'walking', 10.00, 45, 45, 'Morning', NULL),
('mt-silver', 126, 'walking', 10.00, 45, 45, 'Night', NULL),
('mt-silver', 217, 'walking', 50.00, 44, 47, 'Day', NULL),
('mt-silver', 217, 'walking', 50.00, 44, 47, 'Morning', NULL),
('mt-silver', 217, 'walking', 30.00, 44, 44, 'Night', NULL),
('mt-silver', 246, 'walking', 10.00, 15, 20, 'Day', NULL),
('mt-silver', 246, 'walking', 10.00, 15, 20, 'Morning', NULL),
('mt-silver', 47, 'walking', 15.00, 46, 48, 'Day', NULL),
('mt-silver', 47, 'walking', 15.00, 46, 48, 'Morning', NULL),
('mt-silver', 47, 'walking', 15.00, 46, 48, 'Night', NULL),
('mt-silver', 55, 'walking', 30.00, 48, 48, 'Night', NULL),
('mt-silver', 55, 'surfing', 30.00, 40, 44, NULL, NULL),
('mt-silver', 67, 'walking', 30.00, 48, 48, 'Day', NULL),
('mt-silver', 67, 'walking', 30.00, 48, 48, 'Morning', NULL),
('mt-silver', 118, 'fishing_old', 15.00, 10, 10, NULL, NULL),
('mt-silver', 118, 'fishing_good', 65.00, 20, 20, NULL, NULL),
('mt-silver', 118, 'fishing_super', 70.00, 40, 40, NULL, NULL),
('mt-silver', 118, 'surfing', 10.00, 35, 39, NULL, NULL),
('mt-silver', 119, 'fishing_super', 10.00, 40, 40, NULL, NULL),
('mt-silver', 119, 'surfing', 60.00, 35, 39, NULL, NULL),
('mt-silver', 195, 'walking', 30.00, 45, 45, 'Night', NULL),
('mt-silver', 200, 'walking', 5.00, 45, 45, 'Night', NULL);

INSERT INTO public.encounters (route_id, pokemon_national_dex_id, method, encounter_rate, level_min, level_max, conditions, version_exclusive)
SELECT r.id, e.dex, e.method, e.rate, e.lmin, e.lmax, NULLIF(e.cond, ''), NULLIF(e.ver_excl, '')
FROM _enc e JOIN public.routes r ON r.slug = e.slug AND r.game_id = 'e1f2a3b4-c5d6-7890-ef12-345678901234';

DROP TABLE _enc;

-- ===========================================
-- STEP 5: BOSS TRAINERS
-- ===========================================

-- Falkner (Gym Leader)
DO $$
DECLARE
  v_trainer_id UUID;
  v_route_id UUID;
BEGIN
  SELECT id INTO v_route_id FROM public.routes WHERE slug = 'violet-city' AND game_id = 'e1f2a3b4-c5d6-7890-ef12-345678901234';
  INSERT INTO public.trainers (route_id, name, trainer_class, is_boss, boss_type, level_cap, display_order, notes)
  VALUES (v_route_id, 'Falkner', 'Gym Leader', true, 'gym_leader', 9, 1, 'Flying-type specialist. Zephyr Badge.')
  RETURNING id INTO v_trainer_id;

  INSERT INTO public.trainer_pokemon (trainer_id, pokemon_national_dex_id, level, slot_order, moves, ability, held_item, nature)
  VALUES (v_trainer_id, 16, 7, 1, '["Tackle", "Mud-Slap"]'::jsonb, 'Keen Eye', NULL, NULL);
  INSERT INTO public.trainer_pokemon (trainer_id, pokemon_national_dex_id, level, slot_order, moves, ability, held_item, nature)
  VALUES (v_trainer_id, 17, 9, 2, '["Tackle", "Gust", "Mud-Slap"]'::jsonb, 'Keen Eye', NULL, NULL);
END $$;

-- Bugsy (Gym Leader)
DO $$
DECLARE
  v_trainer_id UUID;
  v_route_id UUID;
BEGIN
  SELECT id INTO v_route_id FROM public.routes WHERE slug = 'azalea-town' AND game_id = 'e1f2a3b4-c5d6-7890-ef12-345678901234';
  INSERT INTO public.trainers (route_id, name, trainer_class, is_boss, boss_type, level_cap, display_order, notes)
  VALUES (v_route_id, 'Bugsy', 'Gym Leader', true, 'gym_leader', 16, 1, 'Bug-type specialist. Hive Badge.')
  RETURNING id INTO v_trainer_id;

  INSERT INTO public.trainer_pokemon (trainer_id, pokemon_national_dex_id, level, slot_order, moves, ability, held_item, nature)
  VALUES (v_trainer_id, 11, 14, 1, '["Tackle", "String Shot", "Harden"]'::jsonb, 'Shed Skin', NULL, NULL);
  INSERT INTO public.trainer_pokemon (trainer_id, pokemon_national_dex_id, level, slot_order, moves, ability, held_item, nature)
  VALUES (v_trainer_id, 14, 14, 2, '["Poison Sting", "String Shot", "Harden"]'::jsonb, 'Shed Skin', NULL, NULL);
  INSERT INTO public.trainer_pokemon (trainer_id, pokemon_national_dex_id, level, slot_order, moves, ability, held_item, nature)
  VALUES (v_trainer_id, 123, 16, 3, '["Fury Cutter", "Quick Attack", "Leer"]'::jsonb, 'Swarm', NULL, NULL);
END $$;

-- Whitney (Gym Leader)
DO $$
DECLARE
  v_trainer_id UUID;
  v_route_id UUID;
BEGIN
  SELECT id INTO v_route_id FROM public.routes WHERE slug = 'goldenrod-city' AND game_id = 'e1f2a3b4-c5d6-7890-ef12-345678901234';
  INSERT INTO public.trainers (route_id, name, trainer_class, is_boss, boss_type, level_cap, display_order, notes)
  VALUES (v_route_id, 'Whitney', 'Gym Leader', true, 'gym_leader', 20, 1, 'Normal-type specialist. Plain Badge. Miltank is infamous.')
  RETURNING id INTO v_trainer_id;

  INSERT INTO public.trainer_pokemon (trainer_id, pokemon_national_dex_id, level, slot_order, moves, ability, held_item, nature)
  VALUES (v_trainer_id, 35, 18, 1, '["Encore", "Mimic", "DoubleSlap", "Metronome"]'::jsonb, 'Cute Charm', NULL, NULL);
  INSERT INTO public.trainer_pokemon (trainer_id, pokemon_national_dex_id, level, slot_order, moves, ability, held_item, nature)
  VALUES (v_trainer_id, 241, 20, 2, '["Stomp", "Attract", "Milk Drink", "Rollout"]'::jsonb, 'Thick Fat', NULL, NULL);
END $$;

-- Morty (Gym Leader)
DO $$
DECLARE
  v_trainer_id UUID;
  v_route_id UUID;
BEGIN
  SELECT id INTO v_route_id FROM public.routes WHERE slug = 'ecruteak-city' AND game_id = 'e1f2a3b4-c5d6-7890-ef12-345678901234';
  INSERT INTO public.trainers (route_id, name, trainer_class, is_boss, boss_type, level_cap, display_order, notes)
  VALUES (v_route_id, 'Morty', 'Gym Leader', true, 'gym_leader', 25, 1, 'Ghost-type specialist. Fog Badge.')
  RETURNING id INTO v_trainer_id;

  INSERT INTO public.trainer_pokemon (trainer_id, pokemon_national_dex_id, level, slot_order, moves, ability, held_item, nature)
  VALUES (v_trainer_id, 92, 21, 1, '["Lick", "Spite", "Mean Look", "Curse"]'::jsonb, 'Levitate', NULL, NULL);
  INSERT INTO public.trainer_pokemon (trainer_id, pokemon_national_dex_id, level, slot_order, moves, ability, held_item, nature)
  VALUES (v_trainer_id, 93, 21, 2, '["Hypnosis", "Curse", "Mimic", "Night Shade"]'::jsonb, 'Levitate', NULL, NULL);
  INSERT INTO public.trainer_pokemon (trainer_id, pokemon_national_dex_id, level, slot_order, moves, ability, held_item, nature)
  VALUES (v_trainer_id, 93, 23, 3, '["Spite", "Mean Look", "Mimic", "Night Shade"]'::jsonb, 'Levitate', NULL, NULL);
  INSERT INTO public.trainer_pokemon (trainer_id, pokemon_national_dex_id, level, slot_order, moves, ability, held_item, nature)
  VALUES (v_trainer_id, 94, 25, 4, '["Shadow Ball", "Mean Look", "Hypnosis", "Dream Eater"]'::jsonb, 'Levitate', NULL, NULL);
END $$;

-- Chuck (Gym Leader)
DO $$
DECLARE
  v_trainer_id UUID;
  v_route_id UUID;
BEGIN
  SELECT id INTO v_route_id FROM public.routes WHERE slug = 'cianwood-city' AND game_id = 'e1f2a3b4-c5d6-7890-ef12-345678901234';
  INSERT INTO public.trainers (route_id, name, trainer_class, is_boss, boss_type, level_cap, display_order, notes)
  VALUES (v_route_id, 'Chuck', 'Gym Leader', true, 'gym_leader', 30, 1, 'Fighting-type specialist. Storm Badge.')
  RETURNING id INTO v_trainer_id;

  INSERT INTO public.trainer_pokemon (trainer_id, pokemon_national_dex_id, level, slot_order, moves, ability, held_item, nature)
  VALUES (v_trainer_id, 57, 27, 1, '["Leer", "Rage", "Karate Chop", "Fury Swipes"]'::jsonb, 'Vital Spirit', NULL, NULL);
  INSERT INTO public.trainer_pokemon (trainer_id, pokemon_national_dex_id, level, slot_order, moves, ability, held_item, nature)
  VALUES (v_trainer_id, 62, 30, 2, '["Hypnosis", "Mind Reader", "Surf", "DynamicPunch"]'::jsonb, 'Water Absorb', NULL, NULL);
END $$;

-- Jasmine (Gym Leader)
DO $$
DECLARE
  v_trainer_id UUID;
  v_route_id UUID;
BEGIN
  SELECT id INTO v_route_id FROM public.routes WHERE slug = 'olivine-city' AND game_id = 'e1f2a3b4-c5d6-7890-ef12-345678901234';
  INSERT INTO public.trainers (route_id, name, trainer_class, is_boss, boss_type, level_cap, display_order, notes)
  VALUES (v_route_id, 'Jasmine', 'Gym Leader', true, 'gym_leader', 35, 1, 'Steel-type specialist. Mineral Badge.')
  RETURNING id INTO v_trainer_id;

  INSERT INTO public.trainer_pokemon (trainer_id, pokemon_national_dex_id, level, slot_order, moves, ability, held_item, nature)
  VALUES (v_trainer_id, 81, 30, 1, '["Thunderbolt", "Supersonic", "SonicBoom", "Thunder Wave"]'::jsonb, 'Magnet Pull', NULL, NULL);
  INSERT INTO public.trainer_pokemon (trainer_id, pokemon_national_dex_id, level, slot_order, moves, ability, held_item, nature)
  VALUES (v_trainer_id, 81, 30, 2, '["Thunderbolt", "Supersonic", "SonicBoom", "Thunder Wave"]'::jsonb, 'Sturdy', NULL, NULL);
  INSERT INTO public.trainer_pokemon (trainer_id, pokemon_national_dex_id, level, slot_order, moves, ability, held_item, nature)
  VALUES (v_trainer_id, 208, 35, 3, '["Iron Tail", "Rock Throw", "Sunny Day", "Screech"]'::jsonb, 'Rock Head', NULL, NULL);
END $$;

-- Pryce (Gym Leader)
DO $$
DECLARE
  v_trainer_id UUID;
  v_route_id UUID;
BEGIN
  SELECT id INTO v_route_id FROM public.routes WHERE slug = 'mahogany-town' AND game_id = 'e1f2a3b4-c5d6-7890-ef12-345678901234';
  INSERT INTO public.trainers (route_id, name, trainer_class, is_boss, boss_type, level_cap, display_order, notes)
  VALUES (v_route_id, 'Pryce', 'Gym Leader', true, 'gym_leader', 31, 1, 'Ice-type specialist. Glacier Badge.')
  RETURNING id INTO v_trainer_id;

  INSERT INTO public.trainer_pokemon (trainer_id, pokemon_national_dex_id, level, slot_order, moves, ability, held_item, nature)
  VALUES (v_trainer_id, 86, 27, 1, '["Headbutt", "Icy Wind", "Aurora Beam", "Rest"]'::jsonb, 'Thick Fat', NULL, NULL);
  INSERT INTO public.trainer_pokemon (trainer_id, pokemon_national_dex_id, level, slot_order, moves, ability, held_item, nature)
  VALUES (v_trainer_id, 87, 29, 2, '["Headbutt", "Icy Wind", "Aurora Beam", "Rest"]'::jsonb, 'Thick Fat', NULL, NULL);
  INSERT INTO public.trainer_pokemon (trainer_id, pokemon_national_dex_id, level, slot_order, moves, ability, held_item, nature)
  VALUES (v_trainer_id, 221, 31, 3, '["Icy Wind", "Fury Attack", "Mist", "Blizzard"]'::jsonb, 'Oblivious', NULL, NULL);
END $$;

-- Clair (Gym Leader)
DO $$
DECLARE
  v_trainer_id UUID;
  v_route_id UUID;
BEGIN
  SELECT id INTO v_route_id FROM public.routes WHERE slug = 'blackthorn-city' AND game_id = 'e1f2a3b4-c5d6-7890-ef12-345678901234';
  INSERT INTO public.trainers (route_id, name, trainer_class, is_boss, boss_type, level_cap, display_order, notes)
  VALUES (v_route_id, 'Clair', 'Gym Leader', true, 'gym_leader', 40, 1, 'Dragon-type specialist. Rising Badge.')
  RETURNING id INTO v_trainer_id;

  INSERT INTO public.trainer_pokemon (trainer_id, pokemon_national_dex_id, level, slot_order, moves, ability, held_item, nature)
  VALUES (v_trainer_id, 148, 37, 1, '["Surf", "Slam", "Thunder Wave", "DragonBreath"]'::jsonb, 'Shed Skin', NULL, NULL);
  INSERT INTO public.trainer_pokemon (trainer_id, pokemon_national_dex_id, level, slot_order, moves, ability, held_item, nature)
  VALUES (v_trainer_id, 148, 37, 2, '["Thunderbolt", "Slam", "Thunder Wave", "DragonBreath"]'::jsonb, 'Shed Skin', NULL, NULL);
  INSERT INTO public.trainer_pokemon (trainer_id, pokemon_national_dex_id, level, slot_order, moves, ability, held_item, nature)
  VALUES (v_trainer_id, 148, 37, 3, '["Ice Beam", "Slam", "Thunder Wave", "DragonBreath"]'::jsonb, 'Shed Skin', NULL, NULL);
  INSERT INTO public.trainer_pokemon (trainer_id, pokemon_national_dex_id, level, slot_order, moves, ability, held_item, nature)
  VALUES (v_trainer_id, 230, 40, 4, '["Surf", "DragonBreath", "SmokeScreen", "Hyper Beam"]'::jsonb, 'Swift Swim', NULL, NULL);
END $$;

-- Will (Elite Four)
DO $$
DECLARE
  v_trainer_id UUID;
  v_route_id UUID;
BEGIN
  SELECT id INTO v_route_id FROM public.routes WHERE slug = 'indigo-plateau' AND game_id = 'e1f2a3b4-c5d6-7890-ef12-345678901234';
  INSERT INTO public.trainers (route_id, name, trainer_class, is_boss, boss_type, level_cap, display_order, notes)
  VALUES (v_route_id, 'Will', 'Elite Four', true, 'elite_four', 42, 1, 'Psychic-type specialist.')
  RETURNING id INTO v_trainer_id;

  INSERT INTO public.trainer_pokemon (trainer_id, pokemon_national_dex_id, level, slot_order, moves, ability, held_item, nature)
  VALUES (v_trainer_id, 178, 40, 1, '["Quick Attack", "Future Sight", "Psychic", "Confuse Ray"]'::jsonb, 'Synchronize', NULL, NULL);
  INSERT INTO public.trainer_pokemon (trainer_id, pokemon_national_dex_id, level, slot_order, moves, ability, held_item, nature)
  VALUES (v_trainer_id, 103, 41, 2, '["Reflect", "Egg Bomb", "Psychic", "Leech Seed"]'::jsonb, 'Chlorophyll', NULL, NULL);
  INSERT INTO public.trainer_pokemon (trainer_id, pokemon_national_dex_id, level, slot_order, moves, ability, held_item, nature)
  VALUES (v_trainer_id, 80, 41, 3, '["Curse", "Amnesia", "Body Slam", "Psychic"]'::jsonb, 'Own Tempo', NULL, NULL);
  INSERT INTO public.trainer_pokemon (trainer_id, pokemon_national_dex_id, level, slot_order, moves, ability, held_item, nature)
  VALUES (v_trainer_id, 124, 41, 4, '["Ice Punch", "DoubleSlap", "Psychic", "Lovely Kiss"]'::jsonb, 'Oblivious', NULL, NULL);
  INSERT INTO public.trainer_pokemon (trainer_id, pokemon_national_dex_id, level, slot_order, moves, ability, held_item, nature)
  VALUES (v_trainer_id, 178, 42, 5, '["Quick Attack", "Future Sight", "Psychic", "Confuse Ray"]'::jsonb, 'Synchronize', NULL, NULL);
END $$;

-- Koga (Elite Four)
DO $$
DECLARE
  v_trainer_id UUID;
  v_route_id UUID;
BEGIN
  SELECT id INTO v_route_id FROM public.routes WHERE slug = 'indigo-plateau' AND game_id = 'e1f2a3b4-c5d6-7890-ef12-345678901234';
  INSERT INTO public.trainers (route_id, name, trainer_class, is_boss, boss_type, level_cap, display_order, notes)
  VALUES (v_route_id, 'Koga', 'Elite Four', true, 'elite_four', 44, 2, 'Poison-type specialist.')
  RETURNING id INTO v_trainer_id;

  INSERT INTO public.trainer_pokemon (trainer_id, pokemon_national_dex_id, level, slot_order, moves, ability, held_item, nature)
  VALUES (v_trainer_id, 168, 40, 1, '["Spider Web", "Double Team", "Baton Pass", "Giga Drain"]'::jsonb, 'Swarm', NULL, NULL);
  INSERT INTO public.trainer_pokemon (trainer_id, pokemon_national_dex_id, level, slot_order, moves, ability, held_item, nature)
  VALUES (v_trainer_id, 49, 41, 2, '["Psychic", "Gust", "Supersonic", "Toxic"]'::jsonb, 'Shield Dust', NULL, NULL);
  INSERT INTO public.trainer_pokemon (trainer_id, pokemon_national_dex_id, level, slot_order, moves, ability, held_item, nature)
  VALUES (v_trainer_id, 205, 43, 3, '["Protect", "Spikes", "Swift", "Explosion"]'::jsonb, 'Sturdy', NULL, NULL);
  INSERT INTO public.trainer_pokemon (trainer_id, pokemon_national_dex_id, level, slot_order, moves, ability, held_item, nature)
  VALUES (v_trainer_id, 89, 42, 4, '["Sludge Bomb", "Acid Armor", "Minimize", "Toxic"]'::jsonb, 'Stench', NULL, NULL);
  INSERT INTO public.trainer_pokemon (trainer_id, pokemon_national_dex_id, level, slot_order, moves, ability, held_item, nature)
  VALUES (v_trainer_id, 169, 44, 5, '["Double Team", "Wing Attack", "Quick Attack", "Toxic"]'::jsonb, 'Inner Focus', NULL, NULL);
END $$;

-- Bruno (Elite Four)
DO $$
DECLARE
  v_trainer_id UUID;
  v_route_id UUID;
BEGIN
  SELECT id INTO v_route_id FROM public.routes WHERE slug = 'indigo-plateau' AND game_id = 'e1f2a3b4-c5d6-7890-ef12-345678901234';
  INSERT INTO public.trainers (route_id, name, trainer_class, is_boss, boss_type, level_cap, display_order, notes)
  VALUES (v_route_id, 'Bruno', 'Elite Four', true, 'elite_four', 46, 3, 'Fighting-type specialist.')
  RETURNING id INTO v_trainer_id;

  INSERT INTO public.trainer_pokemon (trainer_id, pokemon_national_dex_id, level, slot_order, moves, ability, held_item, nature)
  VALUES (v_trainer_id, 237, 42, 1, '["Quick Attack", "Dig", "Detect", "Pursuit"]'::jsonb, 'Intimidate', NULL, NULL);
  INSERT INTO public.trainer_pokemon (trainer_id, pokemon_national_dex_id, level, slot_order, moves, ability, held_item, nature)
  VALUES (v_trainer_id, 106, 42, 2, '["Double Kick", "Foresight", "Hi Jump Kick", "Swagger"]'::jsonb, 'Limber', NULL, NULL);
  INSERT INTO public.trainer_pokemon (trainer_id, pokemon_national_dex_id, level, slot_order, moves, ability, held_item, nature)
  VALUES (v_trainer_id, 107, 42, 3, '["Ice Punch", "Fire Punch", "ThunderPunch", "Mach Punch"]'::jsonb, 'Keen Eye', NULL, NULL);
  INSERT INTO public.trainer_pokemon (trainer_id, pokemon_national_dex_id, level, slot_order, moves, ability, held_item, nature)
  VALUES (v_trainer_id, 95, 43, 4, '["Rock Slide", "Sandstorm", "Earthquake", "Bind"]'::jsonb, 'Rock Head', NULL, NULL);
  INSERT INTO public.trainer_pokemon (trainer_id, pokemon_national_dex_id, level, slot_order, moves, ability, held_item, nature)
  VALUES (v_trainer_id, 68, 46, 5, '["Rock Slide", "Foresight", "Cross Chop", "Vital Throw"]'::jsonb, 'Guts', NULL, NULL);
END $$;

-- Karen (Elite Four)
DO $$
DECLARE
  v_trainer_id UUID;
  v_route_id UUID;
BEGIN
  SELECT id INTO v_route_id FROM public.routes WHERE slug = 'indigo-plateau' AND game_id = 'e1f2a3b4-c5d6-7890-ef12-345678901234';
  INSERT INTO public.trainers (route_id, name, trainer_class, is_boss, boss_type, level_cap, display_order, notes)
  VALUES (v_route_id, 'Karen', 'Elite Four', true, 'elite_four', 47, 4, 'Dark-type specialist.')
  RETURNING id INTO v_trainer_id;

  INSERT INTO public.trainer_pokemon (trainer_id, pokemon_national_dex_id, level, slot_order, moves, ability, held_item, nature)
  VALUES (v_trainer_id, 197, 42, 1, '["Faint Attack", "Confuse Ray", "Mean Look", "Sand-Attack"]'::jsonb, 'Synchronize', NULL, NULL);
  INSERT INTO public.trainer_pokemon (trainer_id, pokemon_national_dex_id, level, slot_order, moves, ability, held_item, nature)
  VALUES (v_trainer_id, 45, 42, 2, '["Stun Spore", "Acid", "Petal Dance", "Moonlight"]'::jsonb, 'Chlorophyll', NULL, NULL);
  INSERT INTO public.trainer_pokemon (trainer_id, pokemon_national_dex_id, level, slot_order, moves, ability, held_item, nature)
  VALUES (v_trainer_id, 94, 45, 3, '["Lick", "Spite", "Curse", "Destiny Bond"]'::jsonb, 'Levitate', NULL, NULL);
  INSERT INTO public.trainer_pokemon (trainer_id, pokemon_national_dex_id, level, slot_order, moves, ability, held_item, nature)
  VALUES (v_trainer_id, 198, 44, 4, '["Faint Attack", "Whirlwind", "Pursuit", "Quick Attack"]'::jsonb, 'Insomnia', NULL, NULL);
  INSERT INTO public.trainer_pokemon (trainer_id, pokemon_national_dex_id, level, slot_order, moves, ability, held_item, nature)
  VALUES (v_trainer_id, 229, 47, 5, '["Crunch", "Flamethrower", "Roar", "Pursuit"]'::jsonb, 'Early Bird', NULL, NULL);
END $$;

-- Lance (Champion)
DO $$
DECLARE
  v_trainer_id UUID;
  v_route_id UUID;
BEGIN
  SELECT id INTO v_route_id FROM public.routes WHERE slug = 'indigo-plateau' AND game_id = 'e1f2a3b4-c5d6-7890-ef12-345678901234';
  INSERT INTO public.trainers (route_id, name, trainer_class, is_boss, boss_type, level_cap, display_order, notes)
  VALUES (v_route_id, 'Lance', 'Champion', true, 'champion', 50, 5, 'Dragon-type specialist. Johto Champion.')
  RETURNING id INTO v_trainer_id;

  INSERT INTO public.trainer_pokemon (trainer_id, pokemon_national_dex_id, level, slot_order, moves, ability, held_item, nature)
  VALUES (v_trainer_id, 130, 44, 1, '["Rain Dance", "Surf", "Flail", "Hyper Beam"]'::jsonb, 'Intimidate', NULL, NULL);
  INSERT INTO public.trainer_pokemon (trainer_id, pokemon_national_dex_id, level, slot_order, moves, ability, held_item, nature)
  VALUES (v_trainer_id, 149, 47, 2, '["Twister", "Thunder Wave", "Blizzard", "Hyper Beam"]'::jsonb, 'Inner Focus', NULL, NULL);
  INSERT INTO public.trainer_pokemon (trainer_id, pokemon_national_dex_id, level, slot_order, moves, ability, held_item, nature)
  VALUES (v_trainer_id, 6, 46, 3, '["Flamethrower", "Wing Attack", "Slash", "Hyper Beam"]'::jsonb, 'Blaze', NULL, NULL);
  INSERT INTO public.trainer_pokemon (trainer_id, pokemon_national_dex_id, level, slot_order, moves, ability, held_item, nature)
  VALUES (v_trainer_id, 142, 46, 4, '["Rock Slide", "AncientPower", "Wing Attack", "Hyper Beam"]'::jsonb, 'Rock Head', NULL, NULL);
  INSERT INTO public.trainer_pokemon (trainer_id, pokemon_national_dex_id, level, slot_order, moves, ability, held_item, nature)
  VALUES (v_trainer_id, 149, 47, 5, '["Twister", "Thunder Wave", "Thunder", "Hyper Beam"]'::jsonb, 'Inner Focus', NULL, NULL);
  INSERT INTO public.trainer_pokemon (trainer_id, pokemon_national_dex_id, level, slot_order, moves, ability, held_item, nature)
  VALUES (v_trainer_id, 149, 50, 6, '["Safeguard", "Outrage", "Fire Blast", "Hyper Beam"]'::jsonb, 'Inner Focus', NULL, NULL);
END $$;

-- Lt. Surge (Gym Leader)
DO $$
DECLARE
  v_trainer_id UUID;
  v_route_id UUID;
BEGIN
  SELECT id INTO v_route_id FROM public.routes WHERE slug = 'vermilion-city' AND game_id = 'e1f2a3b4-c5d6-7890-ef12-345678901234';
  INSERT INTO public.trainers (route_id, name, trainer_class, is_boss, boss_type, level_cap, display_order, notes)
  VALUES (v_route_id, 'Lt. Surge', 'Gym Leader', true, 'gym_leader', 46, 1, 'Electric-type specialist. Thunder Badge.')
  RETURNING id INTO v_trainer_id;

  INSERT INTO public.trainer_pokemon (trainer_id, pokemon_national_dex_id, level, slot_order, moves, ability, held_item, nature)
  VALUES (v_trainer_id, 26, 44, 1, '["Thunderbolt", "Thunder", "Thunder Wave", "Quick Attack"]'::jsonb, 'Static', NULL, NULL);
  INSERT INTO public.trainer_pokemon (trainer_id, pokemon_national_dex_id, level, slot_order, moves, ability, held_item, nature)
  VALUES (v_trainer_id, 101, 40, 2, '["Screech", "Double Team", "Swift", "Explosion"]'::jsonb, 'Soundproof', NULL, NULL);
  INSERT INTO public.trainer_pokemon (trainer_id, pokemon_national_dex_id, level, slot_order, moves, ability, held_item, nature)
  VALUES (v_trainer_id, 101, 40, 3, '["Screech", "Double Team", "Swift", "Explosion"]'::jsonb, 'Static', NULL, NULL);
  INSERT INTO public.trainer_pokemon (trainer_id, pokemon_national_dex_id, level, slot_order, moves, ability, held_item, nature)
  VALUES (v_trainer_id, 82, 40, 4, '["Zap Cannon", "Lock-On", "Double Team", "Swift"]'::jsonb, 'Magnet Pull', NULL, NULL);
  INSERT INTO public.trainer_pokemon (trainer_id, pokemon_national_dex_id, level, slot_order, moves, ability, held_item, nature)
  VALUES (v_trainer_id, 125, 46, 5, '["ThunderPunch", "Thunder", "Light Screen", "Quick Attack"]'::jsonb, 'Static', NULL, NULL);
END $$;

-- Sabrina (Gym Leader)
DO $$
DECLARE
  v_trainer_id UUID;
  v_route_id UUID;
BEGIN
  SELECT id INTO v_route_id FROM public.routes WHERE slug = 'saffron-city' AND game_id = 'e1f2a3b4-c5d6-7890-ef12-345678901234';
  INSERT INTO public.trainers (route_id, name, trainer_class, is_boss, boss_type, level_cap, display_order, notes)
  VALUES (v_route_id, 'Sabrina', 'Gym Leader', true, 'gym_leader', 48, 1, 'Psychic-type specialist. Marsh Badge.')
  RETURNING id INTO v_trainer_id;

  INSERT INTO public.trainer_pokemon (trainer_id, pokemon_national_dex_id, level, slot_order, moves, ability, held_item, nature)
  VALUES (v_trainer_id, 196, 46, 1, '["Sand-Attack", "Quick Attack", "Swift", "Psychic"]'::jsonb, 'Synchronize', NULL, NULL);
  INSERT INTO public.trainer_pokemon (trainer_id, pokemon_national_dex_id, level, slot_order, moves, ability, held_item, nature)
  VALUES (v_trainer_id, 122, 46, 2, '["Barrier", "Reflect", "Baton Pass", "Psychic"]'::jsonb, 'Soundproof', NULL, NULL);
  INSERT INTO public.trainer_pokemon (trainer_id, pokemon_national_dex_id, level, slot_order, moves, ability, held_item, nature)
  VALUES (v_trainer_id, 65, 48, 3, '["Recover", "Future Sight", "Psychic", "Reflect"]'::jsonb, 'Synchronize', NULL, NULL);
END $$;

-- Misty (Gym Leader)
DO $$
DECLARE
  v_trainer_id UUID;
  v_route_id UUID;
BEGIN
  SELECT id INTO v_route_id FROM public.routes WHERE slug = 'cerulean-city' AND game_id = 'e1f2a3b4-c5d6-7890-ef12-345678901234';
  INSERT INTO public.trainers (route_id, name, trainer_class, is_boss, boss_type, level_cap, display_order, notes)
  VALUES (v_route_id, 'Misty', 'Gym Leader', true, 'gym_leader', 47, 1, 'Water-type specialist. Cascade Badge.')
  RETURNING id INTO v_trainer_id;

  INSERT INTO public.trainer_pokemon (trainer_id, pokemon_national_dex_id, level, slot_order, moves, ability, held_item, nature)
  VALUES (v_trainer_id, 55, 42, 1, '["Surf", "Disable", "Psych Up", "Psychic"]'::jsonb, 'Cloud Nine', NULL, NULL);
  INSERT INTO public.trainer_pokemon (trainer_id, pokemon_national_dex_id, level, slot_order, moves, ability, held_item, nature)
  VALUES (v_trainer_id, 195, 42, 2, '["Surf", "Amnesia", "Earthquake", "Rain Dance"]'::jsonb, 'Water Absorb', NULL, NULL);
  INSERT INTO public.trainer_pokemon (trainer_id, pokemon_national_dex_id, level, slot_order, moves, ability, held_item, nature)
  VALUES (v_trainer_id, 131, 44, 3, '["Surf", "Perish Song", "Blizzard", "Rain Dance"]'::jsonb, 'Water Absorb', NULL, NULL);
  INSERT INTO public.trainer_pokemon (trainer_id, pokemon_national_dex_id, level, slot_order, moves, ability, held_item, nature)
  VALUES (v_trainer_id, 121, 47, 4, '["Surf", "Confuse Ray", "Recover", "Ice Beam"]'::jsonb, 'Natural Cure', NULL, NULL);
END $$;

-- Erika (Gym Leader)
DO $$
DECLARE
  v_trainer_id UUID;
  v_route_id UUID;
BEGIN
  SELECT id INTO v_route_id FROM public.routes WHERE slug = 'celadon-city' AND game_id = 'e1f2a3b4-c5d6-7890-ef12-345678901234';
  INSERT INTO public.trainers (route_id, name, trainer_class, is_boss, boss_type, level_cap, display_order, notes)
  VALUES (v_route_id, 'Erika', 'Gym Leader', true, 'gym_leader', 46, 1, 'Grass-type specialist. Rainbow Badge.')
  RETURNING id INTO v_trainer_id;

  INSERT INTO public.trainer_pokemon (trainer_id, pokemon_national_dex_id, level, slot_order, moves, ability, held_item, nature)
  VALUES (v_trainer_id, 114, 42, 1, '["Vine Whip", "Bind", "Giga Drain", "Sleep Powder"]'::jsonb, 'Chlorophyll', NULL, NULL);
  INSERT INTO public.trainer_pokemon (trainer_id, pokemon_national_dex_id, level, slot_order, moves, ability, held_item, nature)
  VALUES (v_trainer_id, 71, 46, 2, '["Sunny Day", "Synthesis", "Acid", "Razor Leaf"]'::jsonb, 'Chlorophyll', NULL, NULL);
  INSERT INTO public.trainer_pokemon (trainer_id, pokemon_national_dex_id, level, slot_order, moves, ability, held_item, nature)
  VALUES (v_trainer_id, 189, 41, 3, '["Mega Drain", "Leech Seed", "Cotton Spore", "Giga Drain"]'::jsonb, 'Chlorophyll', NULL, NULL);
  INSERT INTO public.trainer_pokemon (trainer_id, pokemon_national_dex_id, level, slot_order, moves, ability, held_item, nature)
  VALUES (v_trainer_id, 182, 46, 4, '["Sunny Day", "Synthesis", "Petal Dance", "SolarBeam"]'::jsonb, 'Chlorophyll', NULL, NULL);
END $$;

-- Janine (Gym Leader)
DO $$
DECLARE
  v_trainer_id UUID;
  v_route_id UUID;
BEGIN
  SELECT id INTO v_route_id FROM public.routes WHERE slug = 'fuchsia-city' AND game_id = 'e1f2a3b4-c5d6-7890-ef12-345678901234';
  INSERT INTO public.trainers (route_id, name, trainer_class, is_boss, boss_type, level_cap, display_order, notes)
  VALUES (v_route_id, 'Janine', 'Gym Leader', true, 'gym_leader', 39, 1, 'Poison-type specialist. Soul Badge.')
  RETURNING id INTO v_trainer_id;

  INSERT INTO public.trainer_pokemon (trainer_id, pokemon_national_dex_id, level, slot_order, moves, ability, held_item, nature)
  VALUES (v_trainer_id, 169, 36, 1, '["Wing Attack", "Confuse Ray", "Supersonic", "Screech"]'::jsonb, 'Inner Focus', NULL, NULL);
  INSERT INTO public.trainer_pokemon (trainer_id, pokemon_national_dex_id, level, slot_order, moves, ability, held_item, nature)
  VALUES (v_trainer_id, 110, 36, 2, '["Sludge Bomb", "Smog", "Toxic", "Explosion"]'::jsonb, 'Levitate', NULL, NULL);
  INSERT INTO public.trainer_pokemon (trainer_id, pokemon_national_dex_id, level, slot_order, moves, ability, held_item, nature)
  VALUES (v_trainer_id, 110, 36, 3, '["Sludge Bomb", "Smog", "Toxic", "Explosion"]'::jsonb, 'Levitate', NULL, NULL);
  INSERT INTO public.trainer_pokemon (trainer_id, pokemon_national_dex_id, level, slot_order, moves, ability, held_item, nature)
  VALUES (v_trainer_id, 168, 33, 4, '["String Shot", "Night Shade", "Giga Drain", "Scary Face"]'::jsonb, 'Swarm', NULL, NULL);
  INSERT INTO public.trainer_pokemon (trainer_id, pokemon_national_dex_id, level, slot_order, moves, ability, held_item, nature)
  VALUES (v_trainer_id, 49, 39, 5, '["Toxic", "Psychic", "Double Team", "Supersonic"]'::jsonb, 'Shield Dust', NULL, NULL);
END $$;

-- Brock (Gym Leader)
DO $$
DECLARE
  v_trainer_id UUID;
  v_route_id UUID;
BEGIN
  SELECT id INTO v_route_id FROM public.routes WHERE slug = 'pewter-city' AND game_id = 'e1f2a3b4-c5d6-7890-ef12-345678901234';
  INSERT INTO public.trainers (route_id, name, trainer_class, is_boss, boss_type, level_cap, display_order, notes)
  VALUES (v_route_id, 'Brock', 'Gym Leader', true, 'gym_leader', 44, 1, 'Rock-type specialist. Boulder Badge.')
  RETURNING id INTO v_trainer_id;

  INSERT INTO public.trainer_pokemon (trainer_id, pokemon_national_dex_id, level, slot_order, moves, ability, held_item, nature)
  VALUES (v_trainer_id, 75, 41, 1, '["Defense Curl", "Rock Slide", "Rollout", "Earthquake"]'::jsonb, 'Rock Head', NULL, NULL);
  INSERT INTO public.trainer_pokemon (trainer_id, pokemon_national_dex_id, level, slot_order, moves, ability, held_item, nature)
  VALUES (v_trainer_id, 111, 41, 2, '["Fury Attack", "Scary Face", "Earthquake", "Horn Drill"]'::jsonb, 'Lightning Rod', NULL, NULL);
  INSERT INTO public.trainer_pokemon (trainer_id, pokemon_national_dex_id, level, slot_order, moves, ability, held_item, nature)
  VALUES (v_trainer_id, 139, 42, 3, '["Bite", "Surf", "Protect", "Spike Cannon"]'::jsonb, 'Swift Swim', NULL, NULL);
  INSERT INTO public.trainer_pokemon (trainer_id, pokemon_national_dex_id, level, slot_order, moves, ability, held_item, nature)
  VALUES (v_trainer_id, 141, 42, 4, '["Slash", "Surf", "Endure", "Giga Drain"]'::jsonb, 'Swift Swim', NULL, NULL);
  INSERT INTO public.trainer_pokemon (trainer_id, pokemon_national_dex_id, level, slot_order, moves, ability, held_item, nature)
  VALUES (v_trainer_id, 95, 44, 5, '["Bind", "Rock Slide", "Bide", "Sandstorm"]'::jsonb, 'Rock Head', NULL, NULL);
END $$;

-- Blaine (Gym Leader)
DO $$
DECLARE
  v_trainer_id UUID;
  v_route_id UUID;
BEGIN
  SELECT id INTO v_route_id FROM public.routes WHERE slug = 'cinnabar-island' AND game_id = 'e1f2a3b4-c5d6-7890-ef12-345678901234';
  INSERT INTO public.trainers (route_id, name, trainer_class, is_boss, boss_type, level_cap, display_order, notes)
  VALUES (v_route_id, 'Blaine', 'Gym Leader', true, 'gym_leader', 50, 1, 'Fire-type specialist. Volcano Badge. Relocated to Seafoam Islands.')
  RETURNING id INTO v_trainer_id;

  INSERT INTO public.trainer_pokemon (trainer_id, pokemon_national_dex_id, level, slot_order, moves, ability, held_item, nature)
  VALUES (v_trainer_id, 219, 45, 1, '["Curse", "Smog", "Flamethrower", "Rock Slide"]'::jsonb, 'Magma Armor', NULL, NULL);
  INSERT INTO public.trainer_pokemon (trainer_id, pokemon_national_dex_id, level, slot_order, moves, ability, held_item, nature)
  VALUES (v_trainer_id, 126, 45, 2, '["ThunderPunch", "Fire Punch", "Sunny Day", "Confuse Ray"]'::jsonb, 'Flame Body', NULL, NULL);
  INSERT INTO public.trainer_pokemon (trainer_id, pokemon_national_dex_id, level, slot_order, moves, ability, held_item, nature)
  VALUES (v_trainer_id, 78, 50, 3, '["Quick Attack", "Fire Spin", "Fury Attack", "Fire Blast"]'::jsonb, 'Flash Fire', NULL, NULL);
END $$;

-- Blue (Gym Leader)
DO $$
DECLARE
  v_trainer_id UUID;
  v_route_id UUID;
BEGIN
  SELECT id INTO v_route_id FROM public.routes WHERE slug = 'viridian-city' AND game_id = 'e1f2a3b4-c5d6-7890-ef12-345678901234';
  INSERT INTO public.trainers (route_id, name, trainer_class, is_boss, boss_type, level_cap, display_order, notes)
  VALUES (v_route_id, 'Blue', 'Gym Leader', true, 'gym_leader', 58, 1, 'Mixed-type specialist. Earth Badge.')
  RETURNING id INTO v_trainer_id;

  INSERT INTO public.trainer_pokemon (trainer_id, pokemon_national_dex_id, level, slot_order, moves, ability, held_item, nature)
  VALUES (v_trainer_id, 18, 56, 1, '["Quick Attack", "Whirlwind", "Wing Attack", "Mirror Move"]'::jsonb, 'Keen Eye', NULL, NULL);
  INSERT INTO public.trainer_pokemon (trainer_id, pokemon_national_dex_id, level, slot_order, moves, ability, held_item, nature)
  VALUES (v_trainer_id, 65, 54, 2, '["Disable", "Recover", "Psychic", "Reflect"]'::jsonb, 'Synchronize', NULL, NULL);
  INSERT INTO public.trainer_pokemon (trainer_id, pokemon_national_dex_id, level, slot_order, moves, ability, held_item, nature)
  VALUES (v_trainer_id, 112, 56, 3, '["Fury Attack", "Sandstorm", "Rock Slide", "Earthquake"]'::jsonb, 'Lightning Rod', NULL, NULL);
  INSERT INTO public.trainer_pokemon (trainer_id, pokemon_national_dex_id, level, slot_order, moves, ability, held_item, nature)
  VALUES (v_trainer_id, 130, 58, 4, '["Twister", "Hydro Pump", "Rain Dance", "Hyper Beam"]'::jsonb, 'Intimidate', NULL, NULL);
  INSERT INTO public.trainer_pokemon (trainer_id, pokemon_national_dex_id, level, slot_order, moves, ability, held_item, nature)
  VALUES (v_trainer_id, 103, 58, 5, '["Sunny Day", "Leech Seed", "Egg Bomb", "SolarBeam"]'::jsonb, 'Chlorophyll', NULL, NULL);
  INSERT INTO public.trainer_pokemon (trainer_id, pokemon_national_dex_id, level, slot_order, moves, ability, held_item, nature)
  VALUES (v_trainer_id, 59, 58, 6, '["Roar", "Swift", "Flamethrower", "ExtremeSpeed"]'::jsonb, 'Intimidate', NULL, NULL);
END $$;

-- Update total_routes count
UPDATE public.games SET total_routes = 86 WHERE id = 'e1f2a3b4-c5d6-7890-ef12-345678901234';
-- ===========================================
-- POKEMON BLACK: COMPLETE GAME DATA
-- Official Pokemon Game
-- Gen 5, Unova region
-- ===========================================
-- Game ID: f2a3b4c5-d6e7-8901-f234-567890123456
-- ===========================================

-- STEP 1: Insert the game
INSERT INTO public.games (id, slug, name, generation, region, base_game_slug, is_romhack, sprite_url, total_routes, description)
VALUES (
  'f2a3b4c5-d6e7-8901-f234-567890123456',
  'pokemon-black',
  'Pokemon Black',
  5,
  'Unova',
  NULL,
  false,
  'https://raw.githubusercontent.com/PokeAPI/sprites/master/sprites/pokemon/643.png',
  52,
  'Pokemon Black Version for Nintendo DS. Set in the Unova region with an all-new Pokedex. Features Zekrom and Team Plasma.'
);

-- ===========================================
-- STEP 2: ALL ROUTES (52 total)
-- ===========================================

INSERT INTO public.routes (game_id, name, slug, display_order, route_type, has_encounters, has_trainers, has_items, notes) VALUES
('f2a3b4c5-d6e7-8901-f234-567890123456', 'Nuvema Town', 'nuvema-town', 1, 'city', true, false, false, 'Starter town. Choose Snivy, Tepig, or Oshawott.'),
('f2a3b4c5-d6e7-8901-f234-567890123456', 'Route 1', 'route-1', 2, 'route', true, false, false, NULL),
('f2a3b4c5-d6e7-8901-f234-567890123456', 'Accumula Town', 'accumula-town', 3, 'city', false, false, false, 'Team Plasma introduction.'),
('f2a3b4c5-d6e7-8901-f234-567890123456', 'Route 2', 'route-2', 4, 'route', true, true, false, NULL),
('f2a3b4c5-d6e7-8901-f234-567890123456', 'Striaton City', 'striaton-city', 5, 'city', false, true, false, 'Gym 1: Cilan/Chili/Cress. Starter-dependent.'),
('f2a3b4c5-d6e7-8901-f234-567890123456', 'Dreamyard', 'dreamyard', 6, 'route', true, true, false, 'Elemental monkey gift.'),
('f2a3b4c5-d6e7-8901-f234-567890123456', 'Route 3', 'route-3', 7, 'route', true, true, false, NULL),
('f2a3b4c5-d6e7-8901-f234-567890123456', 'Wellspring Cave', 'wellspring-cave', 8, 'cave', true, false, false, NULL),
('f2a3b4c5-d6e7-8901-f234-567890123456', 'Nacrene City', 'nacrene-city', 9, 'city', false, true, false, 'Gym Leader Lenora. Normal-type specialist.'),
('f2a3b4c5-d6e7-8901-f234-567890123456', 'Pinwheel Forest', 'pinwheel-forest', 10, 'route', true, true, false, NULL),
('f2a3b4c5-d6e7-8901-f234-567890123456', 'Castelia City', 'castelia-city', 11, 'city', false, true, true, 'Gym Leader Burgh. Bug-type specialist.'),
('f2a3b4c5-d6e7-8901-f234-567890123456', 'Route 4', 'route-4', 12, 'route', true, true, false, NULL),
('f2a3b4c5-d6e7-8901-f234-567890123456', 'Desert Resort', 'desert-resort', 13, 'route', true, true, false, NULL),
('f2a3b4c5-d6e7-8901-f234-567890123456', 'Relic Castle', 'relic-castle', 14, 'cave', true, false, true, NULL),
('f2a3b4c5-d6e7-8901-f234-567890123456', 'Nimbasa City', 'nimbasa-city', 15, 'city', false, true, false, 'Gym Leader Elesa. Electric-type specialist.'),
('f2a3b4c5-d6e7-8901-f234-567890123456', 'Route 5', 'route-5', 16, 'route', true, true, false, NULL),
('f2a3b4c5-d6e7-8901-f234-567890123456', 'Driftveil Drawbridge', 'driftveil-drawbridge', 17, 'route', true, false, false, 'Ducklett wing shadows.'),
('f2a3b4c5-d6e7-8901-f234-567890123456', 'Driftveil City', 'driftveil-city', 18, 'city', false, true, false, 'Gym Leader Clay. Ground-type specialist.'),
('f2a3b4c5-d6e7-8901-f234-567890123456', 'Cold Storage', 'cold-storage', 19, 'building', true, true, false, NULL),
('f2a3b4c5-d6e7-8901-f234-567890123456', 'Route 6', 'route-6', 20, 'route', true, true, false, NULL),
('f2a3b4c5-d6e7-8901-f234-567890123456', 'Chargestone Cave', 'chargestone-cave', 21, 'cave', true, true, true, NULL),
('f2a3b4c5-d6e7-8901-f234-567890123456', 'Mistralton City', 'mistralton-city', 22, 'city', false, true, false, 'Gym Leader Skyla. Flying-type specialist.'),
('f2a3b4c5-d6e7-8901-f234-567890123456', 'Route 7', 'route-7', 23, 'route', true, true, false, NULL),
('f2a3b4c5-d6e7-8901-f234-567890123456', 'Celestial Tower', 'celestial-tower', 24, 'building', true, true, false, NULL),
('f2a3b4c5-d6e7-8901-f234-567890123456', 'Twist Mountain', 'twist-mountain', 25, 'cave', true, true, true, NULL),
('f2a3b4c5-d6e7-8901-f234-567890123456', 'Icirrus City', 'icirrus-city', 26, 'city', true, true, false, 'Gym Leader Brycen. Ice-type specialist.'),
('f2a3b4c5-d6e7-8901-f234-567890123456', 'Dragonspiral Tower', 'dragonspiral-tower', 27, 'building', true, false, false, 'Legendary dragon encounter.'),
('f2a3b4c5-d6e7-8901-f234-567890123456', 'Route 8', 'route-8', 28, 'route', true, true, false, NULL),
('f2a3b4c5-d6e7-8901-f234-567890123456', 'Moor of Icirrus', 'moor-of-icirrus', 29, 'route', true, false, false, NULL),
('f2a3b4c5-d6e7-8901-f234-567890123456', 'Route 9', 'route-9', 30, 'route', true, true, false, NULL),
('f2a3b4c5-d6e7-8901-f234-567890123456', 'Opelucid City', 'opelucid-city', 31, 'city', false, true, false, 'Gym 8: Drayden (Black) / Iris (White). Dragon-type.'),
('f2a3b4c5-d6e7-8901-f234-567890123456', 'Route 10', 'route-10', 32, 'route', true, true, false, NULL),
('f2a3b4c5-d6e7-8901-f234-567890123456', 'Victory Road', 'victory-road', 33, 'cave', true, true, true, NULL),
('f2a3b4c5-d6e7-8901-f234-567890123456', 'Pokemon League', 'pokemon-league', 34, 'building', false, true, false, 'Elite Four and Champion N/Ghetsis.'),
('f2a3b4c5-d6e7-8901-f234-567890123456', 'Route 11', 'route-11', 35, 'route', true, true, false, NULL),
('f2a3b4c5-d6e7-8901-f234-567890123456', 'Village Bridge', 'village-bridge', 36, 'route', true, true, false, NULL),
('f2a3b4c5-d6e7-8901-f234-567890123456', 'Route 12', 'route-12', 37, 'route', true, true, false, NULL),
('f2a3b4c5-d6e7-8901-f234-567890123456', 'Lacunosa Town', 'lacunosa-town', 38, 'city', false, false, false, NULL),
('f2a3b4c5-d6e7-8901-f234-567890123456', 'Route 13', 'route-13', 39, 'route', true, true, false, NULL),
('f2a3b4c5-d6e7-8901-f234-567890123456', 'Undella Town', 'undella-town', 40, 'city', true, false, false, NULL),
('f2a3b4c5-d6e7-8901-f234-567890123456', 'Undella Bay', 'undella-bay', 41, 'water', true, true, false, NULL),
('f2a3b4c5-d6e7-8901-f234-567890123456', 'Route 14', 'route-14', 42, 'route', true, true, false, NULL),
('f2a3b4c5-d6e7-8901-f234-567890123456', 'Abundant Shrine', 'abundant-shrine', 43, 'special', true, false, false, NULL),
('f2a3b4c5-d6e7-8901-f234-567890123456', 'Route 15', 'route-15', 44, 'route', true, true, false, NULL),
('f2a3b4c5-d6e7-8901-f234-567890123456', 'Route 16', 'route-16', 45, 'route', true, true, false, NULL),
('f2a3b4c5-d6e7-8901-f234-567890123456', 'Lostlorn Forest', 'lostlorn-forest', 46, 'route', true, false, false, NULL),
('f2a3b4c5-d6e7-8901-f234-567890123456', 'Route 17', 'route-17', 47, 'water', true, true, false, NULL),
('f2a3b4c5-d6e7-8901-f234-567890123456', 'Route 18', 'route-18', 48, 'route', true, true, false, NULL),
('f2a3b4c5-d6e7-8901-f234-567890123456', 'P2 Laboratory', 'p2-laboratory', 49, 'building', true, false, true, NULL),
('f2a3b4c5-d6e7-8901-f234-567890123456', 'Challenger''s Cave', 'challengers-cave', 50, 'cave', true, true, true, NULL),
('f2a3b4c5-d6e7-8901-f234-567890123456', 'Giant Chasm', 'giant-chasm', 51, 'cave', true, false, true, 'Kyurem encounter.'),
('f2a3b4c5-d6e7-8901-f234-567890123456', 'Mistralton Cave', 'mistralton-cave', 52, 'cave', true, false, true, NULL);

-- ===========================================
-- STEP 3: STARTER POKEMON
-- ===========================================

INSERT INTO public.encounters (route_id, pokemon_national_dex_id, method, encounter_rate, level_min, level_max)
SELECT r.id, 495, 'gift', NULL, 5, 5
FROM public.routes r WHERE r.slug = 'nuvema-town' AND r.game_id = 'f2a3b4c5-d6e7-8901-f234-567890123456';

INSERT INTO public.encounters (route_id, pokemon_national_dex_id, method, encounter_rate, level_min, level_max)
SELECT r.id, 498, 'gift', NULL, 5, 5
FROM public.routes r WHERE r.slug = 'nuvema-town' AND r.game_id = 'f2a3b4c5-d6e7-8901-f234-567890123456';

INSERT INTO public.encounters (route_id, pokemon_national_dex_id, method, encounter_rate, level_min, level_max)
SELECT r.id, 501, 'gift', NULL, 5, 5
FROM public.routes r WHERE r.slug = 'nuvema-town' AND r.game_id = 'f2a3b4c5-d6e7-8901-f234-567890123456';

-- ===========================================
-- STEP 4: ENCOUNTER DATA (581 total)
-- ===========================================

CREATE TEMP TABLE _enc (slug TEXT, dex INT, method TEXT, rate DECIMAL(5,2), lmin INT, lmax INT, cond TEXT, ver_excl TEXT);
INSERT INTO _enc VALUES
('nuvema-town', 495, 'gift', 100.00, 5, 5, NULL, NULL),
('nuvema-town', 498, 'gift', 100.00, 5, 5, NULL, NULL),
('nuvema-town', 501, 'gift', 100.00, 5, 5, NULL, NULL),
('route-1', 349, 'fishing_super', 45.00, 35, 60, NULL, NULL),
('route-1', 350, 'fishing_super', 5.00, 45, 70, NULL, NULL),
('route-1', 504, 'walking', 50.00, 2, 4, NULL, NULL),
('route-1', 505, 'walking', 36.00, 32, 35, NULL, NULL),
('route-1', 506, 'walking', 50.00, 2, 4, NULL, NULL),
('route-1', 507, 'walking', 39.00, 32, 34, NULL, NULL),
('route-1', 531, 'walking', 100.00, 2, 4, NULL, NULL),
('route-1', 550, 'fishing_super', 95.00, 35, 55, NULL, NULL),
('route-1', 550, 'surfing', 100.00, 5, 15, NULL, NULL),
('route-1', 559, 'walking', 25.00, 32, 35, NULL, NULL),
('route-1', 10016, 'fishing_super', 55.00, 35, 70, NULL, NULL),
('route-1', 10016, 'surfing', 100.00, 5, 20, NULL, NULL),
('route-2', 504, 'walking', 40.00, 4, 7, NULL, NULL),
('route-2', 506, 'walking', 40.00, 4, 7, NULL, NULL),
('route-2', 509, 'walking', 20.00, 4, 5, NULL, NULL),
('route-2', 531, 'walking', 100.00, 4, 7, NULL, NULL),
('dreamyard', 20, 'walking', 10.00, 48, 48, NULL, NULL),
('dreamyard', 49, 'walking', 10.00, 48, 50, NULL, NULL),
('dreamyard', 166, 'walking', 10.00, 49, 49, NULL, NULL),
('dreamyard', 168, 'walking', 10.00, 49, 49, NULL, NULL),
('dreamyard', 402, 'walking', 10.00, 48, 50, NULL, NULL),
('dreamyard', 504, 'walking', 40.00, 8, 11, NULL, NULL),
('dreamyard', 505, 'walking', 20.00, 47, 47, NULL, NULL),
('dreamyard', 509, 'walking', 40.00, 8, 11, NULL, NULL),
('dreamyard', 510, 'walking', 20.00, 47, 47, NULL, NULL),
('dreamyard', 511, 'gift', 100.00, 10, 10, NULL, NULL),
('dreamyard', 513, 'gift', 100.00, 10, 10, NULL, NULL),
('dreamyard', 515, 'gift', 100.00, 10, 10, NULL, NULL),
('dreamyard', 517, 'walking', 30.00, 8, 48, NULL, NULL),
('dreamyard', 518, 'walking', 5.00, 11, 11, NULL, NULL),
('dreamyard', 518, 'static', 100.00, 50, 50, 'weekday-friday, defeated-ghetsis', NULL),
('dreamyard', 531, 'walking', 95.00, 8, 11, NULL, NULL),
('route-3', 118, 'fishing_super', 100.00, 35, 60, NULL, NULL),
('route-3', 119, 'fishing_super', 20.00, 35, 70, NULL, NULL),
('route-3', 504, 'walking', 40.00, 8, 10, NULL, NULL),
('route-3', 506, 'walking', 20.00, 9, 11, NULL, NULL),
('route-3', 509, 'walking', 20.00, 9, 11, NULL, NULL),
('route-3', 519, 'walking', 80.00, 8, 13, NULL, NULL),
('route-3', 522, 'walking', 40.00, 8, 13, NULL, NULL),
('route-3', 531, 'walking', 100.00, 8, 11, NULL, NULL),
('route-3', 550, 'fishing_super', 40.00, 35, 55, NULL, NULL),
('route-3', 550, 'surfing', 100.00, 5, 15, NULL, NULL),
('route-3', 10016, 'fishing_super', 40.00, 35, 60, NULL, NULL),
('route-3', 10016, 'surfing', 100.00, 5, 20, NULL, NULL),
('wellspring-cave', 60, 'fishing_super', 45.00, 35, 55, NULL, NULL),
('wellspring-cave', 61, 'fishing_super', 70.00, 35, 60, NULL, NULL),
('wellspring-cave', 62, 'fishing_super', 5.00, 35, 60, NULL, NULL),
('wellspring-cave', 524, 'walking', 50.00, 10, 13, NULL, NULL),
('wellspring-cave', 527, 'walking', 50.00, 10, 13, NULL, NULL),
('wellspring-cave', 529, 'walking', 100.00, 10, 13, NULL, NULL),
('wellspring-cave', 550, 'fishing_super', 40.00, 35, 55, NULL, NULL),
('wellspring-cave', 550, 'surfing', 100.00, 5, 15, NULL, NULL),
('wellspring-cave', 10016, 'fishing_super', 40.00, 35, 60, NULL, NULL),
('wellspring-cave', 10016, 'surfing', 100.00, 5, 20, NULL, NULL),
('pinwheel-forest', 519, 'walking', 75.00, 12, 16, NULL, NULL),
('pinwheel-forest', 531, 'walking', 160.00, 12, 17, NULL, NULL),
('pinwheel-forest', 532, 'walking', 40.00, 13, 16, NULL, NULL),
('pinwheel-forest', 535, 'walking', 80.00, 12, 17, NULL, NULL),
('pinwheel-forest', 538, 'walking', 5.00, 15, 15, NULL, NULL),
('pinwheel-forest', 539, 'walking', 20.00, 12, 17, NULL, NULL),
('pinwheel-forest', 118, 'fishing_super', 100.00, 35, 60, NULL, NULL),
('pinwheel-forest', 119, 'fishing_super', 20.00, 35, 70, NULL, NULL),
('pinwheel-forest', 511, 'walking', 10.00, 15, 15, NULL, NULL),
('pinwheel-forest', 513, 'walking', 10.00, 15, 15, NULL, NULL),
('pinwheel-forest', 515, 'walking', 10.00, 15, 15, NULL, NULL),
('pinwheel-forest', 520, 'walking', 15.00, 23, 24, NULL, NULL),
('pinwheel-forest', 540, 'walking', 35.00, 14, 17, NULL, NULL),
('pinwheel-forest', 541, 'walking', 35.00, 22, 25, NULL, NULL),
('pinwheel-forest', 543, 'walking', 15.00, 15, 16, NULL, NULL),
('pinwheel-forest', 544, 'walking', 15.00, 23, 24, NULL, NULL),
('pinwheel-forest', 546, 'walking', 70.00, 14, 25, NULL, NULL),
('pinwheel-forest', 547, 'walking', 5.00, 17, 17, NULL, NULL),
('pinwheel-forest', 550, 'fishing_super', 40.00, 35, 55, NULL, NULL),
('pinwheel-forest', 550, 'surfing', 100.00, 5, 20, NULL, NULL),
('pinwheel-forest', 10016, 'fishing_super', 40.00, 35, 60, NULL, NULL),
('pinwheel-forest', 10016, 'surfing', 100.00, 5, 20, NULL, NULL),
('route-4', 98, 'fishing_super', 55.00, 35, 55, NULL, NULL),
('route-4', 99, 'fishing_super', 15.00, 35, 70, NULL, NULL),
('route-4', 366, 'fishing_super', 40.00, 35, 55, NULL, NULL),
('route-4', 367, 'fishing_super', 5.00, 45, 70, NULL, NULL),
('route-4', 369, 'fishing_super', 40.00, 35, 60, NULL, NULL),
('route-4', 370, 'fishing_super', 45.00, 35, 60, NULL, NULL),
('route-4', 551, 'walking', 40.00, 15, 18, NULL, NULL),
('route-4', 554, 'walking', 40.00, 15, 18, NULL, NULL),
('route-4', 559, 'walking', 20.00, 16, 17, NULL, NULL),
('route-4', 592, 'surfing', 100.00, 5, 15, NULL, NULL),
('route-4', 593, 'surfing', 5.00, 5, 20, NULL, NULL),
('route-4', 594, 'surfing', 95.00, 5, 20, NULL, NULL),
('desert-resort', 551, 'walking', 80.00, 19, 22, NULL, NULL),
('desert-resort', 554, 'walking', 60.00, 19, 20, NULL, NULL),
('desert-resort', 556, 'walking', 20.00, 20, 20, NULL, NULL),
('desert-resort', 557, 'walking', 20.00, 20, 22, NULL, NULL),
('desert-resort', 559, 'walking', 10.00, 20, 20, NULL, NULL),
('desert-resort', 561, 'walking', 10.00, 20, 20, NULL, NULL),
('relic-castle', 551, 'walking', 50.00, 19, 22, NULL, NULL),
('relic-castle', 562, 'walking', 50.00, 19, 22, NULL, NULL),
('relic-castle', 552, 'walking', 85.00, 34, 50, NULL, NULL),
('relic-castle', 563, 'walking', 70.00, 34, 50, NULL, NULL),
('relic-castle', 28, 'walking', 30.00, 47, 49, NULL, NULL),
('relic-castle', 95, 'walking', 15.00, 48, 49, NULL, NULL),
('relic-castle', 344, 'walking', 100.00, 47, 50, NULL, NULL),
('relic-castle', 637, 'static', 100.00, 70, 70, NULL, NULL),
('route-5', 510, 'walking', 40.00, 20, 25, NULL, NULL),
('route-5', 531, 'walking', 85.00, 19, 22, NULL, NULL),
('route-5', 568, 'walking', 40.00, 19, 24, NULL, NULL),
('route-5', 572, 'walking', 60.00, 19, 25, NULL, NULL),
('route-5', 573, 'walking', 5.00, 22, 22, NULL, NULL),
('route-5', 574, 'walking', 60.00, 19, 25, NULL, NULL),
('route-5', 587, 'walking', 10.00, 20, 20, NULL, NULL),
('cold-storage', 507, 'walking', 70.00, 21, 27, NULL, NULL),
('cold-storage', 508, 'walking', 5.00, 23, 23, NULL, NULL),
('cold-storage', 531, 'walking', 90.00, 20, 23, NULL, NULL),
('cold-storage', 532, 'walking', 30.00, 21, 26, NULL, NULL),
('cold-storage', 572, 'walking', 40.00, 20, 24, NULL, NULL),
('cold-storage', 573, 'walking', 5.00, 23, 23, NULL, NULL),
('cold-storage', 582, 'walking', 60.00, 20, 27, NULL, NULL),
('route-6', 60, 'fishing_super', 45.00, 35, 55, NULL, NULL),
('route-6', 61, 'fishing_super', 70.00, 35, 70, NULL, NULL),
('route-6', 186, 'fishing_super', 5.00, 45, 70, NULL, NULL),
('route-6', 520, 'walking', 30.00, 23, 29, 'Spring', NULL),
('route-6', 520, 'walking', 30.00, 23, 29, 'Summer', NULL),
('route-6', 520, 'walking', 30.00, 23, 29, 'Autumn', NULL),
('route-6', 521, 'walking', 5.00, 25, 25, 'Spring', NULL),
('route-6', 521, 'walking', 5.00, 25, 25, 'Summer', NULL),
('route-6', 521, 'walking', 5.00, 25, 25, 'Autumn', NULL),
('route-6', 531, 'walking', 70.00, 22, 25, NULL, NULL),
('route-6', 531, 'walking', 5.00, 25, 25, 'Winter', NULL),
('route-6', 541, 'walking', 20.00, 23, 27, NULL, NULL),
('route-6', 542, 'walking', 5.00, 25, 25, NULL, NULL),
('route-6', 550, 'fishing_super', 40.00, 35, 55, NULL, NULL),
('route-6', 550, 'surfing', 100.00, 10, 25, NULL, NULL),
('route-6', 582, 'walking', 30.00, 23, 29, 'Winter', NULL),
('route-6', 585, 'walking', 70.00, 22, 28, NULL, NULL),
('route-6', 587, 'walking', 20.00, 23, 25, NULL, NULL),
('route-6', 588, 'walking', 50.00, 22, 28, NULL, NULL),
('route-6', 590, 'walking', 30.00, 23, 29, NULL, NULL),
('route-6', 590, 'static', 200.00, 20, 20, NULL, NULL),
('route-6', 10016, 'fishing_super', 40.00, 35, 60, NULL, NULL),
('route-6', 10016, 'surfing', 100.00, 10, 30, NULL, NULL),
('chargestone-cave', 525, 'walking', 30.00, 24, 24, NULL, NULL),
('chargestone-cave', 529, 'walking', 300.00, 24, 27, NULL, NULL),
('chargestone-cave', 595, 'walking', 114.00, 24, 27, NULL, NULL),
('chargestone-cave', 597, 'walking', 60.00, 24, 27, NULL, NULL),
('chargestone-cave', 599, 'walking', 84.00, 25, 27, NULL, NULL),
('chargestone-cave', 602, 'walking', 12.00, 27, 27, NULL, NULL),
('route-7', 505, 'walking', 40.00, 27, 33, NULL, NULL),
('route-7', 520, 'walking', 60.00, 26, 32, 'Spring', NULL),
('route-7', 520, 'walking', 60.00, 26, 32, 'Summer', NULL),
('route-7', 520, 'walking', 60.00, 26, 32, 'Autumn', NULL),
('route-7', 521, 'walking', 5.00, 29, 29, 'Spring', NULL),
('route-7', 521, 'walking', 5.00, 29, 29, 'Summer', NULL),
('route-7', 521, 'walking', 5.00, 29, 29, 'Autumn', NULL),
('route-7', 523, 'walking', 40.00, 27, 33, NULL, NULL),
('route-7', 531, 'walking', 85.00, 26, 29, NULL, NULL),
('route-7', 531, 'walking', 5.00, 29, 29, 'Winter', NULL),
('route-7', 585, 'walking', 40.00, 26, 30, NULL, NULL),
('route-7', 587, 'walking', 10.00, 27, 27, NULL, NULL),
('route-7', 590, 'walking', 20.00, 27, 33, NULL, NULL),
('route-7', 613, 'walking', 60.00, 26, 32, 'Winter', NULL),
('celestial-tower', 607, 'walking', 305.00, 26, 29, NULL, NULL),
('celestial-tower', 605, 'walking', 95.00, 26, 29, NULL, NULL),
('twist-mountain', 525, 'walking', 39.00, 28, 31, 'Spring', NULL),
('twist-mountain', 525, 'walking', 35.00, 28, 31, 'Summer', NULL),
('twist-mountain', 525, 'walking', 39.00, 28, 31, 'Autumn', NULL),
('twist-mountain', 525, 'walking', 20.00, 29, 29, 'Winter', NULL),
('twist-mountain', 525, 'walking', 10.00, 30, 30, NULL, NULL),
('twist-mountain', 527, 'walking', 20.00, 28, 31, 'Summer', NULL),
('twist-mountain', 527, 'walking', 10.00, 29, 31, 'Spring', NULL),
('twist-mountain', 527, 'walking', 10.00, 29, 31, 'Autumn', NULL),
('twist-mountain', 527, 'walking', 10.00, 28, 30, 'Winter', NULL),
('twist-mountain', 529, 'walking', 100.00, 28, 31, NULL, NULL),
('twist-mountain', 533, 'walking', 30.00, 28, 30, 'Spring', NULL),
('twist-mountain', 533, 'walking', 30.00, 28, 30, 'Summer', NULL),
('twist-mountain', 533, 'walking', 30.00, 28, 30, 'Autumn', NULL),
('twist-mountain', 533, 'walking', 10.00, 29, 29, 'Winter', NULL),
('twist-mountain', 613, 'walking', 45.00, 28, 31, 'Winter', NULL),
('twist-mountain', 613, 'walking', 10.00, 28, 28, 'Spring', NULL),
('twist-mountain', 613, 'walking', 10.00, 28, 28, 'Autumn', NULL),
('twist-mountain', 613, 'walking', 4.00, 28, 28, 'Summer', NULL),
('twist-mountain', 615, 'walking', 5.00, 31, 31, 'Winter', NULL),
('twist-mountain', 615, 'walking', 1.00, 31, 31, 'Spring', NULL),
('twist-mountain', 615, 'walking', 1.00, 28, 28, 'Summer', NULL),
('twist-mountain', 615, 'walking', 1.00, 31, 31, 'Autumn', NULL),
('icirrus-city', 339, 'fishing_super', 100.00, 35, 60, NULL, NULL),
('icirrus-city', 340, 'fishing_super', 20.00, 35, 70, NULL, NULL),
('icirrus-city', 536, 'walking', 40.00, 30, 33, 'Spring', NULL),
('icirrus-city', 536, 'walking', 40.00, 30, 33, 'Summer', NULL),
('icirrus-city', 536, 'walking', 40.00, 30, 33, 'Autumn', NULL),
('icirrus-city', 537, 'surfing', 5.00, 15, 40, NULL, NULL),
('icirrus-city', 616, 'walking', 40.00, 30, 33, 'Spring', NULL),
('icirrus-city', 616, 'walking', 40.00, 30, 33, 'Summer', NULL),
('icirrus-city', 616, 'walking', 40.00, 30, 33, 'Autumn', NULL),
('icirrus-city', 618, 'fishing_super', 80.00, 35, 60, NULL, NULL),
('icirrus-city', 618, 'surfing', 195.00, 15, 40, NULL, NULL),
('icirrus-city', 618, 'walking', 20.00, 31, 32, 'Spring', NULL),
('icirrus-city', 618, 'walking', 20.00, 31, 32, 'Summer', NULL),
('icirrus-city', 618, 'walking', 20.00, 31, 32, 'Autumn', NULL),
('dragonspiral-tower', 520, 'walking', 90.00, 30, 36, 'Spring', NULL),
('dragonspiral-tower', 520, 'walking', 90.00, 30, 36, 'Summer', NULL),
('dragonspiral-tower', 520, 'walking', 90.00, 30, 36, 'Autumn', NULL),
('dragonspiral-tower', 521, 'walking', 10.00, 33, 33, 'Spring', NULL),
('dragonspiral-tower', 521, 'walking', 10.00, 33, 33, 'Summer', NULL),
('dragonspiral-tower', 521, 'walking', 10.00, 33, 33, 'Autumn', NULL),
('dragonspiral-tower', 531, 'walking', 170.00, 30, 33, NULL, NULL),
('dragonspiral-tower', 531, 'walking', 10.00, 33, 33, 'Winter', NULL),
('dragonspiral-tower', 582, 'walking', 60.00, 31, 33, 'Winter', NULL),
('dragonspiral-tower', 583, 'walking', 60.00, 35, 37, 'Winter', NULL),
('dragonspiral-tower', 585, 'walking', 20.00, 31, 31, 'Spring', NULL),
('dragonspiral-tower', 585, 'walking', 20.00, 31, 31, 'Summer', NULL),
('dragonspiral-tower', 585, 'walking', 20.00, 31, 31, 'Autumn', NULL),
('dragonspiral-tower', 585, 'walking', 20.00, 30, 30, 'Winter', NULL),
('dragonspiral-tower', 585, 'walking', 40.00, 30, 32, NULL, NULL),
('dragonspiral-tower', 586, 'walking', 30.00, 34, 36, 'Winter', NULL),
('dragonspiral-tower', 587, 'walking', 20.00, 31, 31, NULL, NULL),
('dragonspiral-tower', 613, 'walking', 20.00, 33, 33, 'Winter', NULL),
('dragonspiral-tower', 614, 'walking', 20.00, 37, 37, 'Winter', NULL),
('dragonspiral-tower', 619, 'walking', 30.00, 34, 37, 'Winter', NULL),
('dragonspiral-tower', 619, 'walking', 110.00, 30, 37, NULL, NULL),
('dragonspiral-tower', 621, 'walking', 30.00, 31, 37, 'Spring', NULL),
('dragonspiral-tower', 621, 'walking', 30.00, 31, 37, 'Summer', NULL),
('dragonspiral-tower', 621, 'walking', 30.00, 31, 37, 'Autumn', NULL),
('dragonspiral-tower', 147, 'fishing_super', 95.00, 35, 60, NULL, NULL),
('dragonspiral-tower', 148, 'fishing_super', 24.00, 35, 70, NULL, NULL),
('dragonspiral-tower', 149, 'fishing_super', 1.00, 50, 70, NULL, NULL),
('dragonspiral-tower', 550, 'fishing_super', 40.00, 35, 55, NULL, NULL),
('dragonspiral-tower', 550, 'surfing', 100.00, 15, 35, NULL, NULL),
('dragonspiral-tower', 586, 'walking', 30.00, 34, 36, NULL, NULL),
('dragonspiral-tower', 10016, 'fishing_super', 40.00, 35, 60, NULL, NULL),
('dragonspiral-tower', 10016, 'surfing', 100.00, 15, 40, NULL, NULL),
('dragonspiral-tower', 621, 'walking', 30.00, 30, 33, NULL, NULL),
('dragonspiral-tower', 622, 'walking', 150.00, 30, 33, NULL, NULL),
('route-8', 339, 'fishing_super', 100.00, 35, 60, NULL, NULL),
('route-8', 340, 'fishing_super', 20.00, 35, 70, NULL, NULL),
('route-8', 536, 'walking', 40.00, 30, 33, 'Spring', NULL),
('route-8', 536, 'walking', 40.00, 30, 33, 'Summer', NULL),
('route-8', 536, 'walking', 40.00, 30, 33, 'Autumn', NULL),
('route-8', 537, 'surfing', 5.00, 15, 40, NULL, NULL),
('route-8', 616, 'walking', 40.00, 30, 33, 'Spring', NULL),
('route-8', 616, 'walking', 40.00, 30, 33, 'Summer', NULL),
('route-8', 616, 'walking', 40.00, 30, 33, 'Autumn', NULL),
('route-8', 618, 'fishing_super', 80.00, 35, 60, NULL, NULL),
('route-8', 618, 'surfing', 195.00, 15, 40, NULL, NULL),
('route-8', 618, 'walking', 20.00, 31, 32, 'Spring', NULL),
('route-8', 618, 'walking', 20.00, 31, 32, 'Summer', NULL),
('route-8', 618, 'walking', 20.00, 31, 32, 'Autumn', NULL),
('moor-of-icirrus', 339, 'fishing_super', 100.00, 35, 60, NULL, NULL),
('moor-of-icirrus', 340, 'fishing_super', 20.00, 35, 70, NULL, NULL),
('moor-of-icirrus', 536, 'walking', 40.00, 30, 33, 'Spring', NULL),
('moor-of-icirrus', 536, 'walking', 40.00, 30, 33, 'Summer', NULL),
('moor-of-icirrus', 536, 'walking', 40.00, 30, 33, 'Autumn', NULL),
('moor-of-icirrus', 537, 'surfing', 5.00, 15, 40, NULL, NULL),
('moor-of-icirrus', 616, 'walking', 40.00, 30, 33, 'Spring', NULL),
('moor-of-icirrus', 616, 'walking', 40.00, 30, 33, 'Summer', NULL),
('moor-of-icirrus', 616, 'walking', 40.00, 30, 33, 'Autumn', NULL),
('moor-of-icirrus', 618, 'fishing_super', 80.00, 35, 60, NULL, NULL),
('moor-of-icirrus', 618, 'surfing', 195.00, 15, 40, NULL, NULL),
('moor-of-icirrus', 618, 'walking', 20.00, 31, 32, 'Spring', NULL),
('moor-of-icirrus', 618, 'walking', 20.00, 31, 32, 'Summer', NULL),
('moor-of-icirrus', 618, 'walking', 20.00, 31, 32, 'Autumn', NULL),
('route-9', 510, 'walking', 20.00, 33, 38, NULL, NULL),
('route-9', 531, 'walking', 80.00, 31, 34, NULL, NULL),
('route-9', 569, 'walking', 40.00, 31, 38, NULL, NULL),
('route-9', 572, 'walking', 40.00, 32, 37, NULL, NULL),
('route-9', 573, 'walking', 5.00, 34, 34, NULL, NULL),
('route-9', 575, 'walking', 60.00, 31, 39, NULL, NULL),
('route-9', 576, 'walking', 5.00, 34, 34, NULL, NULL),
('route-9', 587, 'walking', 10.00, 32, 32, NULL, NULL),
('route-9', 624, 'walking', 40.00, 31, 39, NULL, NULL),
('route-10', 507, 'walking', 60.00, 33, 39, NULL, NULL),
('route-10', 508, 'walking', 5.00, 36, 36, NULL, NULL),
('route-10', 531, 'walking', 80.00, 33, 36, NULL, NULL),
('route-10', 538, 'walking', 5.00, 36, 36, NULL, NULL),
('route-10', 539, 'walking', 20.00, 33, 41, NULL, NULL),
('route-10', 587, 'walking', 10.00, 34, 34, NULL, NULL),
('route-10', 590, 'walking', 10.00, 34, 35, NULL, NULL),
('route-10', 590, 'static', 200.00, 30, 30, NULL, NULL),
('route-10', 591, 'walking', 10.00, 39, 40, NULL, NULL),
('route-10', 591, 'static', 200.00, 40, 40, NULL, NULL),
('route-10', 626, 'walking', 40.00, 34, 40, NULL, NULL),
('route-10', 629, 'walking', 60.00, 34, 41, NULL, NULL),
('victory-road', 611, 'walking', 5.00, 40, 40, NULL, NULL),
('victory-road', 619, 'walking', 55.00, 38, 41, NULL, NULL),
('victory-road', 629, 'walking', 35.00, 37, 40, NULL, NULL),
('victory-road', 631, 'walking', 45.00, 37, 40, NULL, NULL),
('victory-road', 60, 'fishing_super', 45.00, 35, 55, NULL, NULL),
('victory-road', 61, 'fishing_super', 70.00, 35, 70, NULL, NULL),
('victory-road', 62, 'fishing_super', 5.00, 45, 70, NULL, NULL),
('victory-road', 525, 'walking', 110.00, 37, 41, NULL, NULL),
('victory-road', 527, 'walking', 70.00, 37, 42, NULL, NULL),
('victory-road', 530, 'walking', 400.00, 37, 42, NULL, NULL),
('victory-road', 550, 'fishing_super', 40.00, 35, 55, NULL, NULL),
('victory-road', 550, 'surfing', 100.00, 20, 45, NULL, NULL),
('victory-road', 632, 'walking', 160.00, 37, 42, NULL, NULL),
('victory-road', 633, 'walking', 20.00, 38, 40, NULL, NULL),
('victory-road', 10016, 'fishing_super', 40.00, 35, 60, NULL, NULL),
('victory-road', 10016, 'surfing', 100.00, 20, 50, NULL, NULL),
('victory-road', 639, 'static', 100.00, 42, 42, NULL, NULL),
('route-11', 55, 'walking', 40.00, 47, 57, NULL, NULL),
('route-11', 118, 'fishing_super', 100.00, 35, 60, NULL, NULL),
('route-11', 119, 'fishing_super', 20.00, 35, 70, NULL, NULL),
('route-11', 207, 'walking', 30.00, 47, 60, NULL, NULL),
('route-11', 335, 'walking', 20.00, 48, 58, NULL, NULL),
('route-11', 336, 'walking', 20.00, 48, 58, NULL, NULL),
('route-11', 418, 'surfing', 90.00, 25, 60, NULL, NULL),
('route-11', 419, 'surfing', 10.00, 35, 70, NULL, NULL),
('route-11', 472, 'walking', 5.00, 50, 50, NULL, NULL),
('route-11', 531, 'walking', 85.00, 47, 50, NULL, NULL),
('route-11', 550, 'fishing_super', 40.00, 35, 55, NULL, NULL),
('route-11', 550, 'surfing', 70.00, 25, 55, NULL, NULL),
('route-11', 587, 'walking', 10.00, 48, 48, NULL, NULL),
('route-11', 588, 'walking', 10.00, 49, 59, NULL, NULL),
('route-11', 591, 'walking', 20.00, 48, 58, NULL, NULL),
('route-11', 624, 'walking', 5.00, 50, 50, NULL, NULL),
('route-11', 625, 'walking', 5.00, 60, 60, NULL, NULL),
('route-11', 629, 'walking', 25.00, 48, 50, NULL, NULL),
('route-11', 630, 'walking', 25.00, 58, 60, NULL, NULL),
('route-11', 10016, 'fishing_super', 40.00, 35, 60, NULL, NULL),
('route-11', 10016, 'surfing', 30.00, 25, 60, NULL, NULL),
('village-bridge', 55, 'walking', 50.00, 47, 59, NULL, NULL),
('village-bridge', 131, 'surfing', 5.00, 35, 70, NULL, NULL),
('village-bridge', 318, 'fishing_super', 100.00, 35, 60, NULL, NULL),
('village-bridge', 319, 'fishing_super', 20.00, 35, 70, NULL, NULL),
('village-bridge', 335, 'walking', 30.00, 48, 60, NULL, NULL),
('village-bridge', 336, 'walking', 30.00, 48, 60, NULL, NULL),
('village-bridge', 400, 'walking', 50.00, 47, 59, NULL, NULL),
('village-bridge', 531, 'walking', 90.00, 47, 50, NULL, NULL),
('village-bridge', 550, 'fishing_super', 40.00, 35, 55, NULL, NULL),
('village-bridge', 550, 'surfing', 100.00, 25, 55, NULL, NULL),
('village-bridge', 587, 'walking', 10.00, 48, 48, NULL, NULL),
('village-bridge', 629, 'walking', 20.00, 48, 50, NULL, NULL),
('village-bridge', 630, 'walking', 20.00, 58, 60, NULL, NULL),
('village-bridge', 10016, 'fishing_super', 40.00, 35, 60, NULL, NULL),
('village-bridge', 10016, 'surfing', 95.00, 25, 70, NULL, NULL),
('route-12', 14, 'walking', 20.00, 48, 59, NULL, NULL),
('route-12', 15, 'walking', 5.00, 50, 50, NULL, NULL),
('route-12', 78, 'walking', 20.00, 49, 59, NULL, NULL),
('route-12', 127, 'walking', 10.00, 50, 60, NULL, NULL),
('route-12', 191, 'walking', 40.00, 47, 57, NULL, NULL),
('route-12', 192, 'walking', 5.00, 50, 50, NULL, NULL),
('route-12', 206, 'walking', 10.00, 48, 59, NULL, NULL),
('route-12', 214, 'walking', 10.00, 50, 60, NULL, NULL),
('route-12', 415, 'walking', 40.00, 47, 57, NULL, NULL),
('route-12', 416, 'walking', 5.00, 50, 50, NULL, NULL),
('route-12', 421, 'walking', 20.00, 48, 58, NULL, NULL),
('route-12', 520, 'walking', 30.00, 48, 60, NULL, NULL),
('route-12', 521, 'walking', 5.00, 50, 50, NULL, NULL),
('route-12', 531, 'walking', 70.00, 47, 50, NULL, NULL),
('route-12', 587, 'walking', 10.00, 48, 48, NULL, NULL),
('route-13', 42, 'walking', 30.00, 48, 60, NULL, NULL),
('route-13', 90, 'fishing_super', 80.00, 35, 60, NULL, NULL),
('route-13', 91, 'fishing_super', 5.00, 45, 70, NULL, NULL),
('route-13', 98, 'fishing_super', 55.00, 35, 55, NULL, NULL),
('route-13', 99, 'fishing_super', 15.00, 35, 70, NULL, NULL),
('route-13', 114, 'walking', 50.00, 47, 59, NULL, NULL),
('route-13', 120, 'surfing', 90.00, 25, 60, NULL, NULL),
('route-13', 121, 'surfing', 10.00, 35, 70, NULL, NULL),
('route-13', 169, 'walking', 5.00, 50, 50, NULL, NULL),
('route-13', 222, 'surfing', 30.00, 25, 60, NULL, NULL),
('route-13', 277, 'walking', 40.00, 47, 57, NULL, NULL),
('route-13', 278, 'surfing', 60.00, 25, 55, NULL, NULL),
('route-13', 279, 'surfing', 10.00, 25, 55, NULL, NULL),
('route-13', 337, 'walking', 20.00, 48, 58, NULL, NULL),
('route-13', 338, 'walking', 20.00, 48, 58, NULL, NULL),
('route-13', 359, 'walking', 20.00, 48, 60, NULL, NULL),
('route-13', 370, 'fishing_super', 45.00, 35, 60, NULL, NULL),
('route-13', 426, 'walking', 20.00, 49, 59, NULL, NULL),
('route-13', 465, 'walking', 5.00, 50, 50, NULL, NULL),
('route-13', 531, 'walking', 80.00, 47, 50, NULL, NULL),
('route-13', 587, 'walking', 10.00, 48, 48, NULL, NULL),
('undella-town', 90, 'fishing_super', 80.00, 35, 60, NULL, NULL),
('undella-town', 91, 'fishing_super', 5.00, 45, 70, NULL, NULL),
('undella-town', 222, 'surfing', 30.00, 25, 60, NULL, NULL),
('undella-town', 223, 'fishing_super', 55.00, 35, 55, NULL, NULL),
('undella-town', 224, 'fishing_super', 15.00, 35, 70, NULL, NULL),
('undella-town', 226, 'surfing', 10.00, 35, 70, NULL, NULL),
('undella-town', 278, 'surfing', 60.00, 25, 55, NULL, NULL),
('undella-town', 279, 'surfing', 10.00, 25, 55, NULL, NULL),
('undella-town', 320, 'surfing', 60.00, 25, 60, NULL, NULL),
('undella-town', 370, 'fishing_super', 45.00, 35, 60, NULL, NULL),
('undella-town', 458, 'surfing', 30.00, 25, 55, NULL, NULL),
('undella-bay', 90, 'fishing_super', 80.00, 35, 60, NULL, NULL),
('undella-bay', 91, 'fishing_super', 5.00, 45, 70, NULL, NULL),
('undella-bay', 223, 'fishing_super', 55.00, 35, 55, NULL, NULL),
('undella-bay', 224, 'fishing_super', 15.00, 35, 70, NULL, NULL),
('undella-bay', 226, 'surfing', 5.00, 35, 70, 'Spring', NULL),
('undella-bay', 226, 'surfing', 5.00, 35, 70, 'Summer', NULL),
('undella-bay', 226, 'surfing', 5.00, 35, 70, 'Autumn', NULL),
('undella-bay', 278, 'surfing', 60.00, 25, 55, NULL, NULL),
('undella-bay', 279, 'surfing', 10.00, 25, 55, NULL, NULL),
('undella-bay', 320, 'surfing', 60.00, 25, 60, NULL, NULL),
('undella-bay', 320, 'surfing', 30.00, 25, 60, 'Spring', NULL),
('undella-bay', 320, 'surfing', 30.00, 25, 60, 'Summer', NULL),
('undella-bay', 320, 'surfing', 30.00, 25, 60, 'Autumn', NULL),
('undella-bay', 321, 'surfing', 5.00, 35, 70, 'Winter', NULL),
('undella-bay', 321, 'surfing', 5.00, 35, 70, 'Spring', NULL),
('undella-bay', 321, 'surfing', 5.00, 35, 70, 'Summer', NULL),
('undella-bay', 321, 'surfing', 5.00, 35, 70, 'Autumn', NULL),
('undella-bay', 363, 'surfing', 30.00, 25, 55, 'Winter', NULL),
('undella-bay', 364, 'surfing', 30.00, 25, 60, 'Winter', NULL),
('undella-bay', 365, 'surfing', 5.00, 35, 70, 'Winter', NULL),
('undella-bay', 370, 'fishing_super', 45.00, 35, 60, NULL, NULL),
('undella-bay', 458, 'surfing', 30.00, 25, 55, 'Spring', NULL),
('undella-bay', 458, 'surfing', 30.00, 25, 55, 'Summer', NULL),
('undella-bay', 458, 'surfing', 30.00, 25, 55, 'Autumn', NULL),
('route-14', 39, 'walking', 40.00, 48, 58, NULL, NULL),
('route-14', 40, 'walking', 5.00, 50, 50, NULL, NULL),
('route-14', 55, 'walking', 40.00, 47, 57, NULL, NULL),
('route-14', 118, 'fishing_super', 100.00, 35, 60, NULL, NULL),
('route-14', 119, 'fishing_super', 20.00, 35, 70, NULL, NULL),
('route-14', 213, 'walking', 10.00, 49, 59, NULL, NULL),
('route-14', 334, 'walking', 20.00, 49, 59, NULL, NULL),
('route-14', 357, 'walking', 30.00, 48, 60, NULL, NULL),
('route-14', 418, 'surfing', 90.00, 25, 60, NULL, NULL),
('route-14', 419, 'surfing', 10.00, 35, 70, NULL, NULL),
('route-14', 426, 'walking', 20.00, 49, 59, NULL, NULL),
('route-14', 531, 'walking', 85.00, 47, 50, NULL, NULL),
('route-14', 550, 'fishing_super', 40.00, 35, 55, NULL, NULL),
('route-14', 550, 'surfing', 70.00, 25, 55, NULL, NULL),
('route-14', 587, 'walking', 10.00, 48, 48, NULL, NULL),
('route-14', 606, 'walking', 20.00, 48, 60, NULL, NULL),
('route-14', 619, 'walking', 10.00, 49, 49, NULL, NULL),
('route-14', 620, 'walking', 10.00, 59, 59, NULL, NULL),
('route-14', 10016, 'fishing_super', 40.00, 35, 60, NULL, NULL),
('route-14', 10016, 'surfing', 30.00, 25, 60, NULL, NULL),
('abundant-shrine', 37, 'walking', 40.00, 47, 57, NULL, NULL),
('abundant-shrine', 38, 'walking', 5.00, 50, 50, NULL, NULL),
('abundant-shrine', 79, 'surfing', 90.00, 25, 60, NULL, NULL),
('abundant-shrine', 80, 'surfing', 5.00, 35, 70, NULL, NULL),
('abundant-shrine', 118, 'fishing_super', 100.00, 35, 60, NULL, NULL),
('abundant-shrine', 119, 'fishing_super', 20.00, 35, 70, NULL, NULL),
('abundant-shrine', 164, 'walking', 30.00, 48, 60, NULL, NULL),
('abundant-shrine', 198, 'walking', 10.00, 48, 58, NULL, NULL),
('abundant-shrine', 199, 'surfing', 5.00, 35, 70, NULL, NULL),
('abundant-shrine', 234, 'walking', 20.00, 48, 58, NULL, NULL),
('abundant-shrine', 358, 'walking', 60.00, 47, 59, NULL, NULL),
('abundant-shrine', 430, 'walking', 5.00, 50, 50, NULL, NULL),
('abundant-shrine', 437, 'walking', 20.00, 48, 60, NULL, NULL),
('abundant-shrine', 531, 'walking', 75.00, 47, 50, NULL, NULL),
('abundant-shrine', 546, 'walking', 20.00, 48, 58, NULL, NULL),
('abundant-shrine', 547, 'walking', 5.00, 50, 50, NULL, NULL),
('abundant-shrine', 550, 'fishing_super', 40.00, 35, 55, NULL, NULL),
('abundant-shrine', 550, 'surfing', 70.00, 25, 55, NULL, NULL),
('abundant-shrine', 587, 'walking', 10.00, 48, 48, NULL, NULL),
('abundant-shrine', 645, 'static', 100.00, 70, 70, 'special-encounter-couldnt-capture-before', NULL),
('abundant-shrine', 10016, 'fishing_super', 40.00, 35, 60, NULL, NULL),
('abundant-shrine', 10016, 'surfing', 30.00, 25, 60, NULL, NULL),
('route-15', 22, 'walking', 60.00, 48, 60, NULL, NULL),
('route-15', 105, 'walking', 40.00, 47, 57, NULL, NULL),
('route-15', 115, 'walking', 20.00, 49, 59, NULL, NULL),
('route-15', 207, 'walking', 25.00, 47, 57, NULL, NULL),
('route-15', 247, 'walking', 20.00, 48, 59, NULL, NULL),
('route-15', 248, 'walking', 5.00, 50, 50, NULL, NULL),
('route-15', 472, 'walking', 5.00, 50, 50, NULL, NULL),
('route-15', 505, 'walking', 5.00, 60, 60, NULL, NULL),
('route-15', 531, 'walking', 75.00, 47, 50, NULL, NULL),
('route-15', 538, 'walking', 5.00, 50, 50, NULL, NULL),
('route-15', 539, 'walking', 30.00, 48, 59, NULL, NULL),
('route-15', 587, 'walking', 10.00, 48, 48, NULL, NULL),
('route-16', 510, 'walking', 40.00, 20, 25, NULL, NULL),
('route-16', 531, 'walking', 85.00, 19, 22, NULL, NULL),
('route-16', 568, 'walking', 40.00, 19, 24, NULL, NULL),
('route-16', 572, 'walking', 60.00, 19, 25, NULL, NULL),
('route-16', 573, 'walking', 5.00, 22, 22, NULL, NULL),
('route-16', 574, 'walking', 60.00, 19, 25, NULL, NULL),
('route-16', 587, 'walking', 10.00, 20, 20, NULL, NULL),
('lostlorn-forest', 118, 'fishing_super', 120.00, 35, 70, NULL, NULL),
('lostlorn-forest', 511, 'walking', 10.00, 20, 20, NULL, NULL),
('lostlorn-forest', 513, 'walking', 10.00, 20, 20, NULL, NULL),
('lostlorn-forest', 515, 'walking', 10.00, 20, 20, NULL, NULL),
('lostlorn-forest', 520, 'walking', 30.00, 21, 25, NULL, NULL),
('lostlorn-forest', 521, 'walking', 5.00, 22, 22, NULL, NULL),
('lostlorn-forest', 531, 'walking', 45.00, 19, 21, NULL, NULL),
('lostlorn-forest', 541, 'walking', 70.00, 20, 25, NULL, NULL),
('lostlorn-forest', 542, 'walking', 5.00, 22, 22, NULL, NULL),
('lostlorn-forest', 543, 'walking', 30.00, 20, 24, NULL, NULL),
('lostlorn-forest', 546, 'walking', 70.00, 19, 25, NULL, NULL),
('lostlorn-forest', 547, 'walking', 5.00, 22, 22, NULL, NULL),
('lostlorn-forest', 550, 'fishing_super', 40.00, 35, 55, NULL, NULL),
('lostlorn-forest', 550, 'surfing', 100.00, 5, 20, NULL, NULL),
('lostlorn-forest', 571, 'static', 100.00, 25, 25, NULL, NULL),
('lostlorn-forest', 587, 'walking', 10.00, 20, 20, NULL, NULL),
('lostlorn-forest', 10016, 'fishing_super', 40.00, 35, 60, NULL, NULL),
('lostlorn-forest', 10016, 'surfing', 100.00, 5, 20, NULL, NULL),
('route-17', 116, 'fishing_super', 55.00, 35, 55, NULL, NULL),
('route-17', 117, 'fishing_super', 40.00, 35, 60, NULL, NULL),
('route-17', 211, 'fishing_super', 40.00, 35, 60, NULL, NULL),
('route-17', 230, 'fishing_super', 5.00, 45, 70, NULL, NULL),
('route-17', 456, 'fishing_super', 45.00, 35, 55, NULL, NULL),
('route-17', 457, 'fishing_super', 15.00, 35, 70, NULL, NULL),
('route-17', 592, 'surfing', 100.00, 5, 15, NULL, NULL),
('route-17', 593, 'surfing', 5.00, 5, 20, NULL, NULL),
('route-17', 594, 'surfing', 95.00, 5, 20, NULL, NULL),
('route-18', 116, 'fishing_super', 55.00, 35, 55, NULL, NULL),
('route-18', 117, 'fishing_super', 40.00, 35, 60, NULL, NULL),
('route-18', 170, 'fishing_super', 1.00, 35, 55, NULL, NULL),
('route-18', 211, 'fishing_super', 40.00, 35, 60, NULL, NULL),
('route-18', 230, 'fishing_super', 5.00, 45, 70, NULL, NULL),
('route-18', 456, 'fishing_super', 44.00, 35, 55, NULL, NULL),
('route-18', 457, 'fishing_super', 15.00, 35, 70, NULL, NULL),
('route-18', 505, 'walking', 40.00, 28, 34, NULL, NULL),
('route-18', 531, 'walking', 95.00, 28, 31, NULL, NULL),
('route-18', 538, 'walking', 5.00, 31, 31, NULL, NULL),
('route-18', 539, 'walking', 20.00, 29, 35, NULL, NULL),
('route-18', 557, 'walking', 30.00, 30, 31, NULL, NULL),
('route-18', 558, 'walking', 30.00, 34, 35, NULL, NULL),
('route-18', 559, 'walking', 80.00, 28, 35, NULL, NULL),
('route-18', 592, 'surfing', 100.00, 5, 15, NULL, NULL),
('route-18', 593, 'surfing', 5.00, 5, 20, NULL, NULL),
('route-18', 594, 'surfing', 95.00, 5, 20, NULL, NULL),
('route-18', 636, 'gift', 100.00, 1, 1, NULL, NULL),
('p2-laboratory', 116, 'fishing_super', 55.00, 35, 55, NULL, NULL),
('p2-laboratory', 117, 'fishing_super', 40.00, 35, 60, NULL, NULL),
('p2-laboratory', 211, 'fishing_super', 40.00, 35, 60, NULL, NULL),
('p2-laboratory', 230, 'fishing_super', 5.00, 45, 70, NULL, NULL),
('p2-laboratory', 456, 'fishing_super', 45.00, 35, 55, NULL, NULL),
('p2-laboratory', 457, 'fishing_super', 15.00, 35, 70, NULL, NULL),
('p2-laboratory', 505, 'walking', 36.00, 28, 31, NULL, NULL),
('p2-laboratory', 507, 'walking', 36.00, 28, 31, NULL, NULL),
('p2-laboratory', 508, 'walking', 5.00, 31, 31, NULL, NULL),
('p2-laboratory', 531, 'walking', 95.00, 28, 31, NULL, NULL),
('p2-laboratory', 559, 'walking', 14.00, 29, 31, NULL, NULL),
('p2-laboratory', 592, 'surfing', 100.00, 5, 15, NULL, NULL),
('p2-laboratory', 593, 'surfing', 5.00, 5, 20, NULL, NULL),
('p2-laboratory', 594, 'surfing', 95.00, 5, 20, NULL, NULL),
('p2-laboratory', 599, 'walking', 14.00, 29, 31, NULL, NULL),
('challengers-cave', 75, 'walking', 60.00, 47, 49, NULL, NULL),
('challengers-cave', 108, 'walking', 45.00, 49, 50, NULL, NULL),
('challengers-cave', 302, 'walking', 30.00, 49, 49, NULL, NULL),
('challengers-cave', 303, 'walking', 30.00, 49, 49, NULL, NULL),
('challengers-cave', 525, 'walking', 60.00, 48, 48, NULL, NULL),
('challengers-cave', 527, 'walking', 60.00, 47, 47, NULL, NULL),
('challengers-cave', 530, 'walking', 300.00, 47, 50, NULL, NULL),
('challengers-cave', 447, 'walking', 15.00, 49, 50, NULL, NULL),
('challengers-cave', 60, 'fishing_super', 45.00, 35, 55, NULL, NULL),
('challengers-cave', 61, 'fishing_super', 70.00, 35, 70, NULL, NULL),
('challengers-cave', 62, 'fishing_super', 5.00, 45, 70, NULL, NULL),
('challengers-cave', 550, 'fishing_super', 40.00, 35, 55, NULL, NULL),
('challengers-cave', 550, 'surfing', 100.00, 25, 55, NULL, NULL),
('challengers-cave', 10016, 'fishing_super', 40.00, 35, 60, NULL, NULL),
('challengers-cave', 10016, 'surfing', 100.00, 25, 70, NULL, NULL),
('giant-chasm', 42, 'walking', 70.00, 47, 60, NULL, NULL),
('giant-chasm', 114, 'walking', 50.00, 47, 59, NULL, NULL),
('giant-chasm', 169, 'walking', 5.00, 50, 50, NULL, NULL),
('giant-chasm', 277, 'walking', 40.00, 47, 57, NULL, NULL),
('giant-chasm', 337, 'walking', 60.00, 48, 65, NULL, NULL),
('giant-chasm', 338, 'walking', 60.00, 48, 65, NULL, NULL),
('giant-chasm', 359, 'walking', 20.00, 48, 60, NULL, NULL),
('giant-chasm', 426, 'walking', 20.00, 49, 59, NULL, NULL),
('giant-chasm', 465, 'walking', 5.00, 50, 50, NULL, NULL),
('giant-chasm', 531, 'walking', 165.00, 47, 55, NULL, NULL),
('giant-chasm', 587, 'walking', 10.00, 48, 48, NULL, NULL),
('giant-chasm', 60, 'fishing_super', 90.00, 35, 55, NULL, NULL),
('giant-chasm', 61, 'fishing_super', 140.00, 35, 70, NULL, NULL),
('giant-chasm', 62, 'fishing_super', 10.00, 45, 70, NULL, NULL),
('giant-chasm', 86, 'surfing', 180.00, 25, 60, NULL, NULL),
('giant-chasm', 87, 'surfing', 20.00, 35, 70, NULL, NULL),
('giant-chasm', 124, 'walking', 20.00, 48, 60, NULL, NULL),
('giant-chasm', 215, 'walking', 20.00, 48, 58, NULL, NULL),
('giant-chasm', 221, 'walking', 100.00, 47, 64, NULL, NULL),
('giant-chasm', 225, 'walking', 20.00, 48, 58, NULL, NULL),
('giant-chasm', 525, 'walking', 10.00, 49, 59, NULL, NULL),
('giant-chasm', 530, 'walking', 200.00, 47, 60, NULL, NULL),
('giant-chasm', 550, 'fishing_super', 80.00, 35, 55, NULL, NULL),
('giant-chasm', 550, 'surfing', 140.00, 25, 55, NULL, NULL),
('giant-chasm', 10016, 'fishing_super', 80.00, 35, 60, NULL, NULL),
('giant-chasm', 10016, 'surfing', 60.00, 25, 60, NULL, NULL),
('giant-chasm', 35, 'walking', 60.00, 52, 64, NULL, NULL),
('giant-chasm', 36, 'walking', 5.00, 55, 55, NULL, NULL),
('giant-chasm', 132, 'walking', 30.00, 53, 65, NULL, NULL),
('giant-chasm', 375, 'walking', 20.00, 53, 65, NULL, NULL),
('giant-chasm', 376, 'walking', 5.00, 55, 55, NULL, NULL),
('giant-chasm', 473, 'walking', 5.00, 55, 55, NULL, NULL),
('giant-chasm', 646, 'static', 100.00, 75, 75, NULL, NULL),
('mistralton-cave', 525, 'walking', 50.00, 28, 31, NULL, NULL),
('mistralton-cave', 527, 'walking', 30.00, 28, 30, NULL, NULL),
('mistralton-cave', 529, 'walking', 100.00, 28, 31, NULL, NULL),
('mistralton-cave', 610, 'walking', 20.00, 30, 31, NULL, NULL),
('mistralton-cave', 638, 'static', 100.00, 42, 42, NULL, NULL);

INSERT INTO public.encounters (route_id, pokemon_national_dex_id, method, encounter_rate, level_min, level_max, conditions, version_exclusive)
SELECT r.id, e.dex, e.method, e.rate, e.lmin, e.lmax, NULLIF(e.cond, ''), NULLIF(e.ver_excl, '')
FROM _enc e JOIN public.routes r ON r.slug = e.slug AND r.game_id = 'f2a3b4c5-d6e7-8901-f234-567890123456';

DROP TABLE _enc;

-- ===========================================
-- STEP 5: BOSS TRAINERS
-- ===========================================

-- Cilan (Gym Leader)
DO $$
DECLARE
  v_trainer_id UUID;
  v_route_id UUID;
BEGIN
  SELECT id INTO v_route_id FROM public.routes WHERE slug = 'striaton-city' AND game_id = 'f2a3b4c5-d6e7-8901-f234-567890123456';
  INSERT INTO public.trainers (route_id, name, trainer_class, is_boss, boss_type, level_cap, display_order, notes)
  VALUES (v_route_id, 'Cilan', 'Gym Leader', true, 'gym_leader', 14, 1, 'Grass-type. Fought if you chose Oshawott. Trio Badge.')
  RETURNING id INTO v_trainer_id;

  INSERT INTO public.trainer_pokemon (trainer_id, pokemon_national_dex_id, level, slot_order, moves, ability, held_item, nature)
  VALUES (v_trainer_id, 506, 12, 1, '["Tackle", "Bite"]'::jsonb, 'Vital Spirit', NULL, NULL);
  INSERT INTO public.trainer_pokemon (trainer_id, pokemon_national_dex_id, level, slot_order, moves, ability, held_item, nature)
  VALUES (v_trainer_id, 511, 14, 2, '["Vine Whip", "Work Up"]'::jsonb, 'Gluttony', NULL, NULL);
END $$;

-- Chili (Gym Leader)
DO $$
DECLARE
  v_trainer_id UUID;
  v_route_id UUID;
BEGIN
  SELECT id INTO v_route_id FROM public.routes WHERE slug = 'striaton-city' AND game_id = 'f2a3b4c5-d6e7-8901-f234-567890123456';
  INSERT INTO public.trainers (route_id, name, trainer_class, is_boss, boss_type, level_cap, display_order, notes)
  VALUES (v_route_id, 'Chili', 'Gym Leader', true, 'gym_leader', 14, 2, 'Fire-type. Fought if you chose Snivy. Trio Badge.')
  RETURNING id INTO v_trainer_id;

  INSERT INTO public.trainer_pokemon (trainer_id, pokemon_national_dex_id, level, slot_order, moves, ability, held_item, nature)
  VALUES (v_trainer_id, 506, 12, 1, '["Tackle", "Bite"]'::jsonb, 'Vital Spirit', NULL, NULL);
  INSERT INTO public.trainer_pokemon (trainer_id, pokemon_national_dex_id, level, slot_order, moves, ability, held_item, nature)
  VALUES (v_trainer_id, 513, 14, 2, '["Incinerate", "Work Up"]'::jsonb, 'Gluttony', NULL, NULL);
END $$;

-- Cress (Gym Leader)
DO $$
DECLARE
  v_trainer_id UUID;
  v_route_id UUID;
BEGIN
  SELECT id INTO v_route_id FROM public.routes WHERE slug = 'striaton-city' AND game_id = 'f2a3b4c5-d6e7-8901-f234-567890123456';
  INSERT INTO public.trainers (route_id, name, trainer_class, is_boss, boss_type, level_cap, display_order, notes)
  VALUES (v_route_id, 'Cress', 'Gym Leader', true, 'gym_leader', 14, 3, 'Water-type. Fought if you chose Tepig. Trio Badge.')
  RETURNING id INTO v_trainer_id;

  INSERT INTO public.trainer_pokemon (trainer_id, pokemon_national_dex_id, level, slot_order, moves, ability, held_item, nature)
  VALUES (v_trainer_id, 506, 12, 1, '["Tackle", "Bite"]'::jsonb, 'Vital Spirit', NULL, NULL);
  INSERT INTO public.trainer_pokemon (trainer_id, pokemon_national_dex_id, level, slot_order, moves, ability, held_item, nature)
  VALUES (v_trainer_id, 515, 14, 2, '["Water Gun", "Work Up"]'::jsonb, 'Gluttony', NULL, NULL);
END $$;

-- Lenora (Gym Leader)
DO $$
DECLARE
  v_trainer_id UUID;
  v_route_id UUID;
BEGIN
  SELECT id INTO v_route_id FROM public.routes WHERE slug = 'nacrene-city' AND game_id = 'f2a3b4c5-d6e7-8901-f234-567890123456';
  INSERT INTO public.trainers (route_id, name, trainer_class, is_boss, boss_type, level_cap, display_order, notes)
  VALUES (v_route_id, 'Lenora', 'Gym Leader', true, 'gym_leader', 20, 1, 'Normal-type specialist. Basic Badge.')
  RETURNING id INTO v_trainer_id;

  INSERT INTO public.trainer_pokemon (trainer_id, pokemon_national_dex_id, level, slot_order, moves, ability, held_item, nature)
  VALUES (v_trainer_id, 507, 18, 1, '["Bite", "Retaliate", "Take Down", "Leer"]'::jsonb, 'Intimidate', NULL, NULL);
  INSERT INTO public.trainer_pokemon (trainer_id, pokemon_national_dex_id, level, slot_order, moves, ability, held_item, nature)
  VALUES (v_trainer_id, 505, 20, 2, '["Hypnosis", "Retaliate", "Crunch", "Leer"]'::jsonb, 'Illuminate', NULL, NULL);
END $$;

-- Burgh (Gym Leader)
DO $$
DECLARE
  v_trainer_id UUID;
  v_route_id UUID;
BEGIN
  SELECT id INTO v_route_id FROM public.routes WHERE slug = 'castelia-city' AND game_id = 'f2a3b4c5-d6e7-8901-f234-567890123456';
  INSERT INTO public.trainers (route_id, name, trainer_class, is_boss, boss_type, level_cap, display_order, notes)
  VALUES (v_route_id, 'Burgh', 'Gym Leader', true, 'gym_leader', 23, 1, 'Bug-type specialist. Insect Badge.')
  RETURNING id INTO v_trainer_id;

  INSERT INTO public.trainer_pokemon (trainer_id, pokemon_national_dex_id, level, slot_order, moves, ability, held_item, nature)
  VALUES (v_trainer_id, 544, 21, 1, '["Poison Tail", "Screech", "Pursuit", "Bug Bite"]'::jsonb, 'Poison Point', NULL, NULL);
  INSERT INTO public.trainer_pokemon (trainer_id, pokemon_national_dex_id, level, slot_order, moves, ability, held_item, nature)
  VALUES (v_trainer_id, 557, 21, 2, '["Faint Attack", "Smack Down", "Bug Bite", "Sand-Attack"]'::jsonb, 'Sturdy', NULL, NULL);
  INSERT INTO public.trainer_pokemon (trainer_id, pokemon_national_dex_id, level, slot_order, moves, ability, held_item, nature)
  VALUES (v_trainer_id, 542, 23, 3, '["Razor Leaf", "String Shot", "Bug Bite", "Cut"]'::jsonb, 'Swarm', NULL, NULL);
END $$;

-- Elesa (Gym Leader)
DO $$
DECLARE
  v_trainer_id UUID;
  v_route_id UUID;
BEGIN
  SELECT id INTO v_route_id FROM public.routes WHERE slug = 'nimbasa-city' AND game_id = 'f2a3b4c5-d6e7-8901-f234-567890123456';
  INSERT INTO public.trainers (route_id, name, trainer_class, is_boss, boss_type, level_cap, display_order, notes)
  VALUES (v_route_id, 'Elesa', 'Gym Leader', true, 'gym_leader', 27, 1, 'Electric-type specialist. Bolt Badge.')
  RETURNING id INTO v_trainer_id;

  INSERT INTO public.trainer_pokemon (trainer_id, pokemon_national_dex_id, level, slot_order, moves, ability, held_item, nature)
  VALUES (v_trainer_id, 587, 25, 1, '["Volt Switch", "Aerial Ace", "Quick Attack", "Pursuit"]'::jsonb, 'Static', NULL, NULL);
  INSERT INTO public.trainer_pokemon (trainer_id, pokemon_national_dex_id, level, slot_order, moves, ability, held_item, nature)
  VALUES (v_trainer_id, 587, 25, 2, '["Volt Switch", "Aerial Ace", "Quick Attack", "Pursuit"]'::jsonb, 'Static', NULL, NULL);
  INSERT INTO public.trainer_pokemon (trainer_id, pokemon_national_dex_id, level, slot_order, moves, ability, held_item, nature)
  VALUES (v_trainer_id, 523, 27, 3, '["Volt Switch", "Flame Charge", "Spark", "Quick Attack"]'::jsonb, 'Lightning Rod', NULL, NULL);
END $$;

-- Clay (Gym Leader)
DO $$
DECLARE
  v_trainer_id UUID;
  v_route_id UUID;
BEGIN
  SELECT id INTO v_route_id FROM public.routes WHERE slug = 'driftveil-city' AND game_id = 'f2a3b4c5-d6e7-8901-f234-567890123456';
  INSERT INTO public.trainers (route_id, name, trainer_class, is_boss, boss_type, level_cap, display_order, notes)
  VALUES (v_route_id, 'Clay', 'Gym Leader', true, 'gym_leader', 31, 1, 'Ground-type specialist. Quake Badge.')
  RETURNING id INTO v_trainer_id;

  INSERT INTO public.trainer_pokemon (trainer_id, pokemon_national_dex_id, level, slot_order, moves, ability, held_item, nature)
  VALUES (v_trainer_id, 552, 29, 1, '["Crunch", "Torment", "Bulldoze", "Swagger"]'::jsonb, 'Intimidate', NULL, NULL);
  INSERT INTO public.trainer_pokemon (trainer_id, pokemon_national_dex_id, level, slot_order, moves, ability, held_item, nature)
  VALUES (v_trainer_id, 536, 29, 2, '["Muddy Water", "BubbleBeam", "Mud Shot", "Aqua Ring"]'::jsonb, 'Swift Swim', NULL, NULL);
  INSERT INTO public.trainer_pokemon (trainer_id, pokemon_national_dex_id, level, slot_order, moves, ability, held_item, nature)
  VALUES (v_trainer_id, 530, 31, 3, '["Bulldoze", "Slash", "Metal Claw", "Hone Claws"]'::jsonb, 'Sand Rush', NULL, NULL);
END $$;

-- Skyla (Gym Leader)
DO $$
DECLARE
  v_trainer_id UUID;
  v_route_id UUID;
BEGIN
  SELECT id INTO v_route_id FROM public.routes WHERE slug = 'mistralton-city' AND game_id = 'f2a3b4c5-d6e7-8901-f234-567890123456';
  INSERT INTO public.trainers (route_id, name, trainer_class, is_boss, boss_type, level_cap, display_order, notes)
  VALUES (v_route_id, 'Skyla', 'Gym Leader', true, 'gym_leader', 35, 1, 'Flying-type specialist. Jet Badge.')
  RETURNING id INTO v_trainer_id;

  INSERT INTO public.trainer_pokemon (trainer_id, pokemon_national_dex_id, level, slot_order, moves, ability, held_item, nature)
  VALUES (v_trainer_id, 528, 33, 1, '["Heart Stamp", "Acrobatics", "Assurance", "Attract"]'::jsonb, 'Unaware', NULL, NULL);
  INSERT INTO public.trainer_pokemon (trainer_id, pokemon_national_dex_id, level, slot_order, moves, ability, held_item, nature)
  VALUES (v_trainer_id, 521, 33, 2, '["Air Slash", "Razor Wind", "Quick Attack", "Leer"]'::jsonb, 'Super Luck', NULL, NULL);
  INSERT INTO public.trainer_pokemon (trainer_id, pokemon_national_dex_id, level, slot_order, moves, ability, held_item, nature)
  VALUES (v_trainer_id, 581, 35, 3, '["Air Slash", "BubbleBeam", "Aerial Ace", "FeatherDance"]'::jsonb, 'Keen Eye', NULL, NULL);
END $$;

-- Brycen (Gym Leader)
DO $$
DECLARE
  v_trainer_id UUID;
  v_route_id UUID;
BEGIN
  SELECT id INTO v_route_id FROM public.routes WHERE slug = 'icirrus-city' AND game_id = 'f2a3b4c5-d6e7-8901-f234-567890123456';
  INSERT INTO public.trainers (route_id, name, trainer_class, is_boss, boss_type, level_cap, display_order, notes)
  VALUES (v_route_id, 'Brycen', 'Gym Leader', true, 'gym_leader', 39, 1, 'Ice-type specialist. Freeze Badge.')
  RETURNING id INTO v_trainer_id;

  INSERT INTO public.trainer_pokemon (trainer_id, pokemon_national_dex_id, level, slot_order, moves, ability, held_item, nature)
  VALUES (v_trainer_id, 583, 37, 1, '["Frost Breath", "Acid Armor", "Astonish", "Mirror Shot"]'::jsonb, 'Ice Body', NULL, NULL);
  INSERT INTO public.trainer_pokemon (trainer_id, pokemon_national_dex_id, level, slot_order, moves, ability, held_item, nature)
  VALUES (v_trainer_id, 615, 37, 2, '["Frost Breath", "Aurora Beam", "Reflect", "Rapid Spin"]'::jsonb, 'Levitate', NULL, NULL);
  INSERT INTO public.trainer_pokemon (trainer_id, pokemon_national_dex_id, level, slot_order, moves, ability, held_item, nature)
  VALUES (v_trainer_id, 614, 39, 3, '["Icicle Crash", "Brine", "Swagger", "Slash"]'::jsonb, 'Snow Cloak', NULL, NULL);
END $$;

-- Shauntal (Elite Four)
DO $$
DECLARE
  v_trainer_id UUID;
  v_route_id UUID;
BEGIN
  SELECT id INTO v_route_id FROM public.routes WHERE slug = 'pokemon-league' AND game_id = 'f2a3b4c5-d6e7-8901-f234-567890123456';
  INSERT INTO public.trainers (route_id, name, trainer_class, is_boss, boss_type, level_cap, display_order, notes)
  VALUES (v_route_id, 'Shauntal', 'Elite Four', true, 'elite_four', 50, 1, 'Ghost-type specialist.')
  RETURNING id INTO v_trainer_id;

  INSERT INTO public.trainer_pokemon (trainer_id, pokemon_national_dex_id, level, slot_order, moves, ability, held_item, nature)
  VALUES (v_trainer_id, 563, 48, 1, '["Shadow Ball", "Psychic", "Will-O-Wisp", "Grass Knot"]'::jsonb, 'Mummy', NULL, NULL);
  INSERT INTO public.trainer_pokemon (trainer_id, pokemon_national_dex_id, level, slot_order, moves, ability, held_item, nature)
  VALUES (v_trainer_id, 593, 48, 2, '["Shadow Ball", "Surf", "Energy Ball", "Brine"]'::jsonb, 'Cursed Body', NULL, NULL);
  INSERT INTO public.trainer_pokemon (trainer_id, pokemon_national_dex_id, level, slot_order, moves, ability, held_item, nature)
  VALUES (v_trainer_id, 623, 48, 3, '["Shadow Punch", "Earthquake", "Brick Break", "Curse"]'::jsonb, 'Iron Fist', NULL, NULL);
  INSERT INTO public.trainer_pokemon (trainer_id, pokemon_national_dex_id, level, slot_order, moves, ability, held_item, nature)
  VALUES (v_trainer_id, 609, 50, 4, '["Shadow Ball", "Fire Blast", "Energy Ball", "Psychic"]'::jsonb, 'Flame Body', NULL, NULL);
END $$;

-- Marshal (Elite Four)
DO $$
DECLARE
  v_trainer_id UUID;
  v_route_id UUID;
BEGIN
  SELECT id INTO v_route_id FROM public.routes WHERE slug = 'pokemon-league' AND game_id = 'f2a3b4c5-d6e7-8901-f234-567890123456';
  INSERT INTO public.trainers (route_id, name, trainer_class, is_boss, boss_type, level_cap, display_order, notes)
  VALUES (v_route_id, 'Marshal', 'Elite Four', true, 'elite_four', 50, 2, 'Fighting-type specialist.')
  RETURNING id INTO v_trainer_id;

  INSERT INTO public.trainer_pokemon (trainer_id, pokemon_national_dex_id, level, slot_order, moves, ability, held_item, nature)
  VALUES (v_trainer_id, 538, 48, 1, '["Storm Throw", "Stone Edge", "Bulldoze", "Payback"]'::jsonb, 'Guts', NULL, NULL);
  INSERT INTO public.trainer_pokemon (trainer_id, pokemon_national_dex_id, level, slot_order, moves, ability, held_item, nature)
  VALUES (v_trainer_id, 539, 48, 2, '["Karate Chop", "Retaliate", "Rock Slide", "Grass Knot"]'::jsonb, 'Sturdy', NULL, NULL);
  INSERT INTO public.trainer_pokemon (trainer_id, pokemon_national_dex_id, level, slot_order, moves, ability, held_item, nature)
  VALUES (v_trainer_id, 534, 48, 3, '["Hammer Arm", "Stone Edge", "Bulk Up", "Retaliate"]'::jsonb, 'Guts', NULL, NULL);
  INSERT INTO public.trainer_pokemon (trainer_id, pokemon_national_dex_id, level, slot_order, moves, ability, held_item, nature)
  VALUES (v_trainer_id, 620, 50, 4, '["Hi Jump Kick", "U-turn", "Rock Slide", "Retaliate"]'::jsonb, 'Inner Focus', NULL, NULL);
END $$;

-- Grimsley (Elite Four)
DO $$
DECLARE
  v_trainer_id UUID;
  v_route_id UUID;
BEGIN
  SELECT id INTO v_route_id FROM public.routes WHERE slug = 'pokemon-league' AND game_id = 'f2a3b4c5-d6e7-8901-f234-567890123456';
  INSERT INTO public.trainers (route_id, name, trainer_class, is_boss, boss_type, level_cap, display_order, notes)
  VALUES (v_route_id, 'Grimsley', 'Elite Four', true, 'elite_four', 50, 3, 'Dark-type specialist.')
  RETURNING id INTO v_trainer_id;

  INSERT INTO public.trainer_pokemon (trainer_id, pokemon_national_dex_id, level, slot_order, moves, ability, held_item, nature)
  VALUES (v_trainer_id, 560, 48, 1, '["Crunch", "Brick Break", "Poison Jab", "Sand-Attack"]'::jsonb, 'Moxie', NULL, NULL);
  INSERT INTO public.trainer_pokemon (trainer_id, pokemon_national_dex_id, level, slot_order, moves, ability, held_item, nature)
  VALUES (v_trainer_id, 553, 48, 2, '["Crunch", "Earthquake", "Dragon Claw", "Foul Play"]'::jsonb, 'Intimidate', NULL, NULL);
  INSERT INTO public.trainer_pokemon (trainer_id, pokemon_national_dex_id, level, slot_order, moves, ability, held_item, nature)
  VALUES (v_trainer_id, 510, 48, 3, '["Night Slash", "Fake Out", "Aerial Ace", "Attract"]'::jsonb, 'Limber', NULL, NULL);
  INSERT INTO public.trainer_pokemon (trainer_id, pokemon_national_dex_id, level, slot_order, moves, ability, held_item, nature)
  VALUES (v_trainer_id, 625, 50, 4, '["Night Slash", "X-Scissor", "Metal Claw", "Aerial Ace"]'::jsonb, 'Defiant', NULL, NULL);
END $$;

-- Caitlin (Elite Four)
DO $$
DECLARE
  v_trainer_id UUID;
  v_route_id UUID;
BEGIN
  SELECT id INTO v_route_id FROM public.routes WHERE slug = 'pokemon-league' AND game_id = 'f2a3b4c5-d6e7-8901-f234-567890123456';
  INSERT INTO public.trainers (route_id, name, trainer_class, is_boss, boss_type, level_cap, display_order, notes)
  VALUES (v_route_id, 'Caitlin', 'Elite Four', true, 'elite_four', 50, 4, 'Psychic-type specialist.')
  RETURNING id INTO v_trainer_id;

  INSERT INTO public.trainer_pokemon (trainer_id, pokemon_national_dex_id, level, slot_order, moves, ability, held_item, nature)
  VALUES (v_trainer_id, 579, 48, 1, '["Psychic", "Focus Blast", "Energy Ball", "Thunder"]'::jsonb, 'Magic Guard', NULL, NULL);
  INSERT INTO public.trainer_pokemon (trainer_id, pokemon_national_dex_id, level, slot_order, moves, ability, held_item, nature)
  VALUES (v_trainer_id, 518, 48, 2, '["Psychic", "Shadow Ball", "Charge Beam", "Reflect"]'::jsonb, 'Forewarn', NULL, NULL);
  INSERT INTO public.trainer_pokemon (trainer_id, pokemon_national_dex_id, level, slot_order, moves, ability, held_item, nature)
  VALUES (v_trainer_id, 561, 48, 3, '["Psychic", "Air Slash", "Shadow Ball", "Ice Beam"]'::jsonb, 'Magic Guard', NULL, NULL);
  INSERT INTO public.trainer_pokemon (trainer_id, pokemon_national_dex_id, level, slot_order, moves, ability, held_item, nature)
  VALUES (v_trainer_id, 576, 50, 4, '["Psychic", "Thunderbolt", "Shadow Ball", "Calm Mind"]'::jsonb, 'Shadow Tag', NULL, NULL);
END $$;

-- Drayden (Gym Leader)
DO $$
DECLARE
  v_trainer_id UUID;
  v_route_id UUID;
BEGIN
  SELECT id INTO v_route_id FROM public.routes WHERE slug = 'opelucid-city' AND game_id = 'f2a3b4c5-d6e7-8901-f234-567890123456';
  INSERT INTO public.trainers (route_id, name, trainer_class, is_boss, boss_type, level_cap, display_order, notes)
  VALUES (v_route_id, 'Drayden', 'Gym Leader', true, 'gym_leader', 43, 1, 'Dragon-type specialist. Legend Badge. Black version.')
  RETURNING id INTO v_trainer_id;

  INSERT INTO public.trainer_pokemon (trainer_id, pokemon_national_dex_id, level, slot_order, moves, ability, held_item, nature)
  VALUES (v_trainer_id, 611, 41, 1, '["Dragon Tail", "Dragon Dance", "Assurance", "Slash"]'::jsonb, 'Rivalry', NULL, NULL);
  INSERT INTO public.trainer_pokemon (trainer_id, pokemon_national_dex_id, level, slot_order, moves, ability, held_item, nature)
  VALUES (v_trainer_id, 621, 41, 2, '["Dragon Tail", "Revenge", "Night Slash", "Crunch"]'::jsonb, 'Rough Skin', NULL, NULL);
  INSERT INTO public.trainer_pokemon (trainer_id, pokemon_national_dex_id, level, slot_order, moves, ability, held_item, nature)
  VALUES (v_trainer_id, 612, 43, 3, '["Dragon Tail", "Dragon Dance", "Slash", "Assurance"]'::jsonb, 'Rivalry', NULL, NULL);
END $$;

-- N (Champion)
DO $$
DECLARE
  v_trainer_id UUID;
  v_route_id UUID;
BEGIN
  SELECT id INTO v_route_id FROM public.routes WHERE slug = 'pokemon-league' AND game_id = 'f2a3b4c5-d6e7-8901-f234-567890123456';
  INSERT INTO public.trainers (route_id, name, trainer_class, is_boss, boss_type, level_cap, display_order, notes)
  VALUES (v_route_id, 'N', 'Champion', true, 'champion', 52, 5, 'Final rival battle. Team Plasma King. Zekrom in Black.')
  RETURNING id INTO v_trainer_id;

  INSERT INTO public.trainer_pokemon (trainer_id, pokemon_national_dex_id, level, slot_order, moves, ability, held_item, nature)
  VALUES (v_trainer_id, 644, 52, 1, '["Fusion Bolt", "Zen Headbutt", "Dragon Claw", "Giga Impact"]'::jsonb, 'Teravolt', NULL, NULL);
  INSERT INTO public.trainer_pokemon (trainer_id, pokemon_national_dex_id, level, slot_order, moves, ability, held_item, nature)
  VALUES (v_trainer_id, 565, 50, 2, '["Stone Edge", "Aqua Jet", "Crunch", "Shell Smash"]'::jsonb, 'Solid Rock', NULL, NULL);
  INSERT INTO public.trainer_pokemon (trainer_id, pokemon_national_dex_id, level, slot_order, moves, ability, held_item, nature)
  VALUES (v_trainer_id, 584, 50, 3, '["Blizzard", "Flash Cannon", "Frost Breath", "Hail"]'::jsonb, 'Ice Body', NULL, NULL);
  INSERT INTO public.trainer_pokemon (trainer_id, pokemon_national_dex_id, level, slot_order, moves, ability, held_item, nature)
  VALUES (v_trainer_id, 567, 50, 4, '["Acrobatics", "Stone Edge", "Dragon Claw", "Crunch"]'::jsonb, 'Defeatist', NULL, NULL);
  INSERT INTO public.trainer_pokemon (trainer_id, pokemon_national_dex_id, level, slot_order, moves, ability, held_item, nature)
  VALUES (v_trainer_id, 571, 50, 5, '["Night Slash", "Flamethrower", "Focus Blast", "Retaliate"]'::jsonb, 'Illusion', NULL, NULL);
  INSERT INTO public.trainer_pokemon (trainer_id, pokemon_national_dex_id, level, slot_order, moves, ability, held_item, nature)
  VALUES (v_trainer_id, 601, 50, 6, '["Flash Cannon", "Thunderbolt", "Hyper Beam", "Metal Sound"]'::jsonb, 'Plus', NULL, NULL);
END $$;

-- Ghetsis (Evil Team Leader)
DO $$
DECLARE
  v_trainer_id UUID;
  v_route_id UUID;
BEGIN
  SELECT id INTO v_route_id FROM public.routes WHERE slug = 'pokemon-league' AND game_id = 'f2a3b4c5-d6e7-8901-f234-567890123456';
  INSERT INTO public.trainers (route_id, name, trainer_class, is_boss, boss_type, level_cap, display_order, notes)
  VALUES (v_route_id, 'Ghetsis', 'Evil Team Leader', true, 'evil_team_leader', 54, 6, 'True final boss. Team Plasma leader.')
  RETURNING id INTO v_trainer_id;

  INSERT INTO public.trainer_pokemon (trainer_id, pokemon_national_dex_id, level, slot_order, moves, ability, held_item, nature)
  VALUES (v_trainer_id, 563, 52, 1, '["Shadow Ball", "Psychic", "Toxic", "Protect"]'::jsonb, 'Mummy', NULL, NULL);
  INSERT INTO public.trainer_pokemon (trainer_id, pokemon_national_dex_id, level, slot_order, moves, ability, held_item, nature)
  VALUES (v_trainer_id, 626, 52, 2, '["Head Charge", "Wild Charge", "Earthquake", "Poison Jab"]'::jsonb, 'Reckless', NULL, NULL);
  INSERT INTO public.trainer_pokemon (trainer_id, pokemon_national_dex_id, level, slot_order, moves, ability, held_item, nature)
  VALUES (v_trainer_id, 537, 52, 3, '["Muddy Water", "Earthquake", "Rain Dance", "Sludge Wave"]'::jsonb, 'Swift Swim', NULL, NULL);
  INSERT INTO public.trainer_pokemon (trainer_id, pokemon_national_dex_id, level, slot_order, moves, ability, held_item, nature)
  VALUES (v_trainer_id, 625, 52, 4, '["Night Slash", "X-Scissor", "Stone Edge", "Metal Burst"]'::jsonb, 'Defiant', NULL, NULL);
  INSERT INTO public.trainer_pokemon (trainer_id, pokemon_national_dex_id, level, slot_order, moves, ability, held_item, nature)
  VALUES (v_trainer_id, 604, 52, 5, '["Wild Charge", "Crunch", "Flamethrower", "Acrobatics"]'::jsonb, 'Levitate', NULL, NULL);
  INSERT INTO public.trainer_pokemon (trainer_id, pokemon_national_dex_id, level, slot_order, moves, ability, held_item, nature)
  VALUES (v_trainer_id, 635, 54, 6, '["Dragon Pulse", "Fire Blast", "Surf", "Focus Blast"]'::jsonb, 'Levitate', NULL, NULL);
END $$;

-- Update total_routes count
UPDATE public.games SET total_routes = 52 WHERE id = 'f2a3b4c5-d6e7-8901-f234-567890123456';
-- ===========================================
-- POKEMON WHITE: COMPLETE GAME DATA
-- Official Pokemon Game
-- Gen 5, Unova region
-- ===========================================
-- Game ID: a3b4c5d6-e7f8-9012-a345-678901234567
-- ===========================================

-- STEP 1: Insert the game
INSERT INTO public.games (id, slug, name, generation, region, base_game_slug, is_romhack, sprite_url, total_routes, description)
VALUES (
  'a3b4c5d6-e7f8-9012-a345-678901234567',
  'pokemon-white',
  'Pokemon White',
  5,
  'Unova',
  NULL,
  false,
  'https://raw.githubusercontent.com/PokeAPI/sprites/master/sprites/pokemon/644.png',
  52,
  'Pokemon White Version for Nintendo DS. Set in the Unova region with an all-new Pokedex. Features Reshiram and Team Plasma.'
);

-- ===========================================
-- STEP 2: ALL ROUTES (52 total)
-- ===========================================

INSERT INTO public.routes (game_id, name, slug, display_order, route_type, has_encounters, has_trainers, has_items, notes) VALUES
('a3b4c5d6-e7f8-9012-a345-678901234567', 'Nuvema Town', 'nuvema-town', 1, 'city', true, false, false, 'Starter town. Choose Snivy, Tepig, or Oshawott.'),
('a3b4c5d6-e7f8-9012-a345-678901234567', 'Route 1', 'route-1', 2, 'route', true, false, false, NULL),
('a3b4c5d6-e7f8-9012-a345-678901234567', 'Accumula Town', 'accumula-town', 3, 'city', false, false, false, 'Team Plasma introduction.'),
('a3b4c5d6-e7f8-9012-a345-678901234567', 'Route 2', 'route-2', 4, 'route', true, true, false, NULL),
('a3b4c5d6-e7f8-9012-a345-678901234567', 'Striaton City', 'striaton-city', 5, 'city', false, true, false, 'Gym 1: Cilan/Chili/Cress. Starter-dependent.'),
('a3b4c5d6-e7f8-9012-a345-678901234567', 'Dreamyard', 'dreamyard', 6, 'route', true, true, false, 'Elemental monkey gift.'),
('a3b4c5d6-e7f8-9012-a345-678901234567', 'Route 3', 'route-3', 7, 'route', true, true, false, NULL),
('a3b4c5d6-e7f8-9012-a345-678901234567', 'Wellspring Cave', 'wellspring-cave', 8, 'cave', true, false, false, NULL),
('a3b4c5d6-e7f8-9012-a345-678901234567', 'Nacrene City', 'nacrene-city', 9, 'city', false, true, false, 'Gym Leader Lenora. Normal-type specialist.'),
('a3b4c5d6-e7f8-9012-a345-678901234567', 'Pinwheel Forest', 'pinwheel-forest', 10, 'route', true, true, false, NULL),
('a3b4c5d6-e7f8-9012-a345-678901234567', 'Castelia City', 'castelia-city', 11, 'city', false, true, true, 'Gym Leader Burgh. Bug-type specialist.'),
('a3b4c5d6-e7f8-9012-a345-678901234567', 'Route 4', 'route-4', 12, 'route', true, true, false, NULL),
('a3b4c5d6-e7f8-9012-a345-678901234567', 'Desert Resort', 'desert-resort', 13, 'route', true, true, false, NULL),
('a3b4c5d6-e7f8-9012-a345-678901234567', 'Relic Castle', 'relic-castle', 14, 'cave', true, false, true, NULL),
('a3b4c5d6-e7f8-9012-a345-678901234567', 'Nimbasa City', 'nimbasa-city', 15, 'city', false, true, false, 'Gym Leader Elesa. Electric-type specialist.'),
('a3b4c5d6-e7f8-9012-a345-678901234567', 'Route 5', 'route-5', 16, 'route', true, true, false, NULL),
('a3b4c5d6-e7f8-9012-a345-678901234567', 'Driftveil Drawbridge', 'driftveil-drawbridge', 17, 'route', true, false, false, 'Ducklett wing shadows.'),
('a3b4c5d6-e7f8-9012-a345-678901234567', 'Driftveil City', 'driftveil-city', 18, 'city', false, true, false, 'Gym Leader Clay. Ground-type specialist.'),
('a3b4c5d6-e7f8-9012-a345-678901234567', 'Cold Storage', 'cold-storage', 19, 'building', true, true, false, NULL),
('a3b4c5d6-e7f8-9012-a345-678901234567', 'Route 6', 'route-6', 20, 'route', true, true, false, NULL),
('a3b4c5d6-e7f8-9012-a345-678901234567', 'Chargestone Cave', 'chargestone-cave', 21, 'cave', true, true, true, NULL),
('a3b4c5d6-e7f8-9012-a345-678901234567', 'Mistralton City', 'mistralton-city', 22, 'city', false, true, false, 'Gym Leader Skyla. Flying-type specialist.'),
('a3b4c5d6-e7f8-9012-a345-678901234567', 'Route 7', 'route-7', 23, 'route', true, true, false, NULL),
('a3b4c5d6-e7f8-9012-a345-678901234567', 'Celestial Tower', 'celestial-tower', 24, 'building', true, true, false, NULL),
('a3b4c5d6-e7f8-9012-a345-678901234567', 'Twist Mountain', 'twist-mountain', 25, 'cave', true, true, true, NULL),
('a3b4c5d6-e7f8-9012-a345-678901234567', 'Icirrus City', 'icirrus-city', 26, 'city', true, true, false, 'Gym Leader Brycen. Ice-type specialist.'),
('a3b4c5d6-e7f8-9012-a345-678901234567', 'Dragonspiral Tower', 'dragonspiral-tower', 27, 'building', true, false, false, 'Legendary dragon encounter.'),
('a3b4c5d6-e7f8-9012-a345-678901234567', 'Route 8', 'route-8', 28, 'route', true, true, false, NULL),
('a3b4c5d6-e7f8-9012-a345-678901234567', 'Moor of Icirrus', 'moor-of-icirrus', 29, 'route', true, false, false, NULL),
('a3b4c5d6-e7f8-9012-a345-678901234567', 'Route 9', 'route-9', 30, 'route', true, true, false, NULL),
('a3b4c5d6-e7f8-9012-a345-678901234567', 'Opelucid City', 'opelucid-city', 31, 'city', false, true, false, 'Gym 8: Drayden (Black) / Iris (White). Dragon-type.'),
('a3b4c5d6-e7f8-9012-a345-678901234567', 'Route 10', 'route-10', 32, 'route', true, true, false, NULL),
('a3b4c5d6-e7f8-9012-a345-678901234567', 'Victory Road', 'victory-road', 33, 'cave', true, true, true, NULL),
('a3b4c5d6-e7f8-9012-a345-678901234567', 'Pokemon League', 'pokemon-league', 34, 'building', false, true, false, 'Elite Four and Champion N/Ghetsis.'),
('a3b4c5d6-e7f8-9012-a345-678901234567', 'Route 11', 'route-11', 35, 'route', true, true, false, NULL),
('a3b4c5d6-e7f8-9012-a345-678901234567', 'Village Bridge', 'village-bridge', 36, 'route', true, true, false, NULL),
('a3b4c5d6-e7f8-9012-a345-678901234567', 'Route 12', 'route-12', 37, 'route', true, true, false, NULL),
('a3b4c5d6-e7f8-9012-a345-678901234567', 'Lacunosa Town', 'lacunosa-town', 38, 'city', false, false, false, NULL),
('a3b4c5d6-e7f8-9012-a345-678901234567', 'Route 13', 'route-13', 39, 'route', true, true, false, NULL),
('a3b4c5d6-e7f8-9012-a345-678901234567', 'Undella Town', 'undella-town', 40, 'city', true, false, false, NULL),
('a3b4c5d6-e7f8-9012-a345-678901234567', 'Undella Bay', 'undella-bay', 41, 'water', true, true, false, NULL),
('a3b4c5d6-e7f8-9012-a345-678901234567', 'Route 14', 'route-14', 42, 'route', true, true, false, NULL),
('a3b4c5d6-e7f8-9012-a345-678901234567', 'Abundant Shrine', 'abundant-shrine', 43, 'special', true, false, false, NULL),
('a3b4c5d6-e7f8-9012-a345-678901234567', 'Route 15', 'route-15', 44, 'route', true, true, false, NULL),
('a3b4c5d6-e7f8-9012-a345-678901234567', 'Route 16', 'route-16', 45, 'route', true, true, false, NULL),
('a3b4c5d6-e7f8-9012-a345-678901234567', 'Lostlorn Forest', 'lostlorn-forest', 46, 'route', true, false, false, NULL),
('a3b4c5d6-e7f8-9012-a345-678901234567', 'Route 17', 'route-17', 47, 'water', true, true, false, NULL),
('a3b4c5d6-e7f8-9012-a345-678901234567', 'Route 18', 'route-18', 48, 'route', true, true, false, NULL),
('a3b4c5d6-e7f8-9012-a345-678901234567', 'P2 Laboratory', 'p2-laboratory', 49, 'building', true, false, true, NULL),
('a3b4c5d6-e7f8-9012-a345-678901234567', 'Challenger''s Cave', 'challengers-cave', 50, 'cave', true, true, true, NULL),
('a3b4c5d6-e7f8-9012-a345-678901234567', 'Giant Chasm', 'giant-chasm', 51, 'cave', true, false, true, 'Kyurem encounter.'),
('a3b4c5d6-e7f8-9012-a345-678901234567', 'Mistralton Cave', 'mistralton-cave', 52, 'cave', true, false, true, NULL);

-- ===========================================
-- STEP 3: STARTER POKEMON
-- ===========================================

INSERT INTO public.encounters (route_id, pokemon_national_dex_id, method, encounter_rate, level_min, level_max)
SELECT r.id, 495, 'gift', NULL, 5, 5
FROM public.routes r WHERE r.slug = 'nuvema-town' AND r.game_id = 'a3b4c5d6-e7f8-9012-a345-678901234567';

INSERT INTO public.encounters (route_id, pokemon_national_dex_id, method, encounter_rate, level_min, level_max)
SELECT r.id, 498, 'gift', NULL, 5, 5
FROM public.routes r WHERE r.slug = 'nuvema-town' AND r.game_id = 'a3b4c5d6-e7f8-9012-a345-678901234567';

INSERT INTO public.encounters (route_id, pokemon_national_dex_id, method, encounter_rate, level_min, level_max)
SELECT r.id, 501, 'gift', NULL, 5, 5
FROM public.routes r WHERE r.slug = 'nuvema-town' AND r.game_id = 'a3b4c5d6-e7f8-9012-a345-678901234567';

-- ===========================================
-- STEP 4: ENCOUNTER DATA (581 total)
-- ===========================================

CREATE TEMP TABLE _enc (slug TEXT, dex INT, method TEXT, rate DECIMAL(5,2), lmin INT, lmax INT, cond TEXT, ver_excl TEXT);
INSERT INTO _enc VALUES
('nuvema-town', 495, 'gift', 100.00, 5, 5, NULL, NULL),
('nuvema-town', 498, 'gift', 100.00, 5, 5, NULL, NULL),
('nuvema-town', 501, 'gift', 100.00, 5, 5, NULL, NULL),
('route-1', 349, 'fishing_super', 45.00, 35, 60, NULL, NULL),
('route-1', 350, 'fishing_super', 5.00, 45, 70, NULL, NULL),
('route-1', 504, 'walking', 50.00, 2, 4, NULL, NULL),
('route-1', 505, 'walking', 36.00, 32, 35, NULL, NULL),
('route-1', 506, 'walking', 50.00, 2, 4, NULL, NULL),
('route-1', 507, 'walking', 39.00, 32, 34, NULL, NULL),
('route-1', 531, 'walking', 100.00, 2, 4, NULL, NULL),
('route-1', 550, 'fishing_super', 55.00, 35, 70, NULL, NULL),
('route-1', 550, 'surfing', 100.00, 5, 20, NULL, NULL),
('route-1', 559, 'walking', 25.00, 32, 35, NULL, NULL),
('route-1', 10016, 'fishing_super', 95.00, 35, 55, NULL, NULL),
('route-1', 10016, 'surfing', 100.00, 5, 15, NULL, NULL),
('route-2', 504, 'walking', 40.00, 4, 7, NULL, NULL),
('route-2', 506, 'walking', 40.00, 4, 7, NULL, NULL),
('route-2', 509, 'walking', 20.00, 4, 5, NULL, NULL),
('route-2', 531, 'walking', 100.00, 4, 7, NULL, NULL),
('dreamyard', 20, 'walking', 10.00, 48, 48, NULL, NULL),
('dreamyard', 49, 'walking', 10.00, 48, 50, NULL, NULL),
('dreamyard', 166, 'walking', 10.00, 49, 49, NULL, NULL),
('dreamyard', 168, 'walking', 10.00, 49, 49, NULL, NULL),
('dreamyard', 402, 'walking', 10.00, 48, 50, NULL, NULL),
('dreamyard', 504, 'walking', 40.00, 8, 11, NULL, NULL),
('dreamyard', 505, 'walking', 20.00, 47, 47, NULL, NULL),
('dreamyard', 509, 'walking', 40.00, 8, 11, NULL, NULL),
('dreamyard', 510, 'walking', 20.00, 47, 47, NULL, NULL),
('dreamyard', 511, 'gift', 100.00, 10, 10, NULL, NULL),
('dreamyard', 513, 'gift', 100.00, 10, 10, NULL, NULL),
('dreamyard', 515, 'gift', 100.00, 10, 10, NULL, NULL),
('dreamyard', 517, 'walking', 30.00, 8, 48, NULL, NULL),
('dreamyard', 518, 'walking', 5.00, 11, 11, NULL, NULL),
('dreamyard', 518, 'static', 100.00, 50, 50, 'weekday-friday, defeated-ghetsis', NULL),
('dreamyard', 531, 'walking', 95.00, 8, 11, NULL, NULL),
('route-3', 118, 'fishing_super', 100.00, 35, 60, NULL, NULL),
('route-3', 119, 'fishing_super', 20.00, 35, 70, NULL, NULL),
('route-3', 504, 'walking', 40.00, 8, 10, NULL, NULL),
('route-3', 506, 'walking', 20.00, 9, 11, NULL, NULL),
('route-3', 509, 'walking', 20.00, 9, 11, NULL, NULL),
('route-3', 519, 'walking', 80.00, 8, 13, NULL, NULL),
('route-3', 522, 'walking', 40.00, 8, 13, NULL, NULL),
('route-3', 531, 'walking', 100.00, 8, 11, NULL, NULL),
('route-3', 550, 'fishing_super', 40.00, 35, 60, NULL, NULL),
('route-3', 550, 'surfing', 100.00, 5, 20, NULL, NULL),
('route-3', 10016, 'fishing_super', 40.00, 35, 55, NULL, NULL),
('route-3', 10016, 'surfing', 100.00, 5, 15, NULL, NULL),
('wellspring-cave', 60, 'fishing_super', 45.00, 35, 55, NULL, NULL),
('wellspring-cave', 61, 'fishing_super', 70.00, 35, 60, NULL, NULL),
('wellspring-cave', 62, 'fishing_super', 5.00, 35, 60, NULL, NULL),
('wellspring-cave', 524, 'walking', 50.00, 10, 13, NULL, NULL),
('wellspring-cave', 527, 'walking', 50.00, 10, 13, NULL, NULL),
('wellspring-cave', 529, 'walking', 100.00, 10, 13, NULL, NULL),
('wellspring-cave', 550, 'fishing_super', 40.00, 35, 60, NULL, NULL),
('wellspring-cave', 550, 'surfing', 100.00, 5, 20, NULL, NULL),
('wellspring-cave', 10016, 'fishing_super', 40.00, 35, 55, NULL, NULL),
('wellspring-cave', 10016, 'surfing', 100.00, 5, 15, NULL, NULL),
('pinwheel-forest', 519, 'walking', 75.00, 12, 16, NULL, NULL),
('pinwheel-forest', 531, 'walking', 160.00, 12, 17, NULL, NULL),
('pinwheel-forest', 532, 'walking', 40.00, 13, 16, NULL, NULL),
('pinwheel-forest', 535, 'walking', 80.00, 12, 17, NULL, NULL),
('pinwheel-forest', 538, 'walking', 20.00, 12, 17, NULL, NULL),
('pinwheel-forest', 539, 'walking', 5.00, 15, 15, NULL, NULL),
('pinwheel-forest', 118, 'fishing_super', 100.00, 35, 60, NULL, NULL),
('pinwheel-forest', 119, 'fishing_super', 20.00, 35, 70, NULL, NULL),
('pinwheel-forest', 511, 'walking', 10.00, 15, 15, NULL, NULL),
('pinwheel-forest', 513, 'walking', 10.00, 15, 15, NULL, NULL),
('pinwheel-forest', 515, 'walking', 10.00, 15, 15, NULL, NULL),
('pinwheel-forest', 520, 'walking', 15.00, 23, 24, NULL, NULL),
('pinwheel-forest', 540, 'walking', 35.00, 14, 17, NULL, NULL),
('pinwheel-forest', 541, 'walking', 35.00, 22, 25, NULL, NULL),
('pinwheel-forest', 543, 'walking', 15.00, 15, 16, NULL, NULL),
('pinwheel-forest', 544, 'walking', 15.00, 23, 24, NULL, NULL),
('pinwheel-forest', 548, 'walking', 70.00, 14, 25, NULL, NULL),
('pinwheel-forest', 549, 'walking', 5.00, 17, 17, NULL, NULL),
('pinwheel-forest', 550, 'fishing_super', 40.00, 35, 60, NULL, NULL),
('pinwheel-forest', 550, 'surfing', 100.00, 5, 20, NULL, NULL),
('pinwheel-forest', 10016, 'fishing_super', 40.00, 35, 55, NULL, NULL),
('pinwheel-forest', 10016, 'surfing', 100.00, 5, 20, NULL, NULL),
('route-4', 98, 'fishing_super', 55.00, 35, 55, NULL, NULL),
('route-4', 99, 'fishing_super', 15.00, 35, 70, NULL, NULL),
('route-4', 366, 'fishing_super', 40.00, 35, 55, NULL, NULL),
('route-4', 368, 'fishing_super', 5.00, 45, 70, NULL, NULL),
('route-4', 369, 'fishing_super', 40.00, 35, 60, NULL, NULL),
('route-4', 370, 'fishing_super', 45.00, 35, 60, NULL, NULL),
('route-4', 551, 'walking', 40.00, 15, 18, NULL, NULL),
('route-4', 554, 'walking', 40.00, 15, 18, NULL, NULL),
('route-4', 559, 'walking', 20.00, 16, 17, NULL, NULL),
('route-4', 592, 'surfing', 100.00, 5, 15, NULL, NULL),
('route-4', 593, 'surfing', 5.00, 5, 20, NULL, NULL),
('route-4', 594, 'surfing', 95.00, 5, 20, NULL, NULL),
('desert-resort', 551, 'walking', 80.00, 19, 22, NULL, NULL),
('desert-resort', 554, 'walking', 60.00, 19, 20, NULL, NULL),
('desert-resort', 556, 'walking', 20.00, 20, 20, NULL, NULL),
('desert-resort', 557, 'walking', 20.00, 20, 22, NULL, NULL),
('desert-resort', 559, 'walking', 10.00, 20, 20, NULL, NULL),
('desert-resort', 561, 'walking', 10.00, 20, 20, NULL, NULL),
('relic-castle', 551, 'walking', 50.00, 19, 22, NULL, NULL),
('relic-castle', 562, 'walking', 50.00, 19, 22, NULL, NULL),
('relic-castle', 552, 'walking', 85.00, 34, 50, NULL, NULL),
('relic-castle', 563, 'walking', 70.00, 34, 50, NULL, NULL),
('relic-castle', 28, 'walking', 30.00, 47, 49, NULL, NULL),
('relic-castle', 95, 'walking', 15.00, 48, 49, NULL, NULL),
('relic-castle', 344, 'walking', 100.00, 47, 50, NULL, NULL),
('relic-castle', 637, 'static', 100.00, 70, 70, NULL, NULL),
('route-5', 510, 'walking', 40.00, 20, 25, NULL, NULL),
('route-5', 531, 'walking', 85.00, 19, 22, NULL, NULL),
('route-5', 568, 'walking', 40.00, 19, 24, NULL, NULL),
('route-5', 572, 'walking', 60.00, 19, 25, NULL, NULL),
('route-5', 573, 'walking', 5.00, 22, 22, NULL, NULL),
('route-5', 577, 'walking', 60.00, 19, 25, NULL, NULL),
('route-5', 587, 'walking', 10.00, 20, 20, NULL, NULL),
('cold-storage', 507, 'walking', 70.00, 21, 27, NULL, NULL),
('cold-storage', 508, 'walking', 5.00, 23, 23, NULL, NULL),
('cold-storage', 531, 'walking', 90.00, 20, 23, NULL, NULL),
('cold-storage', 532, 'walking', 30.00, 21, 26, NULL, NULL),
('cold-storage', 572, 'walking', 40.00, 20, 24, NULL, NULL),
('cold-storage', 573, 'walking', 5.00, 23, 23, NULL, NULL),
('cold-storage', 582, 'walking', 60.00, 20, 27, NULL, NULL),
('route-6', 60, 'fishing_super', 45.00, 35, 55, NULL, NULL),
('route-6', 61, 'fishing_super', 70.00, 35, 70, NULL, NULL),
('route-6', 186, 'fishing_super', 5.00, 45, 70, NULL, NULL),
('route-6', 520, 'walking', 30.00, 23, 29, 'Spring', NULL),
('route-6', 520, 'walking', 30.00, 23, 29, 'Summer', NULL),
('route-6', 520, 'walking', 30.00, 23, 29, 'Autumn', NULL),
('route-6', 521, 'walking', 5.00, 25, 25, 'Spring', NULL),
('route-6', 521, 'walking', 5.00, 25, 25, 'Summer', NULL),
('route-6', 521, 'walking', 5.00, 25, 25, 'Autumn', NULL),
('route-6', 531, 'walking', 70.00, 22, 25, NULL, NULL),
('route-6', 531, 'walking', 5.00, 25, 25, 'Winter', NULL),
('route-6', 541, 'walking', 20.00, 23, 27, NULL, NULL),
('route-6', 542, 'walking', 5.00, 25, 25, NULL, NULL),
('route-6', 550, 'fishing_super', 40.00, 35, 60, NULL, NULL),
('route-6', 550, 'surfing', 100.00, 10, 30, NULL, NULL),
('route-6', 582, 'walking', 30.00, 23, 29, 'Winter', NULL),
('route-6', 585, 'walking', 70.00, 22, 28, NULL, NULL),
('route-6', 587, 'walking', 20.00, 23, 25, NULL, NULL),
('route-6', 588, 'walking', 50.00, 22, 28, NULL, NULL),
('route-6', 590, 'walking', 30.00, 23, 29, NULL, NULL),
('route-6', 590, 'static', 200.00, 20, 20, NULL, NULL),
('route-6', 10016, 'fishing_super', 40.00, 35, 55, NULL, NULL),
('route-6', 10016, 'surfing', 100.00, 10, 25, NULL, NULL),
('chargestone-cave', 525, 'walking', 30.00, 24, 24, NULL, NULL),
('chargestone-cave', 529, 'walking', 300.00, 24, 27, NULL, NULL),
('chargestone-cave', 595, 'walking', 114.00, 24, 27, NULL, NULL),
('chargestone-cave', 597, 'walking', 60.00, 24, 27, NULL, NULL),
('chargestone-cave', 599, 'walking', 84.00, 25, 27, NULL, NULL),
('chargestone-cave', 602, 'walking', 12.00, 27, 27, NULL, NULL),
('route-7', 505, 'walking', 40.00, 27, 33, NULL, NULL),
('route-7', 520, 'walking', 60.00, 26, 32, 'Spring', NULL),
('route-7', 520, 'walking', 60.00, 26, 32, 'Summer', NULL),
('route-7', 520, 'walking', 60.00, 26, 32, 'Autumn', NULL),
('route-7', 521, 'walking', 5.00, 29, 29, 'Spring', NULL),
('route-7', 521, 'walking', 5.00, 29, 29, 'Summer', NULL),
('route-7', 521, 'walking', 5.00, 29, 29, 'Autumn', NULL),
('route-7', 523, 'walking', 40.00, 27, 33, NULL, NULL),
('route-7', 531, 'walking', 85.00, 26, 29, NULL, NULL),
('route-7', 531, 'walking', 5.00, 29, 29, 'Winter', NULL),
('route-7', 585, 'walking', 40.00, 26, 30, NULL, NULL),
('route-7', 587, 'walking', 10.00, 27, 27, NULL, NULL),
('route-7', 590, 'walking', 20.00, 27, 33, NULL, NULL),
('route-7', 613, 'walking', 60.00, 26, 32, 'Winter', NULL),
('celestial-tower', 607, 'walking', 305.00, 26, 29, NULL, NULL),
('celestial-tower', 605, 'walking', 95.00, 26, 29, NULL, NULL),
('twist-mountain', 525, 'walking', 39.00, 28, 31, 'Spring', NULL),
('twist-mountain', 525, 'walking', 35.00, 28, 31, 'Summer', NULL),
('twist-mountain', 525, 'walking', 39.00, 28, 31, 'Autumn', NULL),
('twist-mountain', 525, 'walking', 20.00, 29, 29, 'Winter', NULL),
('twist-mountain', 525, 'walking', 10.00, 30, 30, NULL, NULL),
('twist-mountain', 527, 'walking', 20.00, 28, 31, 'Summer', NULL),
('twist-mountain', 527, 'walking', 10.00, 29, 31, 'Spring', NULL),
('twist-mountain', 527, 'walking', 10.00, 29, 31, 'Autumn', NULL),
('twist-mountain', 527, 'walking', 10.00, 28, 30, 'Winter', NULL),
('twist-mountain', 529, 'walking', 100.00, 28, 31, NULL, NULL),
('twist-mountain', 533, 'walking', 30.00, 28, 30, 'Spring', NULL),
('twist-mountain', 533, 'walking', 30.00, 28, 30, 'Summer', NULL),
('twist-mountain', 533, 'walking', 30.00, 28, 30, 'Autumn', NULL),
('twist-mountain', 533, 'walking', 10.00, 29, 29, 'Winter', NULL),
('twist-mountain', 613, 'walking', 45.00, 28, 31, 'Winter', NULL),
('twist-mountain', 613, 'walking', 10.00, 28, 28, 'Spring', NULL),
('twist-mountain', 613, 'walking', 10.00, 28, 28, 'Autumn', NULL),
('twist-mountain', 613, 'walking', 4.00, 28, 28, 'Summer', NULL),
('twist-mountain', 615, 'walking', 5.00, 31, 31, 'Winter', NULL),
('twist-mountain', 615, 'walking', 1.00, 31, 31, 'Spring', NULL),
('twist-mountain', 615, 'walking', 1.00, 28, 28, 'Summer', NULL),
('twist-mountain', 615, 'walking', 1.00, 31, 31, 'Autumn', NULL),
('icirrus-city', 339, 'fishing_super', 100.00, 35, 60, NULL, NULL),
('icirrus-city', 340, 'fishing_super', 20.00, 35, 70, NULL, NULL),
('icirrus-city', 536, 'walking', 40.00, 30, 33, 'Spring', NULL),
('icirrus-city', 536, 'walking', 40.00, 30, 33, 'Summer', NULL),
('icirrus-city', 536, 'walking', 40.00, 30, 33, 'Autumn', NULL),
('icirrus-city', 537, 'surfing', 5.00, 15, 40, NULL, NULL),
('icirrus-city', 616, 'walking', 40.00, 30, 33, 'Spring', NULL),
('icirrus-city', 616, 'walking', 40.00, 30, 33, 'Summer', NULL),
('icirrus-city', 616, 'walking', 40.00, 30, 33, 'Autumn', NULL),
('icirrus-city', 618, 'fishing_super', 80.00, 35, 60, NULL, NULL),
('icirrus-city', 618, 'surfing', 195.00, 15, 40, NULL, NULL),
('icirrus-city', 618, 'walking', 20.00, 31, 32, 'Spring', NULL),
('icirrus-city', 618, 'walking', 20.00, 31, 32, 'Summer', NULL),
('icirrus-city', 618, 'walking', 20.00, 31, 32, 'Autumn', NULL),
('dragonspiral-tower', 520, 'walking', 90.00, 30, 36, 'Spring', NULL),
('dragonspiral-tower', 520, 'walking', 90.00, 30, 36, 'Summer', NULL),
('dragonspiral-tower', 520, 'walking', 90.00, 30, 36, 'Autumn', NULL),
('dragonspiral-tower', 521, 'walking', 10.00, 33, 33, 'Spring', NULL),
('dragonspiral-tower', 521, 'walking', 10.00, 33, 33, 'Summer', NULL),
('dragonspiral-tower', 521, 'walking', 10.00, 33, 33, 'Autumn', NULL),
('dragonspiral-tower', 531, 'walking', 170.00, 30, 33, NULL, NULL),
('dragonspiral-tower', 531, 'walking', 10.00, 33, 33, 'Winter', NULL),
('dragonspiral-tower', 582, 'walking', 60.00, 31, 33, 'Winter', NULL),
('dragonspiral-tower', 583, 'walking', 60.00, 35, 37, 'Winter', NULL),
('dragonspiral-tower', 585, 'walking', 20.00, 31, 31, 'Spring', NULL),
('dragonspiral-tower', 585, 'walking', 20.00, 31, 31, 'Summer', NULL),
('dragonspiral-tower', 585, 'walking', 20.00, 31, 31, 'Autumn', NULL),
('dragonspiral-tower', 585, 'walking', 20.00, 30, 30, 'Winter', NULL),
('dragonspiral-tower', 585, 'walking', 40.00, 30, 32, NULL, NULL),
('dragonspiral-tower', 586, 'walking', 30.00, 34, 36, 'Winter', NULL),
('dragonspiral-tower', 587, 'walking', 20.00, 31, 31, NULL, NULL),
('dragonspiral-tower', 613, 'walking', 20.00, 33, 33, 'Winter', NULL),
('dragonspiral-tower', 614, 'walking', 20.00, 37, 37, 'Winter', NULL),
('dragonspiral-tower', 619, 'walking', 30.00, 34, 37, 'Winter', NULL),
('dragonspiral-tower', 619, 'walking', 110.00, 30, 37, NULL, NULL),
('dragonspiral-tower', 621, 'walking', 30.00, 31, 37, 'Spring', NULL),
('dragonspiral-tower', 621, 'walking', 30.00, 31, 37, 'Summer', NULL),
('dragonspiral-tower', 621, 'walking', 30.00, 31, 37, 'Autumn', NULL),
('dragonspiral-tower', 147, 'fishing_super', 95.00, 35, 60, NULL, NULL),
('dragonspiral-tower', 148, 'fishing_super', 24.00, 35, 70, NULL, NULL),
('dragonspiral-tower', 149, 'fishing_super', 1.00, 50, 70, NULL, NULL),
('dragonspiral-tower', 550, 'fishing_super', 40.00, 35, 60, NULL, NULL),
('dragonspiral-tower', 550, 'surfing', 100.00, 15, 40, NULL, NULL),
('dragonspiral-tower', 586, 'walking', 30.00, 34, 36, NULL, NULL),
('dragonspiral-tower', 10016, 'fishing_super', 40.00, 35, 55, NULL, NULL),
('dragonspiral-tower', 10016, 'surfing', 100.00, 15, 35, NULL, NULL),
('dragonspiral-tower', 621, 'walking', 30.00, 30, 33, NULL, NULL),
('dragonspiral-tower', 622, 'walking', 150.00, 30, 33, NULL, NULL),
('route-8', 339, 'fishing_super', 100.00, 35, 60, NULL, NULL),
('route-8', 340, 'fishing_super', 20.00, 35, 70, NULL, NULL),
('route-8', 536, 'walking', 40.00, 30, 33, 'Spring', NULL),
('route-8', 536, 'walking', 40.00, 30, 33, 'Summer', NULL),
('route-8', 536, 'walking', 40.00, 30, 33, 'Autumn', NULL),
('route-8', 537, 'surfing', 5.00, 15, 40, NULL, NULL),
('route-8', 616, 'walking', 40.00, 30, 33, 'Spring', NULL),
('route-8', 616, 'walking', 40.00, 30, 33, 'Summer', NULL),
('route-8', 616, 'walking', 40.00, 30, 33, 'Autumn', NULL),
('route-8', 618, 'fishing_super', 80.00, 35, 60, NULL, NULL),
('route-8', 618, 'surfing', 195.00, 15, 40, NULL, NULL),
('route-8', 618, 'walking', 20.00, 31, 32, 'Spring', NULL),
('route-8', 618, 'walking', 20.00, 31, 32, 'Summer', NULL),
('route-8', 618, 'walking', 20.00, 31, 32, 'Autumn', NULL),
('moor-of-icirrus', 339, 'fishing_super', 100.00, 35, 60, NULL, NULL),
('moor-of-icirrus', 340, 'fishing_super', 20.00, 35, 70, NULL, NULL),
('moor-of-icirrus', 536, 'walking', 40.00, 30, 33, 'Spring', NULL),
('moor-of-icirrus', 536, 'walking', 40.00, 30, 33, 'Summer', NULL),
('moor-of-icirrus', 536, 'walking', 40.00, 30, 33, 'Autumn', NULL),
('moor-of-icirrus', 537, 'surfing', 5.00, 15, 40, NULL, NULL),
('moor-of-icirrus', 616, 'walking', 40.00, 30, 33, 'Spring', NULL),
('moor-of-icirrus', 616, 'walking', 40.00, 30, 33, 'Summer', NULL),
('moor-of-icirrus', 616, 'walking', 40.00, 30, 33, 'Autumn', NULL),
('moor-of-icirrus', 618, 'fishing_super', 80.00, 35, 60, NULL, NULL),
('moor-of-icirrus', 618, 'surfing', 195.00, 15, 40, NULL, NULL),
('moor-of-icirrus', 618, 'walking', 20.00, 31, 32, 'Spring', NULL),
('moor-of-icirrus', 618, 'walking', 20.00, 31, 32, 'Summer', NULL),
('moor-of-icirrus', 618, 'walking', 20.00, 31, 32, 'Autumn', NULL),
('route-9', 510, 'walking', 20.00, 33, 38, NULL, NULL),
('route-9', 531, 'walking', 80.00, 31, 34, NULL, NULL),
('route-9', 569, 'walking', 40.00, 31, 38, NULL, NULL),
('route-9', 572, 'walking', 40.00, 32, 37, NULL, NULL),
('route-9', 573, 'walking', 5.00, 34, 34, NULL, NULL),
('route-9', 578, 'walking', 60.00, 31, 39, NULL, NULL),
('route-9', 579, 'walking', 5.00, 34, 34, NULL, NULL),
('route-9', 587, 'walking', 10.00, 32, 32, NULL, NULL),
('route-9', 624, 'walking', 40.00, 31, 39, NULL, NULL),
('route-10', 507, 'walking', 60.00, 33, 39, NULL, NULL),
('route-10', 508, 'walking', 5.00, 36, 36, NULL, NULL),
('route-10', 531, 'walking', 80.00, 33, 36, NULL, NULL),
('route-10', 538, 'walking', 20.00, 33, 41, NULL, NULL),
('route-10', 539, 'walking', 5.00, 36, 36, NULL, NULL),
('route-10', 587, 'walking', 10.00, 34, 34, NULL, NULL),
('route-10', 590, 'walking', 10.00, 34, 35, NULL, NULL),
('route-10', 590, 'static', 200.00, 30, 30, NULL, NULL),
('route-10', 591, 'walking', 10.00, 39, 40, NULL, NULL),
('route-10', 591, 'static', 200.00, 40, 40, NULL, NULL),
('route-10', 626, 'walking', 40.00, 34, 40, NULL, NULL),
('route-10', 627, 'walking', 60.00, 34, 41, NULL, NULL),
('victory-road', 611, 'walking', 5.00, 40, 40, NULL, NULL),
('victory-road', 619, 'walking', 55.00, 38, 41, NULL, NULL),
('victory-road', 627, 'walking', 35.00, 37, 40, NULL, NULL),
('victory-road', 631, 'walking', 45.00, 37, 40, NULL, NULL),
('victory-road', 60, 'fishing_super', 45.00, 35, 55, NULL, NULL),
('victory-road', 61, 'fishing_super', 70.00, 35, 70, NULL, NULL),
('victory-road', 62, 'fishing_super', 5.00, 45, 70, NULL, NULL),
('victory-road', 525, 'walking', 110.00, 37, 41, NULL, NULL),
('victory-road', 527, 'walking', 70.00, 37, 42, NULL, NULL),
('victory-road', 530, 'walking', 400.00, 37, 42, NULL, NULL),
('victory-road', 550, 'fishing_super', 40.00, 35, 60, NULL, NULL),
('victory-road', 550, 'surfing', 100.00, 20, 50, NULL, NULL),
('victory-road', 632, 'walking', 160.00, 37, 42, NULL, NULL),
('victory-road', 633, 'walking', 20.00, 38, 40, NULL, NULL),
('victory-road', 10016, 'fishing_super', 40.00, 35, 55, NULL, NULL),
('victory-road', 10016, 'surfing', 100.00, 20, 45, NULL, NULL),
('victory-road', 639, 'static', 100.00, 42, 42, NULL, NULL),
('route-11', 55, 'walking', 40.00, 47, 57, NULL, NULL),
('route-11', 118, 'fishing_super', 100.00, 35, 60, NULL, NULL),
('route-11', 119, 'fishing_super', 20.00, 35, 70, NULL, NULL),
('route-11', 207, 'walking', 30.00, 47, 60, NULL, NULL),
('route-11', 335, 'walking', 20.00, 48, 58, NULL, NULL),
('route-11', 336, 'walking', 20.00, 48, 58, NULL, NULL),
('route-11', 418, 'surfing', 90.00, 25, 60, NULL, NULL),
('route-11', 419, 'surfing', 10.00, 35, 70, NULL, NULL),
('route-11', 472, 'walking', 5.00, 50, 50, NULL, NULL),
('route-11', 531, 'walking', 85.00, 47, 50, NULL, NULL),
('route-11', 550, 'fishing_super', 40.00, 35, 60, NULL, NULL),
('route-11', 550, 'surfing', 30.00, 25, 60, NULL, NULL),
('route-11', 587, 'walking', 10.00, 48, 48, NULL, NULL),
('route-11', 588, 'walking', 10.00, 49, 59, NULL, NULL),
('route-11', 591, 'walking', 20.00, 48, 58, NULL, NULL),
('route-11', 624, 'walking', 5.00, 50, 50, NULL, NULL),
('route-11', 625, 'walking', 5.00, 60, 60, NULL, NULL),
('route-11', 627, 'walking', 25.00, 48, 50, NULL, NULL),
('route-11', 628, 'walking', 25.00, 58, 60, NULL, NULL),
('route-11', 10016, 'fishing_super', 40.00, 35, 55, NULL, NULL),
('route-11', 10016, 'surfing', 70.00, 25, 55, NULL, NULL),
('village-bridge', 55, 'walking', 50.00, 47, 59, NULL, NULL),
('village-bridge', 131, 'surfing', 5.00, 35, 70, NULL, NULL),
('village-bridge', 318, 'fishing_super', 100.00, 35, 60, NULL, NULL),
('village-bridge', 319, 'fishing_super', 20.00, 35, 70, NULL, NULL),
('village-bridge', 335, 'walking', 30.00, 48, 60, NULL, NULL),
('village-bridge', 336, 'walking', 30.00, 48, 60, NULL, NULL),
('village-bridge', 400, 'walking', 50.00, 47, 59, NULL, NULL),
('village-bridge', 531, 'walking', 90.00, 47, 50, NULL, NULL),
('village-bridge', 550, 'fishing_super', 40.00, 35, 60, NULL, NULL),
('village-bridge', 550, 'surfing', 95.00, 25, 70, NULL, NULL),
('village-bridge', 587, 'walking', 10.00, 48, 48, NULL, NULL),
('village-bridge', 627, 'walking', 20.00, 48, 50, NULL, NULL),
('village-bridge', 628, 'walking', 20.00, 58, 60, NULL, NULL),
('village-bridge', 10016, 'fishing_super', 40.00, 35, 55, NULL, NULL),
('village-bridge', 10016, 'surfing', 100.00, 25, 55, NULL, NULL),
('route-12', 11, 'walking', 20.00, 48, 59, NULL, NULL),
('route-12', 12, 'walking', 5.00, 50, 50, NULL, NULL),
('route-12', 78, 'walking', 20.00, 49, 59, NULL, NULL),
('route-12', 127, 'walking', 10.00, 50, 60, NULL, NULL),
('route-12', 191, 'walking', 40.00, 47, 57, NULL, NULL),
('route-12', 192, 'walking', 5.00, 50, 50, NULL, NULL),
('route-12', 206, 'walking', 10.00, 48, 59, NULL, NULL),
('route-12', 214, 'walking', 10.00, 50, 60, NULL, NULL),
('route-12', 415, 'walking', 40.00, 47, 57, NULL, NULL),
('route-12', 416, 'walking', 5.00, 50, 50, NULL, NULL),
('route-12', 421, 'walking', 20.00, 48, 58, NULL, NULL),
('route-12', 520, 'walking', 30.00, 48, 60, NULL, NULL),
('route-12', 521, 'walking', 5.00, 50, 50, NULL, NULL),
('route-12', 531, 'walking', 70.00, 47, 50, NULL, NULL),
('route-12', 587, 'walking', 10.00, 48, 48, NULL, NULL),
('route-13', 42, 'walking', 30.00, 48, 60, NULL, NULL),
('route-13', 90, 'fishing_super', 80.00, 35, 60, NULL, NULL),
('route-13', 91, 'fishing_super', 5.00, 45, 70, NULL, NULL),
('route-13', 98, 'fishing_super', 55.00, 35, 55, NULL, NULL),
('route-13', 99, 'fishing_super', 15.00, 35, 70, NULL, NULL),
('route-13', 114, 'walking', 50.00, 47, 59, NULL, NULL),
('route-13', 120, 'surfing', 90.00, 25, 60, NULL, NULL),
('route-13', 121, 'surfing', 10.00, 35, 70, NULL, NULL),
('route-13', 169, 'walking', 5.00, 50, 50, NULL, NULL),
('route-13', 222, 'surfing', 30.00, 25, 60, NULL, NULL),
('route-13', 277, 'walking', 40.00, 47, 57, NULL, NULL),
('route-13', 278, 'surfing', 60.00, 25, 55, NULL, NULL),
('route-13', 279, 'surfing', 10.00, 25, 55, NULL, NULL),
('route-13', 337, 'walking', 20.00, 48, 58, NULL, NULL),
('route-13', 338, 'walking', 20.00, 48, 58, NULL, NULL),
('route-13', 359, 'walking', 20.00, 48, 60, NULL, NULL),
('route-13', 370, 'fishing_super', 45.00, 35, 60, NULL, NULL),
('route-13', 426, 'walking', 20.00, 49, 59, NULL, NULL),
('route-13', 465, 'walking', 5.00, 50, 50, NULL, NULL),
('route-13', 531, 'walking', 80.00, 47, 50, NULL, NULL),
('route-13', 587, 'walking', 10.00, 48, 48, NULL, NULL),
('undella-town', 90, 'fishing_super', 80.00, 35, 60, NULL, NULL),
('undella-town', 91, 'fishing_super', 5.00, 45, 70, NULL, NULL),
('undella-town', 222, 'surfing', 30.00, 25, 60, NULL, NULL),
('undella-town', 223, 'fishing_super', 55.00, 35, 55, NULL, NULL),
('undella-town', 224, 'fishing_super', 15.00, 35, 70, NULL, NULL),
('undella-town', 226, 'surfing', 10.00, 35, 70, NULL, NULL),
('undella-town', 278, 'surfing', 60.00, 25, 55, NULL, NULL),
('undella-town', 279, 'surfing', 10.00, 25, 55, NULL, NULL),
('undella-town', 320, 'surfing', 60.00, 25, 60, NULL, NULL),
('undella-town', 370, 'fishing_super', 45.00, 35, 60, NULL, NULL),
('undella-town', 458, 'surfing', 30.00, 25, 55, NULL, NULL),
('undella-bay', 90, 'fishing_super', 80.00, 35, 60, NULL, NULL),
('undella-bay', 91, 'fishing_super', 5.00, 45, 70, NULL, NULL),
('undella-bay', 223, 'fishing_super', 55.00, 35, 55, NULL, NULL),
('undella-bay', 224, 'fishing_super', 15.00, 35, 70, NULL, NULL),
('undella-bay', 226, 'surfing', 5.00, 35, 70, 'Spring', NULL),
('undella-bay', 226, 'surfing', 5.00, 35, 70, 'Summer', NULL),
('undella-bay', 226, 'surfing', 5.00, 35, 70, 'Autumn', NULL),
('undella-bay', 278, 'surfing', 60.00, 25, 55, NULL, NULL),
('undella-bay', 279, 'surfing', 10.00, 25, 55, NULL, NULL),
('undella-bay', 320, 'surfing', 60.00, 25, 60, NULL, NULL),
('undella-bay', 320, 'surfing', 30.00, 25, 60, 'Spring', NULL),
('undella-bay', 320, 'surfing', 30.00, 25, 60, 'Summer', NULL),
('undella-bay', 320, 'surfing', 30.00, 25, 60, 'Autumn', NULL),
('undella-bay', 321, 'surfing', 5.00, 35, 70, 'Winter', NULL),
('undella-bay', 321, 'surfing', 5.00, 35, 70, 'Spring', NULL),
('undella-bay', 321, 'surfing', 5.00, 35, 70, 'Summer', NULL),
('undella-bay', 321, 'surfing', 5.00, 35, 70, 'Autumn', NULL),
('undella-bay', 363, 'surfing', 30.00, 25, 55, 'Winter', NULL),
('undella-bay', 364, 'surfing', 30.00, 25, 60, 'Winter', NULL),
('undella-bay', 365, 'surfing', 5.00, 35, 70, 'Winter', NULL),
('undella-bay', 370, 'fishing_super', 45.00, 35, 60, NULL, NULL),
('undella-bay', 458, 'surfing', 30.00, 25, 55, 'Spring', NULL),
('undella-bay', 458, 'surfing', 30.00, 25, 55, 'Summer', NULL),
('undella-bay', 458, 'surfing', 30.00, 25, 55, 'Autumn', NULL),
('route-14', 39, 'walking', 40.00, 48, 58, NULL, NULL),
('route-14', 40, 'walking', 5.00, 50, 50, NULL, NULL),
('route-14', 55, 'walking', 40.00, 47, 57, NULL, NULL),
('route-14', 118, 'fishing_super', 100.00, 35, 60, NULL, NULL),
('route-14', 119, 'fishing_super', 20.00, 35, 70, NULL, NULL),
('route-14', 213, 'walking', 10.00, 49, 59, NULL, NULL),
('route-14', 334, 'walking', 20.00, 49, 59, NULL, NULL),
('route-14', 357, 'walking', 30.00, 48, 60, NULL, NULL),
('route-14', 418, 'surfing', 90.00, 25, 60, NULL, NULL),
('route-14', 419, 'surfing', 10.00, 35, 70, NULL, NULL),
('route-14', 426, 'walking', 20.00, 49, 59, NULL, NULL),
('route-14', 531, 'walking', 85.00, 47, 50, NULL, NULL),
('route-14', 550, 'fishing_super', 40.00, 35, 60, NULL, NULL),
('route-14', 550, 'surfing', 30.00, 25, 60, NULL, NULL),
('route-14', 587, 'walking', 10.00, 48, 48, NULL, NULL),
('route-14', 606, 'walking', 20.00, 48, 60, NULL, NULL),
('route-14', 619, 'walking', 10.00, 49, 49, NULL, NULL),
('route-14', 620, 'walking', 10.00, 59, 59, NULL, NULL),
('route-14', 10016, 'fishing_super', 40.00, 35, 55, NULL, NULL),
('route-14', 10016, 'surfing', 70.00, 25, 55, NULL, NULL),
('abundant-shrine', 37, 'walking', 40.00, 47, 57, NULL, NULL),
('abundant-shrine', 38, 'walking', 5.00, 50, 50, NULL, NULL),
('abundant-shrine', 79, 'surfing', 90.00, 25, 60, NULL, NULL),
('abundant-shrine', 80, 'surfing', 5.00, 35, 70, NULL, NULL),
('abundant-shrine', 118, 'fishing_super', 100.00, 35, 60, NULL, NULL),
('abundant-shrine', 119, 'fishing_super', 20.00, 35, 70, NULL, NULL),
('abundant-shrine', 164, 'walking', 30.00, 48, 60, NULL, NULL),
('abundant-shrine', 199, 'surfing', 5.00, 35, 70, NULL, NULL),
('abundant-shrine', 200, 'walking', 10.00, 48, 58, NULL, NULL),
('abundant-shrine', 234, 'walking', 20.00, 48, 58, NULL, NULL),
('abundant-shrine', 358, 'walking', 60.00, 47, 59, NULL, NULL),
('abundant-shrine', 429, 'walking', 5.00, 50, 50, NULL, NULL),
('abundant-shrine', 437, 'walking', 20.00, 48, 60, NULL, NULL),
('abundant-shrine', 531, 'walking', 75.00, 47, 50, NULL, NULL),
('abundant-shrine', 548, 'walking', 20.00, 48, 58, NULL, NULL),
('abundant-shrine', 549, 'walking', 5.00, 50, 50, NULL, NULL),
('abundant-shrine', 550, 'fishing_super', 40.00, 35, 60, NULL, NULL),
('abundant-shrine', 550, 'surfing', 30.00, 25, 60, NULL, NULL),
('abundant-shrine', 587, 'walking', 10.00, 48, 48, NULL, NULL),
('abundant-shrine', 645, 'static', 100.00, 70, 70, NULL, NULL),
('abundant-shrine', 10016, 'fishing_super', 40.00, 35, 55, NULL, NULL),
('abundant-shrine', 10016, 'surfing', 70.00, 25, 55, NULL, NULL),
('route-15', 22, 'walking', 60.00, 48, 60, NULL, NULL),
('route-15', 105, 'walking', 40.00, 47, 57, NULL, NULL),
('route-15', 115, 'walking', 20.00, 49, 59, NULL, NULL),
('route-15', 207, 'walking', 25.00, 47, 57, NULL, NULL),
('route-15', 247, 'walking', 20.00, 48, 59, NULL, NULL),
('route-15', 248, 'walking', 5.00, 50, 50, NULL, NULL),
('route-15', 472, 'walking', 5.00, 50, 50, NULL, NULL),
('route-15', 505, 'walking', 5.00, 60, 60, NULL, NULL),
('route-15', 531, 'walking', 75.00, 47, 50, NULL, NULL),
('route-15', 538, 'walking', 30.00, 48, 59, NULL, NULL),
('route-15', 539, 'walking', 5.00, 50, 50, NULL, NULL),
('route-15', 587, 'walking', 10.00, 48, 48, NULL, NULL),
('route-16', 510, 'walking', 40.00, 20, 25, NULL, NULL),
('route-16', 531, 'walking', 85.00, 19, 22, NULL, NULL),
('route-16', 568, 'walking', 40.00, 19, 24, NULL, NULL),
('route-16', 572, 'walking', 60.00, 19, 25, NULL, NULL),
('route-16', 573, 'walking', 5.00, 22, 22, NULL, NULL),
('route-16', 577, 'walking', 60.00, 19, 25, NULL, NULL),
('route-16', 587, 'walking', 10.00, 20, 20, NULL, NULL),
('lostlorn-forest', 118, 'fishing_super', 120.00, 35, 70, NULL, NULL),
('lostlorn-forest', 511, 'walking', 10.00, 20, 20, NULL, NULL),
('lostlorn-forest', 513, 'walking', 10.00, 20, 20, NULL, NULL),
('lostlorn-forest', 515, 'walking', 10.00, 20, 20, NULL, NULL),
('lostlorn-forest', 520, 'walking', 30.00, 21, 25, NULL, NULL),
('lostlorn-forest', 521, 'walking', 5.00, 22, 22, NULL, NULL),
('lostlorn-forest', 531, 'walking', 45.00, 19, 21, NULL, NULL),
('lostlorn-forest', 541, 'walking', 70.00, 20, 25, NULL, NULL),
('lostlorn-forest', 542, 'walking', 5.00, 22, 22, NULL, NULL),
('lostlorn-forest', 543, 'walking', 30.00, 20, 24, NULL, NULL),
('lostlorn-forest', 548, 'walking', 70.00, 19, 25, NULL, NULL),
('lostlorn-forest', 549, 'walking', 5.00, 22, 22, NULL, NULL),
('lostlorn-forest', 550, 'fishing_super', 40.00, 35, 60, NULL, NULL),
('lostlorn-forest', 550, 'surfing', 100.00, 5, 20, NULL, NULL),
('lostlorn-forest', 571, 'static', 100.00, 25, 25, NULL, NULL),
('lostlorn-forest', 587, 'walking', 10.00, 20, 20, NULL, NULL),
('lostlorn-forest', 10016, 'fishing_super', 40.00, 35, 55, NULL, NULL),
('lostlorn-forest', 10016, 'surfing', 100.00, 5, 20, NULL, NULL),
('route-17', 116, 'fishing_super', 55.00, 35, 55, NULL, NULL),
('route-17', 117, 'fishing_super', 40.00, 35, 60, NULL, NULL),
('route-17', 211, 'fishing_super', 40.00, 35, 60, NULL, NULL),
('route-17', 230, 'fishing_super', 5.00, 45, 70, NULL, NULL),
('route-17', 456, 'fishing_super', 45.00, 35, 55, NULL, NULL),
('route-17', 457, 'fishing_super', 15.00, 35, 70, NULL, NULL),
('route-17', 592, 'surfing', 100.00, 5, 15, NULL, NULL),
('route-17', 593, 'surfing', 5.00, 5, 20, NULL, NULL),
('route-17', 594, 'surfing', 95.00, 5, 20, NULL, NULL),
('route-18', 116, 'fishing_super', 55.00, 35, 55, NULL, NULL),
('route-18', 117, 'fishing_super', 40.00, 35, 60, NULL, NULL),
('route-18', 170, 'fishing_super', 1.00, 35, 55, NULL, NULL),
('route-18', 211, 'fishing_super', 40.00, 35, 60, NULL, NULL),
('route-18', 230, 'fishing_super', 5.00, 45, 70, NULL, NULL),
('route-18', 456, 'fishing_super', 44.00, 35, 55, NULL, NULL),
('route-18', 457, 'fishing_super', 15.00, 35, 70, NULL, NULL),
('route-18', 505, 'walking', 40.00, 28, 34, NULL, NULL),
('route-18', 531, 'walking', 95.00, 28, 31, NULL, NULL),
('route-18', 538, 'walking', 20.00, 29, 35, NULL, NULL),
('route-18', 539, 'walking', 5.00, 31, 31, NULL, NULL),
('route-18', 557, 'walking', 30.00, 30, 31, NULL, NULL),
('route-18', 558, 'walking', 30.00, 34, 35, NULL, NULL),
('route-18', 559, 'walking', 80.00, 28, 35, NULL, NULL),
('route-18', 592, 'surfing', 100.00, 5, 15, NULL, NULL),
('route-18', 593, 'surfing', 5.00, 5, 20, NULL, NULL),
('route-18', 594, 'surfing', 95.00, 5, 20, NULL, NULL),
('route-18', 636, 'gift', 100.00, 1, 1, NULL, NULL),
('p2-laboratory', 116, 'fishing_super', 55.00, 35, 55, NULL, NULL),
('p2-laboratory', 117, 'fishing_super', 40.00, 35, 60, NULL, NULL),
('p2-laboratory', 211, 'fishing_super', 40.00, 35, 60, NULL, NULL),
('p2-laboratory', 230, 'fishing_super', 5.00, 45, 70, NULL, NULL),
('p2-laboratory', 456, 'fishing_super', 45.00, 35, 55, NULL, NULL),
('p2-laboratory', 457, 'fishing_super', 15.00, 35, 70, NULL, NULL),
('p2-laboratory', 505, 'walking', 36.00, 28, 31, NULL, NULL),
('p2-laboratory', 507, 'walking', 36.00, 28, 31, NULL, NULL),
('p2-laboratory', 508, 'walking', 5.00, 31, 31, NULL, NULL),
('p2-laboratory', 531, 'walking', 95.00, 28, 31, NULL, NULL),
('p2-laboratory', 559, 'walking', 14.00, 29, 31, NULL, NULL),
('p2-laboratory', 592, 'surfing', 100.00, 5, 15, NULL, NULL),
('p2-laboratory', 593, 'surfing', 5.00, 5, 20, NULL, NULL),
('p2-laboratory', 594, 'surfing', 95.00, 5, 20, NULL, NULL),
('p2-laboratory', 599, 'walking', 14.00, 29, 31, NULL, NULL),
('challengers-cave', 75, 'walking', 60.00, 47, 49, NULL, NULL),
('challengers-cave', 108, 'walking', 45.00, 49, 50, NULL, NULL),
('challengers-cave', 302, 'walking', 30.00, 49, 49, NULL, NULL),
('challengers-cave', 303, 'walking', 30.00, 49, 49, NULL, NULL),
('challengers-cave', 525, 'walking', 60.00, 48, 48, NULL, NULL),
('challengers-cave', 527, 'walking', 60.00, 47, 47, NULL, NULL),
('challengers-cave', 530, 'walking', 300.00, 47, 50, NULL, NULL),
('challengers-cave', 447, 'walking', 15.00, 49, 50, NULL, NULL),
('challengers-cave', 60, 'fishing_super', 45.00, 35, 55, NULL, NULL),
('challengers-cave', 61, 'fishing_super', 70.00, 35, 70, NULL, NULL),
('challengers-cave', 62, 'fishing_super', 5.00, 45, 70, NULL, NULL),
('challengers-cave', 550, 'fishing_super', 40.00, 35, 60, NULL, NULL),
('challengers-cave', 550, 'surfing', 100.00, 25, 70, NULL, NULL),
('challengers-cave', 10016, 'fishing_super', 40.00, 35, 55, NULL, NULL),
('challengers-cave', 10016, 'surfing', 100.00, 25, 55, NULL, NULL),
('giant-chasm', 42, 'walking', 70.00, 47, 60, NULL, NULL),
('giant-chasm', 114, 'walking', 50.00, 47, 59, NULL, NULL),
('giant-chasm', 169, 'walking', 5.00, 50, 50, NULL, NULL),
('giant-chasm', 277, 'walking', 40.00, 47, 57, NULL, NULL),
('giant-chasm', 337, 'walking', 60.00, 48, 65, NULL, NULL),
('giant-chasm', 338, 'walking', 60.00, 48, 65, NULL, NULL),
('giant-chasm', 359, 'walking', 20.00, 48, 60, NULL, NULL),
('giant-chasm', 426, 'walking', 20.00, 49, 59, NULL, NULL),
('giant-chasm', 465, 'walking', 5.00, 50, 50, NULL, NULL),
('giant-chasm', 531, 'walking', 165.00, 47, 55, NULL, NULL),
('giant-chasm', 587, 'walking', 10.00, 48, 48, NULL, NULL),
('giant-chasm', 60, 'fishing_super', 90.00, 35, 55, NULL, NULL),
('giant-chasm', 61, 'fishing_super', 140.00, 35, 70, NULL, NULL),
('giant-chasm', 62, 'fishing_super', 10.00, 45, 70, NULL, NULL),
('giant-chasm', 86, 'surfing', 180.00, 25, 60, NULL, NULL),
('giant-chasm', 87, 'surfing', 20.00, 35, 70, NULL, NULL),
('giant-chasm', 124, 'walking', 20.00, 48, 60, NULL, NULL),
('giant-chasm', 215, 'walking', 20.00, 48, 58, NULL, NULL),
('giant-chasm', 221, 'walking', 100.00, 47, 64, NULL, NULL),
('giant-chasm', 225, 'walking', 20.00, 48, 58, NULL, NULL),
('giant-chasm', 525, 'walking', 10.00, 49, 59, NULL, NULL),
('giant-chasm', 530, 'walking', 200.00, 47, 60, NULL, NULL),
('giant-chasm', 550, 'fishing_super', 80.00, 35, 60, NULL, NULL),
('giant-chasm', 550, 'surfing', 60.00, 25, 60, NULL, NULL),
('giant-chasm', 10016, 'fishing_super', 80.00, 35, 55, NULL, NULL),
('giant-chasm', 10016, 'surfing', 140.00, 25, 55, NULL, NULL),
('giant-chasm', 35, 'walking', 60.00, 52, 64, NULL, NULL),
('giant-chasm', 36, 'walking', 5.00, 55, 55, NULL, NULL),
('giant-chasm', 132, 'walking', 30.00, 53, 65, NULL, NULL),
('giant-chasm', 375, 'walking', 20.00, 53, 65, NULL, NULL),
('giant-chasm', 376, 'walking', 5.00, 55, 55, NULL, NULL),
('giant-chasm', 473, 'walking', 5.00, 55, 55, NULL, NULL),
('giant-chasm', 646, 'static', 100.00, 75, 75, NULL, NULL),
('mistralton-cave', 525, 'walking', 50.00, 28, 31, NULL, NULL),
('mistralton-cave', 527, 'walking', 30.00, 28, 30, NULL, NULL),
('mistralton-cave', 529, 'walking', 100.00, 28, 31, NULL, NULL),
('mistralton-cave', 610, 'walking', 20.00, 30, 31, NULL, NULL),
('mistralton-cave', 638, 'static', 100.00, 42, 42, NULL, NULL);

INSERT INTO public.encounters (route_id, pokemon_national_dex_id, method, encounter_rate, level_min, level_max, conditions, version_exclusive)
SELECT r.id, e.dex, e.method, e.rate, e.lmin, e.lmax, NULLIF(e.cond, ''), NULLIF(e.ver_excl, '')
FROM _enc e JOIN public.routes r ON r.slug = e.slug AND r.game_id = 'a3b4c5d6-e7f8-9012-a345-678901234567';

DROP TABLE _enc;

-- ===========================================
-- STEP 5: BOSS TRAINERS
-- ===========================================

-- Cilan (Gym Leader)
DO $$
DECLARE
  v_trainer_id UUID;
  v_route_id UUID;
BEGIN
  SELECT id INTO v_route_id FROM public.routes WHERE slug = 'striaton-city' AND game_id = 'a3b4c5d6-e7f8-9012-a345-678901234567';
  INSERT INTO public.trainers (route_id, name, trainer_class, is_boss, boss_type, level_cap, display_order, notes)
  VALUES (v_route_id, 'Cilan', 'Gym Leader', true, 'gym_leader', 14, 1, 'Grass-type. Fought if you chose Oshawott. Trio Badge.')
  RETURNING id INTO v_trainer_id;

  INSERT INTO public.trainer_pokemon (trainer_id, pokemon_national_dex_id, level, slot_order, moves, ability, held_item, nature)
  VALUES (v_trainer_id, 506, 12, 1, '["Tackle", "Bite"]'::jsonb, 'Vital Spirit', NULL, NULL);
  INSERT INTO public.trainer_pokemon (trainer_id, pokemon_national_dex_id, level, slot_order, moves, ability, held_item, nature)
  VALUES (v_trainer_id, 511, 14, 2, '["Vine Whip", "Work Up"]'::jsonb, 'Gluttony', NULL, NULL);
END $$;

-- Chili (Gym Leader)
DO $$
DECLARE
  v_trainer_id UUID;
  v_route_id UUID;
BEGIN
  SELECT id INTO v_route_id FROM public.routes WHERE slug = 'striaton-city' AND game_id = 'a3b4c5d6-e7f8-9012-a345-678901234567';
  INSERT INTO public.trainers (route_id, name, trainer_class, is_boss, boss_type, level_cap, display_order, notes)
  VALUES (v_route_id, 'Chili', 'Gym Leader', true, 'gym_leader', 14, 2, 'Fire-type. Fought if you chose Snivy. Trio Badge.')
  RETURNING id INTO v_trainer_id;

  INSERT INTO public.trainer_pokemon (trainer_id, pokemon_national_dex_id, level, slot_order, moves, ability, held_item, nature)
  VALUES (v_trainer_id, 506, 12, 1, '["Tackle", "Bite"]'::jsonb, 'Vital Spirit', NULL, NULL);
  INSERT INTO public.trainer_pokemon (trainer_id, pokemon_national_dex_id, level, slot_order, moves, ability, held_item, nature)
  VALUES (v_trainer_id, 513, 14, 2, '["Incinerate", "Work Up"]'::jsonb, 'Gluttony', NULL, NULL);
END $$;

-- Cress (Gym Leader)
DO $$
DECLARE
  v_trainer_id UUID;
  v_route_id UUID;
BEGIN
  SELECT id INTO v_route_id FROM public.routes WHERE slug = 'striaton-city' AND game_id = 'a3b4c5d6-e7f8-9012-a345-678901234567';
  INSERT INTO public.trainers (route_id, name, trainer_class, is_boss, boss_type, level_cap, display_order, notes)
  VALUES (v_route_id, 'Cress', 'Gym Leader', true, 'gym_leader', 14, 3, 'Water-type. Fought if you chose Tepig. Trio Badge.')
  RETURNING id INTO v_trainer_id;

  INSERT INTO public.trainer_pokemon (trainer_id, pokemon_national_dex_id, level, slot_order, moves, ability, held_item, nature)
  VALUES (v_trainer_id, 506, 12, 1, '["Tackle", "Bite"]'::jsonb, 'Vital Spirit', NULL, NULL);
  INSERT INTO public.trainer_pokemon (trainer_id, pokemon_national_dex_id, level, slot_order, moves, ability, held_item, nature)
  VALUES (v_trainer_id, 515, 14, 2, '["Water Gun", "Work Up"]'::jsonb, 'Gluttony', NULL, NULL);
END $$;

-- Lenora (Gym Leader)
DO $$
DECLARE
  v_trainer_id UUID;
  v_route_id UUID;
BEGIN
  SELECT id INTO v_route_id FROM public.routes WHERE slug = 'nacrene-city' AND game_id = 'a3b4c5d6-e7f8-9012-a345-678901234567';
  INSERT INTO public.trainers (route_id, name, trainer_class, is_boss, boss_type, level_cap, display_order, notes)
  VALUES (v_route_id, 'Lenora', 'Gym Leader', true, 'gym_leader', 20, 1, 'Normal-type specialist. Basic Badge.')
  RETURNING id INTO v_trainer_id;

  INSERT INTO public.trainer_pokemon (trainer_id, pokemon_national_dex_id, level, slot_order, moves, ability, held_item, nature)
  VALUES (v_trainer_id, 507, 18, 1, '["Bite", "Retaliate", "Take Down", "Leer"]'::jsonb, 'Intimidate', NULL, NULL);
  INSERT INTO public.trainer_pokemon (trainer_id, pokemon_national_dex_id, level, slot_order, moves, ability, held_item, nature)
  VALUES (v_trainer_id, 505, 20, 2, '["Hypnosis", "Retaliate", "Crunch", "Leer"]'::jsonb, 'Illuminate', NULL, NULL);
END $$;

-- Burgh (Gym Leader)
DO $$
DECLARE
  v_trainer_id UUID;
  v_route_id UUID;
BEGIN
  SELECT id INTO v_route_id FROM public.routes WHERE slug = 'castelia-city' AND game_id = 'a3b4c5d6-e7f8-9012-a345-678901234567';
  INSERT INTO public.trainers (route_id, name, trainer_class, is_boss, boss_type, level_cap, display_order, notes)
  VALUES (v_route_id, 'Burgh', 'Gym Leader', true, 'gym_leader', 23, 1, 'Bug-type specialist. Insect Badge.')
  RETURNING id INTO v_trainer_id;

  INSERT INTO public.trainer_pokemon (trainer_id, pokemon_national_dex_id, level, slot_order, moves, ability, held_item, nature)
  VALUES (v_trainer_id, 544, 21, 1, '["Poison Tail", "Screech", "Pursuit", "Bug Bite"]'::jsonb, 'Poison Point', NULL, NULL);
  INSERT INTO public.trainer_pokemon (trainer_id, pokemon_national_dex_id, level, slot_order, moves, ability, held_item, nature)
  VALUES (v_trainer_id, 557, 21, 2, '["Faint Attack", "Smack Down", "Bug Bite", "Sand-Attack"]'::jsonb, 'Sturdy', NULL, NULL);
  INSERT INTO public.trainer_pokemon (trainer_id, pokemon_national_dex_id, level, slot_order, moves, ability, held_item, nature)
  VALUES (v_trainer_id, 542, 23, 3, '["Razor Leaf", "String Shot", "Bug Bite", "Cut"]'::jsonb, 'Swarm', NULL, NULL);
END $$;

-- Elesa (Gym Leader)
DO $$
DECLARE
  v_trainer_id UUID;
  v_route_id UUID;
BEGIN
  SELECT id INTO v_route_id FROM public.routes WHERE slug = 'nimbasa-city' AND game_id = 'a3b4c5d6-e7f8-9012-a345-678901234567';
  INSERT INTO public.trainers (route_id, name, trainer_class, is_boss, boss_type, level_cap, display_order, notes)
  VALUES (v_route_id, 'Elesa', 'Gym Leader', true, 'gym_leader', 27, 1, 'Electric-type specialist. Bolt Badge.')
  RETURNING id INTO v_trainer_id;

  INSERT INTO public.trainer_pokemon (trainer_id, pokemon_national_dex_id, level, slot_order, moves, ability, held_item, nature)
  VALUES (v_trainer_id, 587, 25, 1, '["Volt Switch", "Aerial Ace", "Quick Attack", "Pursuit"]'::jsonb, 'Static', NULL, NULL);
  INSERT INTO public.trainer_pokemon (trainer_id, pokemon_national_dex_id, level, slot_order, moves, ability, held_item, nature)
  VALUES (v_trainer_id, 587, 25, 2, '["Volt Switch", "Aerial Ace", "Quick Attack", "Pursuit"]'::jsonb, 'Static', NULL, NULL);
  INSERT INTO public.trainer_pokemon (trainer_id, pokemon_national_dex_id, level, slot_order, moves, ability, held_item, nature)
  VALUES (v_trainer_id, 523, 27, 3, '["Volt Switch", "Flame Charge", "Spark", "Quick Attack"]'::jsonb, 'Lightning Rod', NULL, NULL);
END $$;

-- Clay (Gym Leader)
DO $$
DECLARE
  v_trainer_id UUID;
  v_route_id UUID;
BEGIN
  SELECT id INTO v_route_id FROM public.routes WHERE slug = 'driftveil-city' AND game_id = 'a3b4c5d6-e7f8-9012-a345-678901234567';
  INSERT INTO public.trainers (route_id, name, trainer_class, is_boss, boss_type, level_cap, display_order, notes)
  VALUES (v_route_id, 'Clay', 'Gym Leader', true, 'gym_leader', 31, 1, 'Ground-type specialist. Quake Badge.')
  RETURNING id INTO v_trainer_id;

  INSERT INTO public.trainer_pokemon (trainer_id, pokemon_national_dex_id, level, slot_order, moves, ability, held_item, nature)
  VALUES (v_trainer_id, 552, 29, 1, '["Crunch", "Torment", "Bulldoze", "Swagger"]'::jsonb, 'Intimidate', NULL, NULL);
  INSERT INTO public.trainer_pokemon (trainer_id, pokemon_national_dex_id, level, slot_order, moves, ability, held_item, nature)
  VALUES (v_trainer_id, 536, 29, 2, '["Muddy Water", "BubbleBeam", "Mud Shot", "Aqua Ring"]'::jsonb, 'Swift Swim', NULL, NULL);
  INSERT INTO public.trainer_pokemon (trainer_id, pokemon_national_dex_id, level, slot_order, moves, ability, held_item, nature)
  VALUES (v_trainer_id, 530, 31, 3, '["Bulldoze", "Slash", "Metal Claw", "Hone Claws"]'::jsonb, 'Sand Rush', NULL, NULL);
END $$;

-- Skyla (Gym Leader)
DO $$
DECLARE
  v_trainer_id UUID;
  v_route_id UUID;
BEGIN
  SELECT id INTO v_route_id FROM public.routes WHERE slug = 'mistralton-city' AND game_id = 'a3b4c5d6-e7f8-9012-a345-678901234567';
  INSERT INTO public.trainers (route_id, name, trainer_class, is_boss, boss_type, level_cap, display_order, notes)
  VALUES (v_route_id, 'Skyla', 'Gym Leader', true, 'gym_leader', 35, 1, 'Flying-type specialist. Jet Badge.')
  RETURNING id INTO v_trainer_id;

  INSERT INTO public.trainer_pokemon (trainer_id, pokemon_national_dex_id, level, slot_order, moves, ability, held_item, nature)
  VALUES (v_trainer_id, 528, 33, 1, '["Heart Stamp", "Acrobatics", "Assurance", "Attract"]'::jsonb, 'Unaware', NULL, NULL);
  INSERT INTO public.trainer_pokemon (trainer_id, pokemon_national_dex_id, level, slot_order, moves, ability, held_item, nature)
  VALUES (v_trainer_id, 521, 33, 2, '["Air Slash", "Razor Wind", "Quick Attack", "Leer"]'::jsonb, 'Super Luck', NULL, NULL);
  INSERT INTO public.trainer_pokemon (trainer_id, pokemon_national_dex_id, level, slot_order, moves, ability, held_item, nature)
  VALUES (v_trainer_id, 581, 35, 3, '["Air Slash", "BubbleBeam", "Aerial Ace", "FeatherDance"]'::jsonb, 'Keen Eye', NULL, NULL);
END $$;

-- Brycen (Gym Leader)
DO $$
DECLARE
  v_trainer_id UUID;
  v_route_id UUID;
BEGIN
  SELECT id INTO v_route_id FROM public.routes WHERE slug = 'icirrus-city' AND game_id = 'a3b4c5d6-e7f8-9012-a345-678901234567';
  INSERT INTO public.trainers (route_id, name, trainer_class, is_boss, boss_type, level_cap, display_order, notes)
  VALUES (v_route_id, 'Brycen', 'Gym Leader', true, 'gym_leader', 39, 1, 'Ice-type specialist. Freeze Badge.')
  RETURNING id INTO v_trainer_id;

  INSERT INTO public.trainer_pokemon (trainer_id, pokemon_national_dex_id, level, slot_order, moves, ability, held_item, nature)
  VALUES (v_trainer_id, 583, 37, 1, '["Frost Breath", "Acid Armor", "Astonish", "Mirror Shot"]'::jsonb, 'Ice Body', NULL, NULL);
  INSERT INTO public.trainer_pokemon (trainer_id, pokemon_national_dex_id, level, slot_order, moves, ability, held_item, nature)
  VALUES (v_trainer_id, 615, 37, 2, '["Frost Breath", "Aurora Beam", "Reflect", "Rapid Spin"]'::jsonb, 'Levitate', NULL, NULL);
  INSERT INTO public.trainer_pokemon (trainer_id, pokemon_national_dex_id, level, slot_order, moves, ability, held_item, nature)
  VALUES (v_trainer_id, 614, 39, 3, '["Icicle Crash", "Brine", "Swagger", "Slash"]'::jsonb, 'Snow Cloak', NULL, NULL);
END $$;

-- Shauntal (Elite Four)
DO $$
DECLARE
  v_trainer_id UUID;
  v_route_id UUID;
BEGIN
  SELECT id INTO v_route_id FROM public.routes WHERE slug = 'pokemon-league' AND game_id = 'a3b4c5d6-e7f8-9012-a345-678901234567';
  INSERT INTO public.trainers (route_id, name, trainer_class, is_boss, boss_type, level_cap, display_order, notes)
  VALUES (v_route_id, 'Shauntal', 'Elite Four', true, 'elite_four', 50, 1, 'Ghost-type specialist.')
  RETURNING id INTO v_trainer_id;

  INSERT INTO public.trainer_pokemon (trainer_id, pokemon_national_dex_id, level, slot_order, moves, ability, held_item, nature)
  VALUES (v_trainer_id, 563, 48, 1, '["Shadow Ball", "Psychic", "Will-O-Wisp", "Grass Knot"]'::jsonb, 'Mummy', NULL, NULL);
  INSERT INTO public.trainer_pokemon (trainer_id, pokemon_national_dex_id, level, slot_order, moves, ability, held_item, nature)
  VALUES (v_trainer_id, 593, 48, 2, '["Shadow Ball", "Surf", "Energy Ball", "Brine"]'::jsonb, 'Cursed Body', NULL, NULL);
  INSERT INTO public.trainer_pokemon (trainer_id, pokemon_national_dex_id, level, slot_order, moves, ability, held_item, nature)
  VALUES (v_trainer_id, 623, 48, 3, '["Shadow Punch", "Earthquake", "Brick Break", "Curse"]'::jsonb, 'Iron Fist', NULL, NULL);
  INSERT INTO public.trainer_pokemon (trainer_id, pokemon_national_dex_id, level, slot_order, moves, ability, held_item, nature)
  VALUES (v_trainer_id, 609, 50, 4, '["Shadow Ball", "Fire Blast", "Energy Ball", "Psychic"]'::jsonb, 'Flame Body', NULL, NULL);
END $$;

-- Marshal (Elite Four)
DO $$
DECLARE
  v_trainer_id UUID;
  v_route_id UUID;
BEGIN
  SELECT id INTO v_route_id FROM public.routes WHERE slug = 'pokemon-league' AND game_id = 'a3b4c5d6-e7f8-9012-a345-678901234567';
  INSERT INTO public.trainers (route_id, name, trainer_class, is_boss, boss_type, level_cap, display_order, notes)
  VALUES (v_route_id, 'Marshal', 'Elite Four', true, 'elite_four', 50, 2, 'Fighting-type specialist.')
  RETURNING id INTO v_trainer_id;

  INSERT INTO public.trainer_pokemon (trainer_id, pokemon_national_dex_id, level, slot_order, moves, ability, held_item, nature)
  VALUES (v_trainer_id, 538, 48, 1, '["Storm Throw", "Stone Edge", "Bulldoze", "Payback"]'::jsonb, 'Guts', NULL, NULL);
  INSERT INTO public.trainer_pokemon (trainer_id, pokemon_national_dex_id, level, slot_order, moves, ability, held_item, nature)
  VALUES (v_trainer_id, 539, 48, 2, '["Karate Chop", "Retaliate", "Rock Slide", "Grass Knot"]'::jsonb, 'Sturdy', NULL, NULL);
  INSERT INTO public.trainer_pokemon (trainer_id, pokemon_national_dex_id, level, slot_order, moves, ability, held_item, nature)
  VALUES (v_trainer_id, 534, 48, 3, '["Hammer Arm", "Stone Edge", "Bulk Up", "Retaliate"]'::jsonb, 'Guts', NULL, NULL);
  INSERT INTO public.trainer_pokemon (trainer_id, pokemon_national_dex_id, level, slot_order, moves, ability, held_item, nature)
  VALUES (v_trainer_id, 620, 50, 4, '["Hi Jump Kick", "U-turn", "Rock Slide", "Retaliate"]'::jsonb, 'Inner Focus', NULL, NULL);
END $$;

-- Grimsley (Elite Four)
DO $$
DECLARE
  v_trainer_id UUID;
  v_route_id UUID;
BEGIN
  SELECT id INTO v_route_id FROM public.routes WHERE slug = 'pokemon-league' AND game_id = 'a3b4c5d6-e7f8-9012-a345-678901234567';
  INSERT INTO public.trainers (route_id, name, trainer_class, is_boss, boss_type, level_cap, display_order, notes)
  VALUES (v_route_id, 'Grimsley', 'Elite Four', true, 'elite_four', 50, 3, 'Dark-type specialist.')
  RETURNING id INTO v_trainer_id;

  INSERT INTO public.trainer_pokemon (trainer_id, pokemon_national_dex_id, level, slot_order, moves, ability, held_item, nature)
  VALUES (v_trainer_id, 560, 48, 1, '["Crunch", "Brick Break", "Poison Jab", "Sand-Attack"]'::jsonb, 'Moxie', NULL, NULL);
  INSERT INTO public.trainer_pokemon (trainer_id, pokemon_national_dex_id, level, slot_order, moves, ability, held_item, nature)
  VALUES (v_trainer_id, 553, 48, 2, '["Crunch", "Earthquake", "Dragon Claw", "Foul Play"]'::jsonb, 'Intimidate', NULL, NULL);
  INSERT INTO public.trainer_pokemon (trainer_id, pokemon_national_dex_id, level, slot_order, moves, ability, held_item, nature)
  VALUES (v_trainer_id, 510, 48, 3, '["Night Slash", "Fake Out", "Aerial Ace", "Attract"]'::jsonb, 'Limber', NULL, NULL);
  INSERT INTO public.trainer_pokemon (trainer_id, pokemon_national_dex_id, level, slot_order, moves, ability, held_item, nature)
  VALUES (v_trainer_id, 625, 50, 4, '["Night Slash", "X-Scissor", "Metal Claw", "Aerial Ace"]'::jsonb, 'Defiant', NULL, NULL);
END $$;

-- Caitlin (Elite Four)
DO $$
DECLARE
  v_trainer_id UUID;
  v_route_id UUID;
BEGIN
  SELECT id INTO v_route_id FROM public.routes WHERE slug = 'pokemon-league' AND game_id = 'a3b4c5d6-e7f8-9012-a345-678901234567';
  INSERT INTO public.trainers (route_id, name, trainer_class, is_boss, boss_type, level_cap, display_order, notes)
  VALUES (v_route_id, 'Caitlin', 'Elite Four', true, 'elite_four', 50, 4, 'Psychic-type specialist.')
  RETURNING id INTO v_trainer_id;

  INSERT INTO public.trainer_pokemon (trainer_id, pokemon_national_dex_id, level, slot_order, moves, ability, held_item, nature)
  VALUES (v_trainer_id, 579, 48, 1, '["Psychic", "Focus Blast", "Energy Ball", "Thunder"]'::jsonb, 'Magic Guard', NULL, NULL);
  INSERT INTO public.trainer_pokemon (trainer_id, pokemon_national_dex_id, level, slot_order, moves, ability, held_item, nature)
  VALUES (v_trainer_id, 518, 48, 2, '["Psychic", "Shadow Ball", "Charge Beam", "Reflect"]'::jsonb, 'Forewarn', NULL, NULL);
  INSERT INTO public.trainer_pokemon (trainer_id, pokemon_national_dex_id, level, slot_order, moves, ability, held_item, nature)
  VALUES (v_trainer_id, 561, 48, 3, '["Psychic", "Air Slash", "Shadow Ball", "Ice Beam"]'::jsonb, 'Magic Guard', NULL, NULL);
  INSERT INTO public.trainer_pokemon (trainer_id, pokemon_national_dex_id, level, slot_order, moves, ability, held_item, nature)
  VALUES (v_trainer_id, 576, 50, 4, '["Psychic", "Thunderbolt", "Shadow Ball", "Calm Mind"]'::jsonb, 'Shadow Tag', NULL, NULL);
END $$;

-- Iris (Gym Leader)
DO $$
DECLARE
  v_trainer_id UUID;
  v_route_id UUID;
BEGIN
  SELECT id INTO v_route_id FROM public.routes WHERE slug = 'opelucid-city' AND game_id = 'a3b4c5d6-e7f8-9012-a345-678901234567';
  INSERT INTO public.trainers (route_id, name, trainer_class, is_boss, boss_type, level_cap, display_order, notes)
  VALUES (v_route_id, 'Iris', 'Gym Leader', true, 'gym_leader', 43, 1, 'Dragon-type specialist. Legend Badge. White version.')
  RETURNING id INTO v_trainer_id;

  INSERT INTO public.trainer_pokemon (trainer_id, pokemon_national_dex_id, level, slot_order, moves, ability, held_item, nature)
  VALUES (v_trainer_id, 611, 41, 1, '["Dragon Tail", "Dragon Dance", "Assurance", "Slash"]'::jsonb, 'Rivalry', NULL, NULL);
  INSERT INTO public.trainer_pokemon (trainer_id, pokemon_national_dex_id, level, slot_order, moves, ability, held_item, nature)
  VALUES (v_trainer_id, 621, 41, 2, '["Dragon Tail", "Revenge", "Night Slash", "Crunch"]'::jsonb, 'Sheer Force', NULL, NULL);
  INSERT INTO public.trainer_pokemon (trainer_id, pokemon_national_dex_id, level, slot_order, moves, ability, held_item, nature)
  VALUES (v_trainer_id, 612, 43, 3, '["Dragon Tail", "Dragon Dance", "Slash", "Assurance"]'::jsonb, 'Mold Breaker', NULL, NULL);
END $$;

-- N (Champion)
DO $$
DECLARE
  v_trainer_id UUID;
  v_route_id UUID;
BEGIN
  SELECT id INTO v_route_id FROM public.routes WHERE slug = 'pokemon-league' AND game_id = 'a3b4c5d6-e7f8-9012-a345-678901234567';
  INSERT INTO public.trainers (route_id, name, trainer_class, is_boss, boss_type, level_cap, display_order, notes)
  VALUES (v_route_id, 'N', 'Champion', true, 'champion', 52, 5, 'Final rival battle. Team Plasma King. Reshiram in White.')
  RETURNING id INTO v_trainer_id;

  INSERT INTO public.trainer_pokemon (trainer_id, pokemon_national_dex_id, level, slot_order, moves, ability, held_item, nature)
  VALUES (v_trainer_id, 643, 52, 1, '["Fusion Flare", "Extrasensory", "Dragon Breath", "Hyper Beam"]'::jsonb, 'Turboblaze', NULL, NULL);
  INSERT INTO public.trainer_pokemon (trainer_id, pokemon_national_dex_id, level, slot_order, moves, ability, held_item, nature)
  VALUES (v_trainer_id, 565, 50, 2, '["Stone Edge", "Aqua Jet", "Crunch", "Shell Smash"]'::jsonb, 'Solid Rock', NULL, NULL);
  INSERT INTO public.trainer_pokemon (trainer_id, pokemon_national_dex_id, level, slot_order, moves, ability, held_item, nature)
  VALUES (v_trainer_id, 584, 50, 3, '["Blizzard", "Flash Cannon", "Frost Breath", "Hail"]'::jsonb, 'Ice Body', NULL, NULL);
  INSERT INTO public.trainer_pokemon (trainer_id, pokemon_national_dex_id, level, slot_order, moves, ability, held_item, nature)
  VALUES (v_trainer_id, 567, 50, 4, '["Acrobatics", "Stone Edge", "Dragon Claw", "Crunch"]'::jsonb, 'Defeatist', NULL, NULL);
  INSERT INTO public.trainer_pokemon (trainer_id, pokemon_national_dex_id, level, slot_order, moves, ability, held_item, nature)
  VALUES (v_trainer_id, 571, 50, 5, '["Night Slash", "Flamethrower", "Focus Blast", "Retaliate"]'::jsonb, 'Illusion', NULL, NULL);
  INSERT INTO public.trainer_pokemon (trainer_id, pokemon_national_dex_id, level, slot_order, moves, ability, held_item, nature)
  VALUES (v_trainer_id, 601, 50, 6, '["Flash Cannon", "Thunderbolt", "Hyper Beam", "Metal Sound"]'::jsonb, 'Plus', NULL, NULL);
END $$;

-- Ghetsis (Evil Team Leader)
DO $$
DECLARE
  v_trainer_id UUID;
  v_route_id UUID;
BEGIN
  SELECT id INTO v_route_id FROM public.routes WHERE slug = 'pokemon-league' AND game_id = 'a3b4c5d6-e7f8-9012-a345-678901234567';
  INSERT INTO public.trainers (route_id, name, trainer_class, is_boss, boss_type, level_cap, display_order, notes)
  VALUES (v_route_id, 'Ghetsis', 'Evil Team Leader', true, 'evil_team_leader', 54, 6, 'True final boss. Team Plasma leader.')
  RETURNING id INTO v_trainer_id;

  INSERT INTO public.trainer_pokemon (trainer_id, pokemon_national_dex_id, level, slot_order, moves, ability, held_item, nature)
  VALUES (v_trainer_id, 563, 52, 1, '["Shadow Ball", "Psychic", "Toxic", "Protect"]'::jsonb, 'Mummy', NULL, NULL);
  INSERT INTO public.trainer_pokemon (trainer_id, pokemon_national_dex_id, level, slot_order, moves, ability, held_item, nature)
  VALUES (v_trainer_id, 626, 52, 2, '["Head Charge", "Wild Charge", "Earthquake", "Poison Jab"]'::jsonb, 'Reckless', NULL, NULL);
  INSERT INTO public.trainer_pokemon (trainer_id, pokemon_national_dex_id, level, slot_order, moves, ability, held_item, nature)
  VALUES (v_trainer_id, 537, 52, 3, '["Muddy Water", "Earthquake", "Rain Dance", "Sludge Wave"]'::jsonb, 'Swift Swim', NULL, NULL);
  INSERT INTO public.trainer_pokemon (trainer_id, pokemon_national_dex_id, level, slot_order, moves, ability, held_item, nature)
  VALUES (v_trainer_id, 625, 52, 4, '["Night Slash", "X-Scissor", "Stone Edge", "Metal Burst"]'::jsonb, 'Defiant', NULL, NULL);
  INSERT INTO public.trainer_pokemon (trainer_id, pokemon_national_dex_id, level, slot_order, moves, ability, held_item, nature)
  VALUES (v_trainer_id, 604, 52, 5, '["Wild Charge", "Crunch", "Flamethrower", "Acrobatics"]'::jsonb, 'Levitate', NULL, NULL);
  INSERT INTO public.trainer_pokemon (trainer_id, pokemon_national_dex_id, level, slot_order, moves, ability, held_item, nature)
  VALUES (v_trainer_id, 635, 54, 6, '["Dragon Pulse", "Fire Blast", "Surf", "Focus Blast"]'::jsonb, 'Levitate', NULL, NULL);
END $$;

-- Update total_routes count
UPDATE public.games SET total_routes = 52 WHERE id = 'a3b4c5d6-e7f8-9012-a345-678901234567';
-- ===========================================
-- POKEMON BLACK 2: COMPLETE GAME DATA
-- Official Pokemon Game
-- Gen 5, Unova region
-- ===========================================
-- Game ID: b4c5d6e7-f8a9-0123-b456-789012345678
-- ===========================================

-- STEP 1: Insert the game
INSERT INTO public.games (id, slug, name, generation, region, base_game_slug, is_romhack, sprite_url, total_routes, description)
VALUES (
  'b4c5d6e7-f8a9-0123-b456-789012345678',
  'pokemon-black-2',
  'Pokemon Black 2',
  5,
  'Unova',
  NULL,
  false,
  'https://raw.githubusercontent.com/PokeAPI/sprites/master/sprites/pokemon/646.png',
  62,
  'Pokemon Black 2 Version for Nintendo DS. A direct sequel set 2 years after Black/White. Features Black Kyurem.'
);

-- ===========================================
-- STEP 2: ALL ROUTES (62 total)
-- ===========================================

INSERT INTO public.routes (game_id, name, slug, display_order, route_type, has_encounters, has_trainers, has_items, notes) VALUES
('b4c5d6e7-f8a9-0123-b456-789012345678', 'Aspertia City', 'aspertia-city', 1, 'city', true, true, false, 'Starting city. Gym Leader Cheren. Normal-type.'),
('b4c5d6e7-f8a9-0123-b456-789012345678', 'Route 19', 'route-19', 2, 'route', true, true, false, NULL),
('b4c5d6e7-f8a9-0123-b456-789012345678', 'Floccesy Town', 'floccesy-town', 3, 'city', true, false, false, NULL),
('b4c5d6e7-f8a9-0123-b456-789012345678', 'Floccesy Ranch', 'floccesy-ranch', 4, 'route', true, true, false, NULL),
('b4c5d6e7-f8a9-0123-b456-789012345678', 'Route 20', 'route-20', 5, 'route', true, true, false, NULL),
('b4c5d6e7-f8a9-0123-b456-789012345678', 'Virbank City', 'virbank-city', 6, 'city', true, true, false, 'Gym Leader Roxie. Poison-type specialist.'),
('b4c5d6e7-f8a9-0123-b456-789012345678', 'Virbank Complex', 'virbank-complex', 7, 'building', true, true, false, NULL),
('b4c5d6e7-f8a9-0123-b456-789012345678', 'Castelia City', 'castelia-city', 8, 'city', false, true, true, 'Gym Leader Burgh. Bug-type specialist.'),
('b4c5d6e7-f8a9-0123-b456-789012345678', 'Castelia Sewers', 'castelia-sewers', 9, 'cave', true, true, false, NULL),
('b4c5d6e7-f8a9-0123-b456-789012345678', 'Route 4', 'route-4', 10, 'route', true, true, false, NULL),
('b4c5d6e7-f8a9-0123-b456-789012345678', 'Desert Resort', 'desert-resort', 11, 'route', true, true, false, NULL),
('b4c5d6e7-f8a9-0123-b456-789012345678', 'Relic Castle', 'relic-castle', 12, 'cave', true, false, true, NULL),
('b4c5d6e7-f8a9-0123-b456-789012345678', 'Nimbasa City', 'nimbasa-city', 13, 'city', false, true, false, 'Gym Leader Elesa. Electric-type specialist.'),
('b4c5d6e7-f8a9-0123-b456-789012345678', 'Route 5', 'route-5', 14, 'route', true, true, false, NULL),
('b4c5d6e7-f8a9-0123-b456-789012345678', 'Driftveil Drawbridge', 'driftveil-drawbridge', 15, 'route', true, false, false, 'Ducklett wing shadows.'),
('b4c5d6e7-f8a9-0123-b456-789012345678', 'Driftveil City', 'driftveil-city', 16, 'city', false, true, false, 'Gym Leader Clay. Ground-type specialist.'),
('b4c5d6e7-f8a9-0123-b456-789012345678', 'Relic Passage', 'relic-passage', 17, 'cave', true, false, true, NULL),
('b4c5d6e7-f8a9-0123-b456-789012345678', 'Route 6', 'route-6', 18, 'route', true, true, false, NULL),
('b4c5d6e7-f8a9-0123-b456-789012345678', 'Chargestone Cave', 'chargestone-cave', 19, 'cave', true, true, true, NULL),
('b4c5d6e7-f8a9-0123-b456-789012345678', 'Mistralton City', 'mistralton-city', 20, 'city', false, true, false, 'Gym Leader Skyla. Flying-type specialist.'),
('b4c5d6e7-f8a9-0123-b456-789012345678', 'Mistralton Cave', 'mistralton-cave', 21, 'cave', true, false, true, NULL),
('b4c5d6e7-f8a9-0123-b456-789012345678', 'Route 7', 'route-7', 22, 'route', true, true, false, NULL),
('b4c5d6e7-f8a9-0123-b456-789012345678', 'Celestial Tower', 'celestial-tower', 23, 'building', true, true, false, NULL),
('b4c5d6e7-f8a9-0123-b456-789012345678', 'Lentimas Town', 'lentimas-town', 24, 'city', false, false, false, NULL),
('b4c5d6e7-f8a9-0123-b456-789012345678', 'Reversal Mountain', 'reversal-mountain', 25, 'cave', true, true, true, NULL),
('b4c5d6e7-f8a9-0123-b456-789012345678', 'Strange House', 'strange-house', 26, 'building', true, false, true, NULL),
('b4c5d6e7-f8a9-0123-b456-789012345678', 'Undella Town', 'undella-town', 27, 'city', true, false, false, NULL),
('b4c5d6e7-f8a9-0123-b456-789012345678', 'Route 13', 'route-13', 28, 'route', true, true, false, NULL),
('b4c5d6e7-f8a9-0123-b456-789012345678', 'Lacunosa Town', 'lacunosa-town', 29, 'city', false, false, false, NULL),
('b4c5d6e7-f8a9-0123-b456-789012345678', 'Route 12', 'route-12', 30, 'route', true, true, false, NULL),
('b4c5d6e7-f8a9-0123-b456-789012345678', 'Village Bridge', 'village-bridge', 31, 'route', true, true, false, NULL),
('b4c5d6e7-f8a9-0123-b456-789012345678', 'Route 11', 'route-11', 32, 'route', true, true, false, NULL),
('b4c5d6e7-f8a9-0123-b456-789012345678', 'Opelucid City', 'opelucid-city', 33, 'city', false, true, false, 'Gym Leader Drayden. Dragon-type specialist.'),
('b4c5d6e7-f8a9-0123-b456-789012345678', 'Route 9', 'route-9', 34, 'route', true, true, false, NULL),
('b4c5d6e7-f8a9-0123-b456-789012345678', 'Humilau City', 'humilau-city', 35, 'city', true, true, false, 'Gym Leader Marlon. Water-type specialist.'),
('b4c5d6e7-f8a9-0123-b456-789012345678', 'Route 22', 'route-22', 36, 'route', true, true, false, NULL),
('b4c5d6e7-f8a9-0123-b456-789012345678', 'Route 21', 'route-21', 37, 'water', true, true, false, NULL),
('b4c5d6e7-f8a9-0123-b456-789012345678', 'Seaside Cave', 'seaside-cave', 38, 'cave', true, true, true, NULL),
('b4c5d6e7-f8a9-0123-b456-789012345678', 'Route 23', 'route-23', 39, 'route', true, true, false, NULL),
('b4c5d6e7-f8a9-0123-b456-789012345678', 'Giant Chasm', 'giant-chasm', 40, 'cave', true, true, true, 'Kyurem encounter.'),
('b4c5d6e7-f8a9-0123-b456-789012345678', 'Victory Road', 'victory-road', 41, 'cave', true, true, true, NULL),
('b4c5d6e7-f8a9-0123-b456-789012345678', 'Pokemon League', 'pokemon-league', 42, 'building', false, true, false, 'Elite Four and Champion Iris.'),
('b4c5d6e7-f8a9-0123-b456-789012345678', 'Route 1', 'route-1', 43, 'route', true, false, false, NULL),
('b4c5d6e7-f8a9-0123-b456-789012345678', 'Route 2', 'route-2', 44, 'route', true, true, false, NULL),
('b4c5d6e7-f8a9-0123-b456-789012345678', 'Route 3', 'route-3', 45, 'route', true, true, false, NULL),
('b4c5d6e7-f8a9-0123-b456-789012345678', 'Dreamyard', 'dreamyard', 46, 'route', true, false, false, NULL),
('b4c5d6e7-f8a9-0123-b456-789012345678', 'Pinwheel Forest', 'pinwheel-forest', 47, 'route', true, false, false, NULL),
('b4c5d6e7-f8a9-0123-b456-789012345678', 'Twist Mountain', 'twist-mountain', 48, 'cave', true, false, true, NULL),
('b4c5d6e7-f8a9-0123-b456-789012345678', 'Dragonspiral Tower', 'dragonspiral-tower', 49, 'building', true, false, false, NULL),
('b4c5d6e7-f8a9-0123-b456-789012345678', 'Moor of Icirrus', 'moor-of-icirrus', 50, 'route', true, false, false, NULL),
('b4c5d6e7-f8a9-0123-b456-789012345678', 'Route 8', 'route-8', 51, 'route', true, true, false, NULL),
('b4c5d6e7-f8a9-0123-b456-789012345678', 'Undella Bay', 'undella-bay', 52, 'water', true, true, false, NULL),
('b4c5d6e7-f8a9-0123-b456-789012345678', 'Route 14', 'route-14', 53, 'route', true, true, false, NULL),
('b4c5d6e7-f8a9-0123-b456-789012345678', 'Abundant Shrine', 'abundant-shrine', 54, 'special', true, false, false, NULL),
('b4c5d6e7-f8a9-0123-b456-789012345678', 'Route 15', 'route-15', 55, 'route', true, true, false, NULL),
('b4c5d6e7-f8a9-0123-b456-789012345678', 'Route 16', 'route-16', 56, 'route', true, true, false, NULL),
('b4c5d6e7-f8a9-0123-b456-789012345678', 'Lostlorn Forest', 'lostlorn-forest', 57, 'route', true, false, false, NULL),
('b4c5d6e7-f8a9-0123-b456-789012345678', 'Route 17', 'route-17', 58, 'water', true, true, false, NULL),
('b4c5d6e7-f8a9-0123-b456-789012345678', 'Route 18', 'route-18', 59, 'route', true, true, false, NULL),
('b4c5d6e7-f8a9-0123-b456-789012345678', 'P2 Laboratory', 'p2-laboratory', 60, 'building', true, false, true, NULL),
('b4c5d6e7-f8a9-0123-b456-789012345678', 'Clay Tunnel', 'clay-tunnel', 61, 'cave', true, false, true, NULL),
('b4c5d6e7-f8a9-0123-b456-789012345678', 'Nature Sanctuary', 'nature-sanctuary', 62, 'special', true, false, false, NULL);

-- ===========================================
-- STEP 3: STARTER POKEMON
-- ===========================================

INSERT INTO public.encounters (route_id, pokemon_national_dex_id, method, encounter_rate, level_min, level_max)
SELECT r.id, 495, 'gift', NULL, 5, 5
FROM public.routes r WHERE r.slug = 'aspertia-city' AND r.game_id = 'b4c5d6e7-f8a9-0123-b456-789012345678';

INSERT INTO public.encounters (route_id, pokemon_national_dex_id, method, encounter_rate, level_min, level_max)
SELECT r.id, 498, 'gift', NULL, 5, 5
FROM public.routes r WHERE r.slug = 'aspertia-city' AND r.game_id = 'b4c5d6e7-f8a9-0123-b456-789012345678';

INSERT INTO public.encounters (route_id, pokemon_national_dex_id, method, encounter_rate, level_min, level_max)
SELECT r.id, 501, 'gift', NULL, 5, 5
FROM public.routes r WHERE r.slug = 'aspertia-city' AND r.game_id = 'b4c5d6e7-f8a9-0123-b456-789012345678';

-- ===========================================
-- STEP 4: ENCOUNTER DATA (822 total)
-- ===========================================

CREATE TEMP TABLE _enc (slug TEXT, dex INT, method TEXT, rate DECIMAL(5,2), lmin INT, lmax INT, cond TEXT, ver_excl TEXT);
INSERT INTO _enc VALUES
('aspertia-city', 118, 'fishing_super', 100.00, 40, 70, NULL, NULL),
('aspertia-city', 119, 'fishing_super', 20.00, 50, 70, NULL, NULL),
('aspertia-city', 495, 'gift', 100.00, 5, 5, NULL, NULL),
('aspertia-city', 498, 'gift', 100.00, 5, 5, NULL, NULL),
('aspertia-city', 501, 'gift', 100.00, 5, 5, NULL, NULL),
('aspertia-city', 550, 'fishing_super', 40.00, 40, 60, NULL, NULL),
('aspertia-city', 550, 'surfing', 100.00, 5, 15, NULL, NULL),
('aspertia-city', 10016, 'fishing_super', 40.00, 40, 60, NULL, NULL),
('aspertia-city', 10016, 'surfing', 100.00, 5, 15, NULL, NULL),
('route-19', 60, 'fishing_super', 60.00, 40, 70, NULL, NULL),
('route-19', 61, 'fishing_super', 55.00, 40, 70, NULL, NULL),
('route-19', 186, 'fishing_super', 5.00, 50, 70, NULL, NULL),
('route-19', 504, 'walking', 150.00, 2, 4, NULL, NULL),
('route-19', 509, 'walking', 50.00, 2, 4, NULL, NULL),
('route-19', 550, 'fishing_super', 40.00, 40, 60, NULL, NULL),
('route-19', 550, 'surfing', 100.00, 5, 15, NULL, NULL),
('route-19', 10016, 'fishing_super', 40.00, 40, 60, NULL, NULL),
('route-19', 10016, 'surfing', 100.00, 5, 15, NULL, NULL),
('floccesy-town', 443, 'gift', 100.00, 1, 1, NULL, NULL),
('floccesy-ranch', 60, 'fishing_super', 120.00, 40, 70, NULL, NULL),
('floccesy-ranch', 61, 'fishing_super', 110.00, 40, 70, NULL, NULL),
('floccesy-ranch', 183, 'surfing', 60.00, 5, 15, NULL, NULL),
('floccesy-ranch', 184, 'surfing', 10.00, 5, 15, NULL, NULL),
('floccesy-ranch', 186, 'fishing_super', 10.00, 50, 70, NULL, NULL),
('floccesy-ranch', 298, 'surfing', 60.00, 5, 15, NULL, NULL),
('floccesy-ranch', 550, 'fishing_super', 80.00, 40, 60, NULL, NULL),
('floccesy-ranch', 550, 'surfing', 140.00, 5, 15, NULL, NULL),
('floccesy-ranch', 10016, 'fishing_super', 80.00, 40, 60, NULL, NULL),
('floccesy-ranch', 10016, 'surfing', 130.00, 5, 15, NULL, NULL),
('floccesy-ranch', 54, 'walking', 10.00, 5, 5, NULL, NULL),
('floccesy-ranch', 179, 'walking', 10.00, 5, 5, NULL, NULL),
('floccesy-ranch', 206, 'walking', 10.00, 5, 5, NULL, NULL),
('floccesy-ranch', 298, 'walking', 20.00, 5, 5, NULL, NULL),
('floccesy-ranch', 447, 'walking', 5.00, 5, 7, NULL, NULL),
('floccesy-ranch', 504, 'walking', 10.00, 5, 5, NULL, NULL),
('floccesy-ranch', 506, 'walking', 40.00, 4, 7, NULL, NULL),
('floccesy-ranch', 519, 'walking', 5.00, 7, 7, NULL, NULL),
('floccesy-ranch', 531, 'walking', 90.00, 4, 7, NULL, NULL),
('route-20', 60, 'fishing_super', 60.00, 40, 70, NULL, NULL),
('route-20', 61, 'fishing_super', 55.00, 40, 70, NULL, NULL),
('route-20', 183, 'surfing', 30.00, 5, 15, NULL, NULL),
('route-20', 184, 'surfing', 5.00, 5, 15, NULL, NULL),
('route-20', 186, 'fishing_super', 5.00, 50, 70, NULL, NULL),
('route-20', 191, 'walking', 50.00, 2, 11, 'Summer', NULL),
('route-20', 191, 'walking', 8.00, 4, 11, 'Spring', NULL),
('route-20', 191, 'walking', 8.00, 4, 11, 'Autumn', NULL),
('route-20', 191, 'walking', 8.00, 4, 11, 'Winter', NULL),
('route-20', 191, 'walking', 2.00, 4, 11, NULL, NULL),
('route-20', 206, 'walking', 10.00, 3, 3, NULL, NULL),
('route-20', 298, 'surfing', 30.00, 5, 15, NULL, NULL),
('route-20', 504, 'walking', 40.00, 3, 10, NULL, NULL),
('route-20', 509, 'walking', 28.00, 3, 11, NULL, NULL),
('route-20', 509, 'walking', 2.00, 4, 11, 'Spring', NULL),
('route-20', 509, 'walking', 2.00, 4, 11, 'Autumn', NULL),
('route-20', 509, 'walking', 2.00, 4, 11, 'Winter', NULL),
('route-20', 519, 'walking', 40.00, 2, 9, 'Spring', NULL),
('route-20', 519, 'walking', 40.00, 2, 9, 'Autumn', NULL),
('route-20', 519, 'walking', 40.00, 2, 9, 'Winter', NULL),
('route-20', 519, 'walking', 10.00, 4, 10, NULL, NULL),
('route-20', 531, 'walking', 90.00, 2, 4, NULL, NULL),
('route-20', 540, 'walking', 50.00, 2, 11, NULL, NULL),
('route-20', 543, 'walking', 20.00, 10, 10, NULL, NULL),
('route-20', 550, 'fishing_super', 40.00, 40, 60, NULL, NULL),
('route-20', 550, 'surfing', 70.00, 5, 15, NULL, NULL),
('route-20', 10016, 'fishing_super', 40.00, 40, 60, NULL, NULL),
('route-20', 10016, 'surfing', 65.00, 5, 15, NULL, NULL),
('virbank-city', 98, 'fishing_super', 80.00, 40, 60, NULL, NULL),
('virbank-city', 99, 'fishing_super', 20.00, 50, 70, NULL, NULL),
('virbank-city', 211, 'fishing_super', 5.00, 50, 70, NULL, NULL),
('virbank-city', 456, 'fishing_super', 55.00, 40, 70, NULL, NULL),
('virbank-city', 457, 'fishing_super', 40.00, 40, 60, NULL, NULL),
('virbank-city', 592, 'surfing', 100.00, 5, 15, NULL, NULL),
('virbank-city', 593, 'surfing', 5.00, 5, 15, NULL, NULL),
('virbank-city', 594, 'surfing', 95.00, 5, 15, NULL, NULL),
('virbank-complex', 81, 'walking', 65.00, 10, 13, NULL, NULL),
('virbank-complex', 98, 'fishing_super', 80.00, 40, 60, NULL, NULL),
('virbank-complex', 99, 'fishing_super', 20.00, 50, 70, NULL, NULL),
('virbank-complex', 211, 'fishing_super', 5.00, 50, 70, NULL, NULL),
('virbank-complex', 240, 'walking', 65.00, 10, 13, NULL, NULL),
('virbank-complex', 456, 'fishing_super', 55.00, 40, 70, NULL, NULL),
('virbank-complex', 457, 'fishing_super', 40.00, 40, 60, NULL, NULL),
('virbank-complex', 504, 'walking', 65.00, 10, 14, NULL, NULL),
('virbank-complex', 519, 'walking', 35.00, 10, 13, NULL, NULL),
('virbank-complex', 531, 'walking', 200.00, 10, 13, NULL, NULL),
('virbank-complex', 592, 'surfing', 100.00, 5, 15, NULL, NULL),
('virbank-complex', 593, 'surfing', 5.00, 5, 15, NULL, NULL),
('virbank-complex', 594, 'surfing', 95.00, 5, 15, NULL, NULL),
('virbank-complex', 58, 'walking', 40.00, 11, 14, NULL, NULL),
('virbank-complex', 109, 'walking', 30.00, 10, 14, NULL, NULL),
('castelia-sewers', 19, 'walking', 45.00, 14, 17, NULL, NULL),
('castelia-sewers', 41, 'walking', 45.00, 14, 17, NULL, NULL),
('castelia-sewers', 88, 'fishing_super', 180.00, 40, 70, NULL, NULL),
('castelia-sewers', 88, 'surfing', 195.00, 5, 20, NULL, NULL),
('castelia-sewers', 88, 'walking', 10.00, 15, 17, NULL, NULL),
('castelia-sewers', 89, 'fishing_super', 20.00, 50, 70, NULL, NULL),
('castelia-sewers', 89, 'surfing', 5.00, 5, 20, NULL, NULL),
('route-4', 211, 'fishing_super', 45.00, 40, 70, NULL, NULL),
('route-4', 366, 'fishing_super', 40.00, 40, 60, NULL, NULL),
('route-4', 367, 'fishing_super', 5.00, 50, 70, NULL, NULL),
('route-4', 369, 'fishing_super', 15.00, 50, 70, NULL, NULL),
('route-4', 456, 'fishing_super', 55.00, 40, 70, NULL, NULL),
('route-4', 457, 'fishing_super', 40.00, 40, 60, NULL, NULL),
('route-4', 551, 'walking', 35.00, 14, 17, NULL, NULL),
('route-4', 554, 'walking', 35.00, 14, 17, NULL, NULL),
('route-4', 559, 'walking', 5.00, 17, 17, NULL, NULL),
('route-4', 568, 'walking', 25.00, 14, 17, NULL, NULL),
('route-4', 592, 'surfing', 100.00, 5, 15, NULL, NULL),
('route-4', 593, 'surfing', 5.00, 5, 20, NULL, NULL),
('route-4', 594, 'surfing', 95.00, 5, 20, NULL, NULL),
('route-4', 630, 'static', 100.00, 25, 25, NULL, NULL),
('desert-resort', 27, 'walking', 25.00, 19, 20, NULL, NULL),
('desert-resort', 551, 'walking', 60.00, 18, 19, NULL, NULL),
('desert-resort', 554, 'walking', 50.00, 18, 19, NULL, NULL),
('desert-resort', 556, 'walking', 20.00, 19, 19, NULL, NULL),
('desert-resort', 557, 'walking', 20.00, 19, 21, NULL, NULL),
('desert-resort', 559, 'walking', 10.00, 19, 19, NULL, NULL),
('desert-resort', 328, 'walking', 5.00, 21, 21, NULL, NULL),
('desert-resort', 561, 'walking', 10.00, 19, 19, NULL, NULL),
('relic-castle', 27, 'walking', 20.00, 19, 20, NULL, NULL),
('relic-castle', 551, 'walking', 40.00, 18, 21, NULL, NULL),
('relic-castle', 562, 'walking', 40.00, 18, 21, NULL, NULL),
('route-5', 510, 'walking', 40.00, 22, 26, NULL, NULL),
('route-5', 531, 'walking', 85.00, 21, 24, NULL, NULL),
('route-5', 568, 'walking', 40.00, 21, 25, NULL, NULL),
('route-5', 572, 'walking', 60.00, 21, 26, NULL, NULL),
('route-5', 573, 'walking', 5.00, 24, 24, NULL, NULL),
('route-5', 574, 'walking', 60.00, 21, 26, NULL, NULL),
('route-5', 587, 'walking', 10.00, 22, 22, NULL, NULL),
('relic-passage', 19, 'walking', 10.00, 17, 17, NULL, NULL),
('relic-passage', 95, 'walking', 75.00, 16, 30, NULL, NULL),
('relic-passage', 524, 'walking', 34.00, 16, 18, NULL, NULL),
('relic-passage', 527, 'walking', 98.00, 16, 30, NULL, NULL),
('relic-passage', 529, 'walking', 240.00, 16, 30, NULL, NULL),
('relic-passage', 532, 'walking', 20.00, 17, 18, NULL, NULL),
('relic-passage', 20, 'walking', 10.00, 29, 29, NULL, NULL),
('relic-passage', 60, 'fishing_super', 60.00, 40, 70, NULL, NULL),
('relic-passage', 61, 'fishing_super', 55.00, 40, 70, NULL, NULL),
('relic-passage', 62, 'fishing_super', 5.00, 50, 70, NULL, NULL),
('relic-passage', 183, 'surfing', 90.00, 10, 30, NULL, NULL),
('relic-passage', 184, 'surfing', 5.00, 10, 30, NULL, NULL),
('relic-passage', 525, 'walking', 73.00, 27, 30, NULL, NULL),
('relic-passage', 533, 'walking', 40.00, 28, 30, NULL, NULL),
('relic-passage', 550, 'fishing_super', 40.00, 40, 60, NULL, NULL),
('relic-passage', 550, 'surfing', 70.00, 10, 30, NULL, NULL),
('relic-passage', 10016, 'fishing_super', 40.00, 40, 60, NULL, NULL),
('relic-passage', 10016, 'surfing', 35.00, 10, 30, NULL, NULL),
('route-6', 60, 'fishing_super', 60.00, 40, 70, NULL, NULL),
('route-6', 61, 'fishing_super', 55.00, 40, 70, NULL, NULL),
('route-6', 183, 'walking', 10.00, 25, 28, NULL, NULL),
('route-6', 183, 'surfing', 90.00, 10, 30, NULL, NULL),
('route-6', 184, 'walking', 5.00, 26, 26, NULL, NULL),
('route-6', 184, 'surfing', 5.00, 10, 30, NULL, NULL),
('route-6', 186, 'fishing_super', 5.00, 50, 70, NULL, NULL),
('route-6', 206, 'walking', 10.00, 25, 25, NULL, NULL),
('route-6', 351, 'walking', 5.00, 26, 26, NULL, NULL),
('route-6', 520, 'walking', 30.00, 26, 29, NULL, NULL),
('route-6', 521, 'walking', 5.00, 26, 26, NULL, NULL),
('route-6', 531, 'walking', 50.00, 23, 25, NULL, NULL),
('route-6', 541, 'walking', 20.00, 26, 29, NULL, NULL),
('route-6', 542, 'walking', 5.00, 26, 26, NULL, NULL),
('route-6', 550, 'fishing_super', 40.00, 40, 60, NULL, NULL),
('route-6', 550, 'surfing', 70.00, 10, 25, NULL, NULL),
('route-6', 585, 'walking', 60.00, 23, 28, NULL, NULL),
('route-6', 587, 'walking', 20.00, 24, 25, NULL, NULL),
('route-6', 588, 'walking', 10.00, 23, 26, NULL, NULL),
('route-6', 590, 'walking', 20.00, 26, 29, NULL, NULL),
('route-6', 590, 'static', 300.00, 29, 29, NULL, NULL),
('route-6', 616, 'walking', 50.00, 23, 29, NULL, NULL),
('route-6', 10016, 'fishing_super', 40.00, 40, 60, NULL, NULL),
('route-6', 10016, 'surfing', 35.00, 10, 30, NULL, NULL),
('chargestone-cave', 299, 'walking', 30.00, 27, 30, NULL, NULL),
('chargestone-cave', 525, 'walking', 15.00, 25, 28, NULL, NULL),
('chargestone-cave', 529, 'walking', 300.00, 25, 31, NULL, NULL),
('chargestone-cave', 595, 'walking', 114.00, 25, 31, NULL, NULL),
('chargestone-cave', 597, 'walking', 60.00, 26, 31, NULL, NULL),
('chargestone-cave', 599, 'walking', 69.00, 26, 31, NULL, NULL),
('chargestone-cave', 602, 'walking', 12.00, 28, 31, NULL, NULL),
('mistralton-cave', 304, 'walking', 20.00, 29, 30, NULL, NULL),
('mistralton-cave', 525, 'walking', 30.00, 27, 28, NULL, NULL),
('mistralton-cave', 527, 'walking', 30.00, 27, 28, NULL, NULL),
('mistralton-cave', 529, 'walking', 100.00, 27, 30, NULL, NULL),
('mistralton-cave', 610, 'walking', 20.00, 29, 30, NULL, NULL),
('route-7', 335, 'walking', 10.00, 32, 35, NULL, NULL),
('route-7', 336, 'walking', 10.00, 32, 35, NULL, NULL),
('route-7', 505, 'walking', 20.00, 31, 34, NULL, NULL),
('route-7', 505, 'walking', 10.00, 33, 36, 'Spring', NULL),
('route-7', 505, 'walking', 10.00, 33, 36, 'Summer', NULL),
('route-7', 505, 'walking', 10.00, 33, 36, 'Autumn', NULL),
('route-7', 520, 'walking', 60.00, 30, 35, 'Spring', NULL),
('route-7', 520, 'walking', 60.00, 30, 35, 'Summer', NULL),
('route-7', 520, 'walking', 60.00, 30, 35, 'Autumn', NULL),
('route-7', 520, 'walking', 20.00, 30, 33, 'Winter', NULL),
('route-7', 521, 'walking', 5.00, 33, 33, NULL, NULL),
('route-7', 523, 'walking', 40.00, 31, 36, NULL, NULL),
('route-7', 531, 'walking', 85.00, 30, 33, NULL, NULL),
('route-7', 585, 'walking', 40.00, 30, 33, NULL, NULL),
('route-7', 587, 'walking', 10.00, 31, 31, NULL, NULL),
('route-7', 590, 'walking', 10.00, 33, 36, NULL, NULL),
('route-7', 590, 'static', 200.00, 36, 36, NULL, NULL),
('route-7', 613, 'walking', 50.00, 30, 36, 'Winter', NULL),
('celestial-tower', 607, 'walking', 285.00, 27, 33, NULL, NULL),
('celestial-tower', 42, 'walking', 35.00, 31, 33, NULL, NULL),
('celestial-tower', 605, 'walking', 80.00, 30, 33, NULL, NULL),
('celestial-tower', 481, 'static', 100.00, 65, 65, 'story-progress-juniper-cave-of-being', NULL),
('reversal-mountain', 485, 'static', 100.00, 68, 68, NULL, NULL),
('strange-house', 20, 'walking', 30.00, 32, 33, NULL, NULL),
('strange-house', 42, 'walking', 30.00, 32, 33, NULL, NULL),
('strange-house', 354, 'walking', 30.00, 32, 34, NULL, NULL),
('strange-house', 574, 'walking', 40.00, 31, 31, NULL, NULL),
('strange-house', 575, 'walking', 20.00, 33, 34, NULL, NULL),
('strange-house', 607, 'walking', 50.00, 31, 33, NULL, NULL),
('undella-town', 90, 'fishing_super', 95.00, 40, 70, NULL, NULL),
('undella-town', 91, 'fishing_super', 5.00, 50, 70, NULL, NULL),
('undella-town', 120, 'surfing', 90.00, 25, 40, NULL, NULL),
('undella-town', 121, 'surfing', 5.00, 30, 40, NULL, NULL),
('undella-town', 370, 'fishing_super', 100.00, 40, 70, NULL, NULL),
('undella-town', 550, 'surfing', 5.00, 30, 40, NULL, NULL),
('undella-town', 592, 'surfing', 65.00, 25, 40, NULL, NULL),
('undella-town', 593, 'surfing', 30.00, 25, 40, NULL, NULL),
('undella-town', 10016, 'surfing', 5.00, 30, 40, NULL, NULL),
('route-13', 90, 'fishing_super', 95.00, 40, 70, NULL, NULL),
('route-13', 91, 'fishing_super', 5.00, 50, 70, NULL, NULL),
('route-13', 114, 'walking', 50.00, 34, 41, NULL, NULL),
('route-13', 120, 'surfing', 90.00, 25, 40, NULL, NULL),
('route-13', 121, 'surfing', 5.00, 30, 40, NULL, NULL),
('route-13', 279, 'walking', 50.00, 34, 41, NULL, NULL),
('route-13', 337, 'walking', 20.00, 36, 40, NULL, NULL),
('route-13', 338, 'walking', 20.00, 36, 40, NULL, NULL),
('route-13', 359, 'walking', 30.00, 35, 41, NULL, NULL),
('route-13', 370, 'fishing_super', 100.00, 40, 70, NULL, NULL),
('route-13', 426, 'walking', 30.00, 34, 39, NULL, NULL),
('route-13', 465, 'walking', 5.00, 37, 37, NULL, NULL),
('route-13', 531, 'walking', 85.00, 34, 37, NULL, NULL),
('route-13', 550, 'surfing', 5.00, 30, 40, NULL, NULL),
('route-13', 587, 'walking', 10.00, 35, 35, NULL, NULL),
('route-13', 592, 'surfing', 65.00, 25, 40, NULL, NULL),
('route-13', 593, 'surfing', 30.00, 25, 40, NULL, NULL),
('route-13', 638, 'static', 100.00, 45, 45, NULL, NULL),
('route-13', 638, 'static', 100.00, 65, 65, 'special-encounter-couldnt-capture-before', NULL),
('route-13', 10016, 'surfing', 5.00, 30, 40, NULL, NULL),
('route-12', 206, 'walking', 10.00, 36, 36, NULL, NULL),
('route-12', 214, 'walking', 30.00, 36, 42, NULL, NULL),
('route-12', 315, 'walking', 50.00, 35, 41, NULL, NULL),
('route-12', 407, 'walking', 5.00, 38, 38, NULL, NULL),
('route-12', 415, 'walking', 40.00, 35, 39, NULL, NULL),
('route-12', 416, 'walking', 5.00, 38, 38, NULL, NULL),
('route-12', 520, 'walking', 50.00, 36, 42, NULL, NULL),
('route-12', 521, 'walking', 5.00, 38, 38, NULL, NULL),
('route-12', 531, 'walking', 60.00, 35, 37, NULL, NULL),
('route-12', 540, 'walking', 30.00, 36, 42, NULL, NULL),
('route-12', 542, 'walking', 5.00, 38, 38, NULL, NULL),
('route-12', 587, 'walking', 10.00, 36, 36, NULL, NULL),
('village-bridge', 55, 'walking', 70.00, 36, 42, NULL, NULL),
('village-bridge', 131, 'surfing', 5.00, 30, 40, NULL, NULL),
('village-bridge', 183, 'walking', 70.00, 36, 42, NULL, NULL),
('village-bridge', 183, 'surfing', 90.00, 25, 40, NULL, NULL),
('village-bridge', 184, 'walking', 5.00, 39, 39, NULL, NULL),
('village-bridge', 184, 'surfing', 5.00, 30, 40, NULL, NULL),
('village-bridge', 206, 'walking', 10.00, 37, 37, NULL, NULL),
('village-bridge', 318, 'fishing_super', 100.00, 40, 70, NULL, NULL),
('village-bridge', 319, 'fishing_super', 20.00, 50, 70, NULL, NULL),
('village-bridge', 335, 'walking', 30.00, 37, 43, NULL, NULL),
('village-bridge', 336, 'walking', 30.00, 37, 43, NULL, NULL),
('village-bridge', 531, 'walking', 75.00, 36, 39, NULL, NULL),
('village-bridge', 550, 'fishing_super', 40.00, 40, 60, NULL, NULL),
('village-bridge', 550, 'surfing', 70.00, 25, 40, NULL, NULL),
('village-bridge', 587, 'walking', 10.00, 37, 37, NULL, NULL),
('village-bridge', 10016, 'fishing_super', 40.00, 40, 60, NULL, NULL),
('village-bridge', 10016, 'surfing', 30.00, 25, 40, NULL, NULL),
('route-11', 55, 'walking', 40.00, 36, 40, NULL, NULL),
('route-11', 118, 'fishing_super', 100.00, 40, 60, NULL, NULL),
('route-11', 119, 'fishing_super', 20.00, 50, 70, NULL, NULL),
('route-11', 183, 'walking', 20.00, 36, 40, NULL, NULL),
('route-11', 184, 'walking', 5.00, 39, 39, NULL, NULL),
('route-11', 207, 'walking', 30.00, 37, 43, NULL, NULL),
('route-11', 335, 'walking', 20.00, 38, 42, NULL, NULL),
('route-11', 336, 'walking', 20.00, 38, 42, NULL, NULL),
('route-11', 418, 'surfing', 90.00, 25, 40, NULL, NULL),
('route-11', 419, 'surfing', 10.00, 30, 40, NULL, NULL),
('route-11', 472, 'walking', 5.00, 39, 39, NULL, NULL),
('route-11', 531, 'walking', 80.00, 36, 39, NULL, NULL),
('route-11', 550, 'fishing_super', 40.00, 40, 50, NULL, NULL),
('route-11', 550, 'surfing', 70.00, 25, 40, NULL, NULL),
('route-11', 587, 'walking', 10.00, 37, 37, NULL, NULL),
('route-11', 588, 'walking', 10.00, 36, 40, NULL, NULL),
('route-11', 591, 'walking', 10.00, 37, 41, NULL, NULL),
('route-11', 591, 'static', 200.00, 47, 47, NULL, NULL),
('route-11', 616, 'walking', 50.00, 36, 43, NULL, NULL),
('route-11', 640, 'static', 100.00, 45, 45, NULL, NULL),
('route-11', 640, 'static', 100.00, 65, 65, 'special-encounter-couldnt-capture-before', NULL),
('route-11', 10016, 'fishing_super', 40.00, 40, 60, NULL, NULL),
('route-11', 10016, 'surfing', 30.00, 25, 40, NULL, NULL),
('route-9', 89, 'walking', 10.00, 40, 44, NULL, NULL),
('route-9', 510, 'walking', 20.00, 40, 44, NULL, NULL),
('route-9', 531, 'walking', 80.00, 37, 40, NULL, NULL),
('route-9', 569, 'walking', 30.00, 38, 44, NULL, NULL),
('route-9', 572, 'walking', 60.00, 37, 43, NULL, NULL),
('route-9', 573, 'walking', 5.00, 40, 40, NULL, NULL),
('route-9', 575, 'walking', 50.00, 37, 43, NULL, NULL),
('route-9', 576, 'walking', 5.00, 40, 40, NULL, NULL),
('route-9', 587, 'walking', 10.00, 38, 38, NULL, NULL),
('route-9', 624, 'walking', 30.00, 38, 44, NULL, NULL),
('humilau-city', 90, 'fishing_super', 95.00, 40, 70, NULL, NULL),
('humilau-city', 91, 'fishing_super', 5.00, 50, 70, NULL, NULL),
('humilau-city', 120, 'surfing', 30.00, 30, 45, NULL, NULL),
('humilau-city', 121, 'surfing', 5.00, 35, 45, NULL, NULL),
('humilau-city', 222, 'surfing', 30.00, 35, 45, NULL, NULL),
('humilau-city', 370, 'fishing_super', 100.00, 40, 70, NULL, NULL),
('humilau-city', 550, 'surfing', 5.00, 35, 45, NULL, NULL),
('humilau-city', 592, 'surfing', 65.00, 30, 45, NULL, NULL),
('humilau-city', 593, 'surfing', 60.00, 35, 45, NULL, NULL),
('humilau-city', 10016, 'surfing', 5.00, 35, 45, NULL, NULL),
('route-22', 55, 'walking', 20.00, 40, 45, NULL, NULL),
('route-22', 118, 'fishing_super', 100.00, 40, 70, NULL, NULL),
('route-22', 119, 'fishing_super', 20.00, 50, 70, NULL, NULL),
('route-22', 183, 'walking', 20.00, 40, 47, NULL, NULL),
('route-22', 183, 'surfing', 90.00, 15, 40, NULL, NULL),
('route-22', 184, 'walking', 5.00, 42, 42, NULL, NULL),
('route-22', 184, 'surfing', 5.00, 25, 45, NULL, NULL),
('route-22', 225, 'walking', 10.00, 39, 44, NULL, NULL),
('route-22', 279, 'walking', 20.00, 40, 45, NULL, NULL),
('route-22', 337, 'walking', 20.00, 41, 46, NULL, NULL),
('route-22', 338, 'walking', 20.00, 41, 46, NULL, NULL),
('route-22', 531, 'walking', 85.00, 39, 42, NULL, NULL),
('route-22', 550, 'fishing_super', 40.00, 40, 60, NULL, NULL),
('route-22', 550, 'surfing', 70.00, 15, 40, NULL, NULL),
('route-22', 587, 'walking', 10.00, 40, 40, NULL, NULL),
('route-22', 591, 'walking', 40.00, 39, 44, NULL, NULL),
('route-22', 591, 'static', 200.00, 47, 47, NULL, NULL),
('route-22', 619, 'walking', 50.00, 39, 47, NULL, NULL),
('route-22', 639, 'static', 100.00, 45, 45, NULL, NULL),
('route-22', 639, 'static', 100.00, 65, 65, 'special-encounter-couldnt-capture-before', NULL),
('route-22', 10016, 'fishing_super', 40.00, 40, 60, NULL, NULL),
('route-22', 10016, 'surfing', 35.00, 15, 45, NULL, NULL),
('route-21', 223, 'fishing_super', 95.00, 40, 70, NULL, NULL),
('route-21', 223, 'surfing', 5.00, 35, 45, NULL, NULL),
('route-21', 224, 'fishing_super', 5.00, 50, 70, NULL, NULL),
('route-21', 226, 'surfing', 5.00, 35, 45, NULL, NULL),
('route-21', 370, 'fishing_super', 100.00, 40, 70, NULL, NULL),
('route-21', 458, 'surfing', 30.00, 30, 45, NULL, NULL),
('route-21', 592, 'surfing', 65.00, 30, 45, NULL, NULL),
('route-21', 593, 'surfing', 60.00, 30, 45, NULL, NULL),
('route-21', 594, 'surfing', 35.00, 30, 45, NULL, NULL),
('seaside-cave', 55, 'walking', 55.00, 34, 40, NULL, NULL),
('seaside-cave', 86, 'surfing', 90.00, 25, 40, NULL, NULL),
('seaside-cave', 86, 'walking', 10.00, 35, 35, NULL, NULL),
('seaside-cave', 87, 'surfing', 10.00, 30, 40, NULL, NULL),
('seaside-cave', 90, 'fishing_super', 95.00, 40, 70, NULL, NULL),
('seaside-cave', 91, 'fishing_super', 5.00, 50, 70, NULL, NULL),
('seaside-cave', 370, 'fishing_super', 100.00, 40, 70, NULL, NULL),
('seaside-cave', 525, 'walking', 50.00, 35, 42, NULL, NULL),
('seaside-cave', 527, 'walking', 70.00, 34, 41, NULL, NULL),
('seaside-cave', 530, 'walking', 200.00, 34, 42, NULL, NULL),
('seaside-cave', 558, 'static', 100.00, 42, 42, NULL, NULL),
('seaside-cave', 592, 'surfing', 70.00, 25, 40, NULL, NULL),
('seaside-cave', 593, 'surfing', 30.00, 25, 40, NULL, NULL),
('seaside-cave', 602, 'walking', 5.00, 37, 37, NULL, NULL),
('seaside-cave', 213, 'walking', 5.00, 41, 41, NULL, NULL),
('seaside-cave', 603, 'walking', 5.00, 42, 42, NULL, NULL),
('route-23', 55, 'walking', 20.00, 50, 55, NULL, NULL),
('route-23', 60, 'fishing_super', 60.00, 40, 70, NULL, NULL),
('route-23', 61, 'fishing_super', 55.00, 40, 70, NULL, NULL),
('route-23', 62, 'fishing_super', 5.00, 50, 70, NULL, NULL),
('route-23', 207, 'walking', 20.00, 49, 54, NULL, NULL),
('route-23', 418, 'surfing', 90.00, 40, 55, NULL, NULL),
('route-23', 419, 'surfing', 10.00, 45, 55, NULL, NULL),
('route-23', 472, 'walking', 5.00, 51, 51, NULL, NULL),
('route-23', 482, 'static', 100.00, 65, 65, 'story-progress-juniper-cave-of-being', NULL),
('route-23', 531, 'walking', 80.00, 48, 51, NULL, NULL),
('route-23', 538, 'walking', 5.00, 51, 51, NULL, NULL),
('route-23', 539, 'walking', 50.00, 48, 54, NULL, NULL),
('route-23', 550, 'fishing_super', 40.00, 40, 60, NULL, NULL),
('route-23', 550, 'surfing', 70.00, 40, 55, NULL, NULL),
('route-23', 587, 'walking', 10.00, 49, 49, NULL, NULL),
('route-23', 591, 'walking', 20.00, 49, 54, NULL, NULL),
('route-23', 591, 'static', 300.00, 56, 56, NULL, NULL),
('route-23', 619, 'walking', 15.00, 48, 48, NULL, NULL),
('route-23', 620, 'walking', 15.00, 53, 53, NULL, NULL),
('route-23', 626, 'walking', 50.00, 49, 56, NULL, NULL),
('route-23', 629, 'walking', 10.00, 47, 52, NULL, NULL),
('route-23', 10016, 'fishing_super', 40.00, 40, 60, NULL, NULL),
('route-23', 10016, 'surfing', 30.00, 40, 55, NULL, NULL),
('giant-chasm', 35, 'walking', 125.00, 44, 52, NULL, NULL),
('giant-chasm', 36, 'walking', 15.00, 47, 47, NULL, NULL),
('giant-chasm', 114, 'walking', 60.00, 44, 50, NULL, NULL),
('giant-chasm', 225, 'walking', 35.00, 44, 49, NULL, NULL),
('giant-chasm', 279, 'walking', 40.00, 45, 50, NULL, NULL),
('giant-chasm', 337, 'walking', 70.00, 45, 51, NULL, NULL),
('giant-chasm', 338, 'walking', 70.00, 46, 51, NULL, NULL),
('giant-chasm', 465, 'walking', 5.00, 47, 47, NULL, NULL),
('giant-chasm', 531, 'walking', 255.00, 44, 47, NULL, NULL),
('giant-chasm', 583, 'walking', 35.00, 45, 52, NULL, NULL),
('giant-chasm', 584, 'walking', 5.00, 47, 47, NULL, NULL),
('giant-chasm', 60, 'fishing_super', 60.00, 40, 70, NULL, NULL),
('giant-chasm', 61, 'fishing_super', 55.00, 40, 70, NULL, NULL),
('giant-chasm', 62, 'fishing_super', 5.00, 50, 70, NULL, NULL),
('giant-chasm', 86, 'surfing', 90.00, 35, 50, NULL, NULL),
('giant-chasm', 87, 'surfing', 10.00, 40, 50, NULL, NULL),
('giant-chasm', 215, 'walking', 20.00, 44, 44, NULL, NULL),
('giant-chasm', 221, 'walking', 145.00, 44, 51, NULL, NULL),
('giant-chasm', 530, 'walking', 100.00, 44, 47, NULL, NULL),
('giant-chasm', 550, 'fishing_super', 40.00, 40, 60, NULL, NULL),
('giant-chasm', 550, 'surfing', 70.00, 35, 50, NULL, NULL),
('giant-chasm', 10016, 'fishing_super', 40.00, 40, 60, NULL, NULL),
('giant-chasm', 10016, 'surfing', 30.00, 35, 50, NULL, NULL),
('giant-chasm', 132, 'walking', 60.00, 45, 52, NULL, NULL),
('giant-chasm', 375, 'walking', 40.00, 45, 52, NULL, NULL),
('giant-chasm', 376, 'walking', 10.00, 47, 47, NULL, NULL),
('giant-chasm', 473, 'walking', 10.00, 47, 47, NULL, NULL),
('giant-chasm', 646, 'static', 100.00, 70, 70, 'other-captured-reshiram-or-zekrom', NULL),
('victory-road', 60, 'fishing_super', 180.00, 40, 70, NULL, NULL),
('victory-road', 61, 'fishing_super', 165.00, 40, 70, NULL, NULL),
('victory-road', 62, 'fishing_super', 10.00, 50, 70, NULL, NULL),
('victory-road', 183, 'surfing', 180.00, 35, 60, NULL, NULL),
('victory-road', 184, 'surfing', 10.00, 40, 70, NULL, NULL),
('victory-road', 354, 'walking', 70.00, 47, 50, NULL, NULL),
('victory-road', 550, 'fishing_super', 120.00, 40, 60, NULL, NULL),
('victory-road', 550, 'surfing', 210.00, 35, 50, NULL, NULL),
('victory-road', 623, 'walking', 30.00, 48, 50, NULL, NULL),
('victory-road', 10016, 'fishing_super', 120.00, 40, 60, NULL, NULL),
('victory-road', 10016, 'surfing', 100.00, 35, 70, NULL, NULL),
('victory-road', 206, 'walking', 20.00, 49, 49, NULL, NULL),
('victory-road', 315, 'walking', 60.00, 48, 55, NULL, NULL),
('victory-road', 407, 'walking', 5.00, 50, 50, NULL, NULL),
('victory-road', 531, 'walking', 165.00, 47, 50, NULL, NULL),
('victory-road', 546, 'walking', 140.00, 47, 55, NULL, NULL),
('victory-road', 547, 'walking', 5.00, 50, 50, NULL, NULL),
('victory-road', 186, 'fishing_super', 5.00, 50, 70, NULL, NULL),
('victory-road', 334, 'walking', 40.00, 49, 55, NULL, NULL),
('victory-road', 418, 'surfing', 90.00, 35, 50, NULL, NULL),
('victory-road', 419, 'surfing', 10.00, 40, 50, NULL, NULL),
('victory-road', 520, 'walking', 160.00, 47, 55, NULL, NULL),
('victory-road', 521, 'walking', 5.00, 50, 50, NULL, NULL),
('victory-road', 95, 'walking', 80.00, 41, 50, NULL, NULL),
('victory-road', 525, 'walking', 160.00, 41, 50, NULL, NULL),
('victory-road', 530, 'walking', 160.00, 41, 50, NULL, NULL),
('route-1', 39, 'walking', 20.00, 57, 65, NULL, NULL),
('route-1', 40, 'walking', 5.00, 59, 59, NULL, NULL),
('route-1', 206, 'walking', 10.00, 57, 57, NULL, NULL),
('route-1', 349, 'fishing_super', 60.00, 40, 70, NULL, NULL),
('route-1', 350, 'fishing_super', 5.00, 50, 70, NULL, NULL),
('route-1', 505, 'walking', 80.00, 56, 67, NULL, NULL),
('route-1', 507, 'walking', 89.00, 56, 67, NULL, NULL),
('route-1', 508, 'walking', 5.00, 59, 59, NULL, NULL),
('route-1', 531, 'walking', 80.00, 56, 59, NULL, NULL),
('route-1', 550, 'fishing_super', 95.00, 40, 70, NULL, NULL),
('route-1', 550, 'surfing', 100.00, 45, 60, NULL, NULL),
('route-1', 560, 'walking', 11.00, 66, 67, NULL, NULL),
('route-1', 10016, 'fishing_super', 40.00, 40, 60, NULL, NULL),
('route-1', 10016, 'surfing', 100.00, 45, 60, NULL, NULL),
('route-2', 39, 'walking', 10.00, 57, 57, NULL, NULL),
('route-2', 40, 'walking', 5.00, 59, 59, NULL, NULL),
('route-2', 108, 'walking', 10.00, 58, 58, NULL, NULL),
('route-2', 206, 'walking', 10.00, 57, 57, NULL, NULL),
('route-2', 463, 'walking', 5.00, 59, 59, NULL, NULL),
('route-2', 505, 'walking', 30.00, 56, 59, NULL, NULL),
('route-2', 507, 'walking', 30.00, 56, 59, NULL, NULL),
('route-2', 508, 'walking', 5.00, 59, 59, NULL, NULL),
('route-2', 510, 'walking', 20.00, 57, 58, NULL, NULL),
('route-2', 531, 'walking', 75.00, 56, 59, NULL, NULL),
('route-3', 118, 'fishing_super', 100.00, 40, 70, NULL, NULL),
('route-3', 119, 'fishing_super', 20.00, 50, 70, NULL, NULL),
('route-3', 193, 'walking', 20.00, 56, 64, NULL, NULL),
('route-3', 341, 'surfing', 90.00, 45, 60, NULL, NULL),
('route-3', 342, 'surfing', 10.00, 50, 60, NULL, NULL),
('route-3', 469, 'walking', 5.00, 58, 58, NULL, NULL),
('route-3', 505, 'walking', 40.00, 55, 63, NULL, NULL),
('route-3', 507, 'walking', 20.00, 57, 65, NULL, NULL),
('route-3', 508, 'walking', 5.00, 58, 58, NULL, NULL),
('route-3', 509, 'walking', 20.00, 57, 65, NULL, NULL),
('route-3', 520, 'walking', 60.00, 55, 65, NULL, NULL),
('route-3', 521, 'walking', 5.00, 58, 58, NULL, NULL),
('route-3', 523, 'walking', 40.00, 56, 66, NULL, NULL),
('route-3', 531, 'walking', 85.00, 55, 58, NULL, NULL),
('route-3', 550, 'fishing_super', 40.00, 40, 60, NULL, NULL),
('route-3', 550, 'surfing', 70.00, 45, 60, NULL, NULL),
('route-3', 10016, 'fishing_super', 40.00, 40, 60, NULL, NULL),
('route-3', 10016, 'surfing', 30.00, 45, 60, NULL, NULL),
('dreamyard', 20, 'walking', 45.00, 57, 67, NULL, NULL),
('dreamyard', 39, 'walking', 30.00, 57, 65, NULL, NULL),
('dreamyard', 40, 'walking', 5.00, 59, 59, NULL, NULL),
('dreamyard', 42, 'walking', 45.00, 57, 67, NULL, NULL),
('dreamyard', 169, 'walking', 5.00, 59, 59, NULL, NULL),
('dreamyard', 206, 'walking', 10.00, 57, 57, NULL, NULL),
('dreamyard', 381, 'static', 100.00, 68, 68, NULL, NULL),
('dreamyard', 505, 'walking', 60.00, 56, 67, NULL, NULL),
('dreamyard', 510, 'walking', 60.00, 56, 67, NULL, NULL),
('dreamyard', 517, 'walking', 60.00, 57, 66, NULL, NULL),
('dreamyard', 518, 'walking', 5.00, 59, 59, NULL, NULL),
('dreamyard', 531, 'walking', 75.00, 56, 59, NULL, NULL),
('pinwheel-forest', 193, 'walking', 20.00, 55, 63, NULL, NULL),
('pinwheel-forest', 454, 'walking', 20.00, 55, 63, NULL, NULL),
('pinwheel-forest', 469, 'walking', 5.00, 57, 57, NULL, NULL),
('pinwheel-forest', 531, 'walking', 140.00, 54, 64, NULL, NULL),
('pinwheel-forest', 533, 'walking', 80.00, 54, 64, NULL, NULL),
('pinwheel-forest', 536, 'walking', 50.00, 54, 65, NULL, NULL),
('pinwheel-forest', 537, 'walking', 5.00, 57, 57, NULL, NULL),
('pinwheel-forest', 538, 'walking', 5.00, 57, 57, NULL, NULL),
('pinwheel-forest', 539, 'walking', 30.00, 55, 65, NULL, NULL),
('pinwheel-forest', 118, 'fishing_super', 100.00, 35, 70, NULL, NULL),
('pinwheel-forest', 119, 'fishing_super', 20.00, 35, 70, NULL, NULL),
('pinwheel-forest', 183, 'surfing', 90.00, 45, 60, NULL, NULL),
('pinwheel-forest', 184, 'surfing', 5.00, 50, 60, NULL, NULL),
('pinwheel-forest', 288, 'walking', 30.00, 55, 65, NULL, NULL),
('pinwheel-forest', 289, 'walking', 5.00, 57, 57, NULL, NULL),
('pinwheel-forest', 511, 'walking', 10.00, 55, 55, NULL, NULL),
('pinwheel-forest', 513, 'walking', 10.00, 55, 55, NULL, NULL),
('pinwheel-forest', 515, 'walking', 10.00, 55, 55, NULL, NULL),
('pinwheel-forest', 541, 'walking', 50.00, 54, 64, NULL, NULL),
('pinwheel-forest', 544, 'walking', 30.00, 55, 65, NULL, NULL),
('pinwheel-forest', 545, 'walking', 5.00, 57, 57, NULL, NULL),
('pinwheel-forest', 546, 'walking', 90.00, 54, 65, NULL, NULL),
('pinwheel-forest', 547, 'walking', 5.00, 57, 57, NULL, NULL),
('pinwheel-forest', 550, 'fishing_super', 40.00, 40, 60, NULL, NULL),
('pinwheel-forest', 550, 'surfing', 70.00, 45, 60, NULL, NULL),
('pinwheel-forest', 10016, 'fishing_super', 40.00, 35, 60, NULL, NULL),
('pinwheel-forest', 10016, 'surfing', 35.00, 45, 60, NULL, NULL),
('twist-mountain', 95, 'walking', 25.00, 54, 57, NULL, NULL),
('twist-mountain', 208, 'walking', 5.00, 57, 57, NULL, NULL),
('twist-mountain', 525, 'walking', 40.00, 54, 55, 'Spring', NULL),
('twist-mountain', 525, 'walking', 20.00, 54, 54, 'Summer', NULL),
('twist-mountain', 525, 'walking', 40.00, 54, 55, 'Autumn', NULL),
('twist-mountain', 525, 'walking', 20.00, 55, 55, 'Winter', NULL),
('twist-mountain', 527, 'walking', 10.00, 54, 54, NULL, NULL),
('twist-mountain', 530, 'walking', 75.00, 54, 57, NULL, NULL),
('twist-mountain', 533, 'walking', 20.00, 55, 55, 'Summer', NULL),
('twist-mountain', 533, 'walking', 10.00, 55, 55, 'Spring', NULL),
('twist-mountain', 533, 'walking', 10.00, 55, 55, 'Autumn', NULL),
('twist-mountain', 533, 'walking', 10.00, 55, 55, 'Winter', NULL),
('twist-mountain', 614, 'walking', 20.00, 54, 54, 'Winter', NULL),
('twist-mountain', 614, 'walking', 10.00, 56, 56, 'Spring', NULL),
('twist-mountain', 614, 'walking', 10.00, 56, 56, 'Autumn', NULL),
('twist-mountain', 614, 'walking', 5.00, 56, 56, 'Summer', NULL),
('twist-mountain', 615, 'walking', 10.00, 56, 56, 'Winter', NULL),
('twist-mountain', 615, 'walking', 5.00, 57, 57, NULL, NULL),
('twist-mountain', 631, 'walking', 20.00, 55, 56, 'Summer', NULL),
('twist-mountain', 631, 'walking', 5.00, 56, 56, 'Spring', NULL),
('twist-mountain', 631, 'walking', 5.00, 56, 56, 'Autumn', NULL),
('twist-mountain', 631, 'walking', 5.00, 56, 56, 'Winter', NULL),
('twist-mountain', 632, 'walking', 15.00, 56, 57, NULL, NULL),
('twist-mountain', 486, 'static', 100.00, 68, 68, 'other-regirock-regice-registeel-in-party', NULL),
('dragonspiral-tower', 520, 'walking', 105.00, 55, 66, 'Spring', NULL),
('dragonspiral-tower', 520, 'walking', 105.00, 55, 66, 'Summer', NULL),
('dragonspiral-tower', 520, 'walking', 105.00, 55, 66, 'Autumn', NULL),
('dragonspiral-tower', 521, 'walking', 10.00, 57, 58, 'Spring', NULL),
('dragonspiral-tower', 521, 'walking', 10.00, 57, 58, 'Summer', NULL),
('dragonspiral-tower', 521, 'walking', 10.00, 57, 58, 'Autumn', NULL),
('dragonspiral-tower', 531, 'walking', 170.00, 55, 58, NULL, NULL),
('dragonspiral-tower', 583, 'walking', 100.00, 55, 65, 'Winter', NULL),
('dragonspiral-tower', 584, 'walking', 10.00, 57, 58, 'Winter', NULL),
('dragonspiral-tower', 586, 'walking', 30.00, 63, 65, 'Winter', NULL),
('dragonspiral-tower', 586, 'walking', 90.00, 55, 65, NULL, NULL),
('dragonspiral-tower', 586, 'walking', 15.00, 58, 66, 'Spring', NULL),
('dragonspiral-tower', 586, 'walking', 15.00, 58, 66, 'Summer', NULL),
('dragonspiral-tower', 586, 'walking', 15.00, 58, 66, 'Autumn', NULL),
('dragonspiral-tower', 587, 'walking', 20.00, 56, 56, NULL, NULL),
('dragonspiral-tower', 614, 'walking', 60.00, 57, 66, 'Winter', NULL),
('dragonspiral-tower', 619, 'walking', 1.00, 66, 66, 'Winter', NULL),
('dragonspiral-tower', 620, 'walking', 34.00, 58, 66, 'Winter', NULL),
('dragonspiral-tower', 620, 'walking', 95.00, 55, 66, NULL, NULL),
('dragonspiral-tower', 621, 'walking', 5.00, 58, 58, 'Spring', NULL),
('dragonspiral-tower', 621, 'walking', 5.00, 58, 58, 'Summer', NULL),
('dragonspiral-tower', 621, 'walking', 5.00, 58, 58, 'Autumn', NULL),
('dragonspiral-tower', 147, 'fishing_super', 100.00, 40, 70, NULL, NULL),
('dragonspiral-tower', 148, 'fishing_super', 19.00, 50, 70, NULL, NULL),
('dragonspiral-tower', 149, 'fishing_super', 1.00, 50, 70, NULL, NULL),
('dragonspiral-tower', 550, 'fishing_super', 40.00, 40, 60, NULL, NULL),
('dragonspiral-tower', 550, 'surfing', 100.00, 45, 60, NULL, NULL),
('dragonspiral-tower', 621, 'walking', 40.00, 56, 66, NULL, NULL),
('dragonspiral-tower', 10016, 'fishing_super', 40.00, 40, 60, NULL, NULL),
('dragonspiral-tower', 10016, 'surfing', 100.00, 45, 60, NULL, NULL),
('dragonspiral-tower', 623, 'walking', 150.00, 55, 58, NULL, NULL),
('moor-of-icirrus', 339, 'fishing_super', 80.00, 45, 60, NULL, NULL),
('moor-of-icirrus', 339, 'fishing_super', 20.00, 60, 60, 'Spring', NULL),
('moor-of-icirrus', 339, 'fishing_super', 20.00, 60, 60, 'Summer', NULL),
('moor-of-icirrus', 339, 'fishing_super', 20.00, 60, 60, 'Autumn', NULL),
('moor-of-icirrus', 339, 'fishing_super', 20.00, 50, 60, 'Winter', NULL),
('moor-of-icirrus', 340, 'fishing_super', 20.00, 60, 60, 'Spring', NULL),
('moor-of-icirrus', 340, 'fishing_super', 20.00, 60, 60, 'Summer', NULL),
('moor-of-icirrus', 340, 'fishing_super', 20.00, 60, 60, 'Autumn', NULL),
('moor-of-icirrus', 340, 'fishing_super', 20.00, 50, 60, 'Winter', NULL),
('moor-of-icirrus', 453, 'walking', 15.00, 55, 56, 'Spring', NULL),
('moor-of-icirrus', 453, 'walking', 15.00, 55, 56, 'Summer', NULL),
('moor-of-icirrus', 453, 'walking', 15.00, 55, 56, 'Autumn', NULL),
('moor-of-icirrus', 536, 'walking', 40.00, 54, 57, 'Spring', NULL),
('moor-of-icirrus', 536, 'walking', 40.00, 54, 57, 'Summer', NULL),
('moor-of-icirrus', 536, 'walking', 40.00, 54, 57, 'Autumn', NULL),
('moor-of-icirrus', 537, 'surfing', 5.00, 60, 60, 'Spring', NULL),
('moor-of-icirrus', 537, 'surfing', 5.00, 60, 60, 'Summer', NULL),
('moor-of-icirrus', 537, 'surfing', 5.00, 60, 60, 'Autumn', NULL),
('moor-of-icirrus', 537, 'surfing', 5.00, 50, 60, 'Winter', NULL),
('moor-of-icirrus', 588, 'walking', 5.00, 57, 57, 'Spring', NULL),
('moor-of-icirrus', 588, 'walking', 5.00, 57, 57, 'Summer', NULL),
('moor-of-icirrus', 588, 'walking', 5.00, 57, 57, 'Autumn', NULL),
('moor-of-icirrus', 616, 'walking', 20.00, 54, 54, 'Spring', NULL),
('moor-of-icirrus', 616, 'walking', 20.00, 54, 54, 'Summer', NULL),
('moor-of-icirrus', 616, 'walking', 20.00, 54, 54, 'Autumn', NULL),
('moor-of-icirrus', 618, 'fishing_super', 80.00, 45, 60, NULL, NULL),
('moor-of-icirrus', 618, 'surfing', 180.00, 45, 60, NULL, NULL),
('moor-of-icirrus', 618, 'surfing', 15.00, 60, 60, 'Spring', NULL),
('moor-of-icirrus', 618, 'surfing', 15.00, 60, 60, 'Summer', NULL),
('moor-of-icirrus', 618, 'surfing', 15.00, 60, 60, 'Autumn', NULL),
('moor-of-icirrus', 618, 'surfing', 15.00, 50, 60, 'Winter', NULL),
('moor-of-icirrus', 618, 'walking', 20.00, 55, 56, 'Spring', NULL),
('moor-of-icirrus', 618, 'walking', 20.00, 55, 56, 'Summer', NULL),
('moor-of-icirrus', 618, 'walking', 20.00, 55, 56, 'Autumn', NULL),
('route-8', 339, 'fishing_super', 80.00, 45, 60, NULL, NULL),
('route-8', 339, 'fishing_super', 20.00, 60, 60, 'Spring', NULL),
('route-8', 339, 'fishing_super', 20.00, 50, 60, 'Summer', NULL),
('route-8', 339, 'fishing_super', 20.00, 50, 60, 'Autumn', NULL),
('route-8', 339, 'fishing_super', 20.00, 50, 60, 'Winter', NULL),
('route-8', 340, 'fishing_super', 20.00, 60, 60, 'Spring', NULL),
('route-8', 340, 'fishing_super', 20.00, 50, 60, 'Summer', NULL),
('route-8', 340, 'fishing_super', 20.00, 50, 60, 'Autumn', NULL),
('route-8', 340, 'fishing_super', 20.00, 50, 60, 'Winter', NULL),
('route-8', 453, 'walking', 15.00, 55, 56, 'Spring', NULL),
('route-8', 453, 'walking', 15.00, 55, 56, 'Summer', NULL),
('route-8', 453, 'walking', 15.00, 55, 56, 'Autumn', NULL),
('route-8', 536, 'surfing', 60.00, 45, 60, NULL, NULL),
('route-8', 536, 'walking', 40.00, 54, 57, 'Spring', NULL),
('route-8', 536, 'walking', 40.00, 54, 57, 'Summer', NULL),
('route-8', 536, 'walking', 40.00, 54, 57, 'Autumn', NULL),
('route-8', 537, 'surfing', 5.00, 60, 60, 'Spring', NULL),
('route-8', 537, 'surfing', 5.00, 50, 60, 'Summer', NULL),
('route-8', 537, 'surfing', 5.00, 50, 60, 'Autumn', NULL),
('route-8', 537, 'surfing', 5.00, 50, 60, 'Winter', NULL),
('route-8', 588, 'walking', 5.00, 57, 57, 'Spring', NULL),
('route-8', 588, 'walking', 5.00, 57, 57, 'Summer', NULL),
('route-8', 588, 'walking', 5.00, 57, 57, 'Autumn', NULL),
('route-8', 616, 'walking', 20.00, 54, 54, 'Spring', NULL),
('route-8', 616, 'walking', 20.00, 54, 54, 'Summer', NULL),
('route-8', 616, 'walking', 20.00, 54, 54, 'Autumn', NULL),
('route-8', 618, 'fishing_super', 80.00, 45, 60, NULL, NULL),
('route-8', 618, 'surfing', 120.00, 45, 60, NULL, NULL),
('route-8', 618, 'surfing', 15.00, 60, 60, 'Spring', NULL),
('route-8', 618, 'surfing', 15.00, 50, 60, 'Summer', NULL),
('route-8', 618, 'surfing', 15.00, 50, 60, 'Autumn', NULL),
('route-8', 618, 'surfing', 15.00, 50, 60, 'Winter', NULL),
('route-8', 618, 'walking', 20.00, 55, 56, 'Spring', NULL),
('route-8', 618, 'walking', 20.00, 55, 56, 'Summer', NULL),
('route-8', 618, 'walking', 20.00, 55, 56, 'Autumn', NULL),
('undella-bay', 170, 'fishing_super', 100.00, 40, 70, NULL, NULL),
('undella-bay', 171, 'fishing_super', 15.00, 50, 70, NULL, NULL),
('undella-bay', 223, 'fishing_super', 80.00, 40, 60, NULL, NULL),
('undella-bay', 223, 'surfing', 5.00, 30, 40, NULL, NULL),
('undella-bay', 224, 'fishing_super', 5.00, 50, 70, NULL, NULL),
('undella-bay', 226, 'surfing', 5.00, 30, 40, 'Spring', NULL),
('undella-bay', 226, 'surfing', 5.00, 30, 40, 'Summer', NULL),
('undella-bay', 226, 'surfing', 5.00, 30, 40, 'Autumn', NULL),
('undella-bay', 320, 'surfing', 60.00, 25, 40, 'Winter', NULL),
('undella-bay', 320, 'surfing', 30.00, 25, 40, 'Spring', NULL),
('undella-bay', 320, 'surfing', 30.00, 25, 40, 'Summer', NULL),
('undella-bay', 320, 'surfing', 30.00, 25, 40, 'Autumn', NULL),
('undella-bay', 321, 'surfing', 5.00, 30, 40, NULL, NULL),
('undella-bay', 363, 'surfing', 30.00, 25, 40, 'Winter', NULL),
('undella-bay', 364, 'surfing', 30.00, 25, 40, 'Winter', NULL),
('undella-bay', 365, 'surfing', 5.00, 30, 40, 'Winter', NULL),
('undella-bay', 458, 'surfing', 30.00, 25, 40, 'Spring', NULL),
('undella-bay', 458, 'surfing', 30.00, 25, 40, 'Summer', NULL),
('undella-bay', 458, 'surfing', 30.00, 25, 40, 'Autumn', NULL),
('undella-bay', 592, 'surfing', 65.00, 25, 40, NULL, NULL),
('undella-bay', 593, 'surfing', 60.00, 25, 40, 'Spring', NULL),
('undella-bay', 593, 'surfing', 60.00, 25, 40, 'Summer', NULL),
('undella-bay', 593, 'surfing', 60.00, 25, 40, 'Autumn', NULL),
('undella-bay', 593, 'static', 100.00, 40, 40, NULL, NULL),
('route-14', 55, 'walking', 50.00, 34, 39, NULL, NULL),
('route-14', 118, 'fishing_super', 100.00, 40, 70, NULL, NULL),
('route-14', 119, 'fishing_super', 20.00, 50, 70, NULL, NULL),
('route-14', 333, 'walking', 20.00, 33, 33, NULL, NULL),
('route-14', 334, 'walking', 20.00, 36, 40, NULL, NULL),
('route-14', 359, 'walking', 30.00, 34, 40, NULL, NULL),
('route-14', 418, 'surfing', 90.00, 15, 40, NULL, NULL),
('route-14', 419, 'surfing', 10.00, 25, 40, NULL, NULL),
('route-14', 426, 'walking', 30.00, 34, 39, NULL, NULL),
('route-14', 531, 'walking', 90.00, 33, 36, NULL, NULL),
('route-14', 550, 'fishing_super', 40.00, 40, 60, NULL, NULL),
('route-14', 550, 'surfing', 70.00, 15, 35, NULL, NULL),
('route-14', 587, 'walking', 10.00, 34, 34, NULL, NULL),
('route-14', 619, 'walking', 50.00, 33, 39, NULL, NULL),
('route-14', 10016, 'fishing_super', 40.00, 40, 60, NULL, NULL),
('route-14', 10016, 'surfing', 30.00, 15, 40, NULL, NULL),
('abundant-shrine', 37, 'walking', 30.00, 34, 37, NULL, NULL),
('abundant-shrine', 38, 'walking', 5.00, 36, 36, NULL, NULL),
('abundant-shrine', 55, 'walking', 20.00, 34, 38, NULL, NULL),
('abundant-shrine', 118, 'fishing_super', 100.00, 40, 70, NULL, NULL),
('abundant-shrine', 119, 'fishing_super', 20.00, 50, 70, NULL, NULL),
('abundant-shrine', 183, 'walking', 20.00, 34, 38, NULL, NULL),
('abundant-shrine', 183, 'surfing', 90.00, 25, 40, NULL, NULL),
('abundant-shrine', 184, 'surfing', 5.00, 30, 40, NULL, NULL),
('abundant-shrine', 333, 'walking', 20.00, 33, 33, NULL, NULL),
('abundant-shrine', 334, 'walking', 20.00, 36, 40, NULL, NULL),
('abundant-shrine', 436, 'walking', 15.00, 32, 32, NULL, NULL),
('abundant-shrine', 437, 'walking', 10.00, 36, 36, NULL, NULL),
('abundant-shrine', 531, 'walking', 80.00, 33, 36, NULL, NULL),
('abundant-shrine', 546, 'walking', 65.00, 33, 39, NULL, NULL),
('abundant-shrine', 547, 'walking', 5.00, 36, 36, NULL, NULL),
('abundant-shrine', 550, 'fishing_super', 40.00, 40, 60, NULL, NULL),
('abundant-shrine', 550, 'surfing', 70.00, 25, 40, NULL, NULL),
('abundant-shrine', 587, 'walking', 10.00, 34, 34, NULL, NULL),
('abundant-shrine', 10016, 'fishing_super', 40.00, 40, 60, NULL, NULL),
('abundant-shrine', 10016, 'surfing', 35.00, 25, 40, NULL, NULL),
('route-15', 28, 'walking', 60.00, 54, 64, NULL, NULL),
('route-15', 207, 'walking', 50.00, 55, 65, NULL, NULL),
('route-15', 247, 'walking', 30.00, 55, 65, NULL, NULL),
('route-15', 248, 'walking', 5.00, 57, 57, NULL, NULL),
('route-15', 472, 'walking', 5.00, 57, 57, NULL, NULL),
('route-15', 531, 'walking', 75.00, 54, 57, NULL, NULL),
('route-15', 538, 'walking', 5.00, 57, 57, NULL, NULL),
('route-15', 539, 'walking', 40.00, 55, 65, NULL, NULL),
('route-15', 560, 'walking', 20.00, 55, 63, NULL, NULL),
('route-15', 587, 'walking', 10.00, 55, 55, NULL, NULL),
('route-16', 510, 'walking', 40.00, 22, 26, NULL, NULL),
('route-16', 531, 'walking', 85.00, 21, 24, NULL, NULL),
('route-16', 568, 'walking', 40.00, 21, 25, NULL, NULL),
('route-16', 572, 'walking', 60.00, 21, 26, NULL, NULL),
('route-16', 573, 'walking', 5.00, 24, 24, NULL, NULL),
('route-16', 574, 'walking', 60.00, 21, 26, NULL, NULL),
('route-16', 587, 'walking', 10.00, 22, 22, NULL, NULL),
('lostlorn-forest', 60, 'fishing_super', 60.00, 40, 70, NULL, NULL),
('lostlorn-forest', 61, 'fishing_super', 55.00, 40, 70, NULL, NULL),
('lostlorn-forest', 186, 'fishing_super', 5.00, 50, 70, NULL, NULL),
('lostlorn-forest', 214, 'walking', 10.00, 24, 26, NULL, NULL),
('lostlorn-forest', 315, 'walking', 30.00, 23, 26, NULL, NULL),
('lostlorn-forest', 407, 'walking', 5.00, 24, 24, NULL, NULL),
('lostlorn-forest', 415, 'walking', 20.00, 22, 24, NULL, NULL),
('lostlorn-forest', 416, 'walking', 5.00, 24, 24, NULL, NULL),
('lostlorn-forest', 418, 'surfing', 90.00, 10, 30, NULL, NULL),
('lostlorn-forest', 419, 'surfing', 10.00, 10, 30, NULL, NULL),
('lostlorn-forest', 511, 'walking', 10.00, 22, 22, NULL, NULL),
('lostlorn-forest', 513, 'walking', 10.00, 22, 22, NULL, NULL),
('lostlorn-forest', 515, 'walking', 10.00, 22, 22, NULL, NULL),
('lostlorn-forest', 531, 'walking', 40.00, 21, 23, NULL, NULL),
('lostlorn-forest', 541, 'walking', 50.00, 21, 26, NULL, NULL),
('lostlorn-forest', 542, 'walking', 5.00, 24, 24, NULL, NULL),
('lostlorn-forest', 543, 'walking', 20.00, 21, 21, NULL, NULL),
('lostlorn-forest', 544, 'walking', 20.00, 23, 23, NULL, NULL),
('lostlorn-forest', 546, 'walking', 50.00, 21, 26, NULL, NULL),
('lostlorn-forest', 547, 'walking', 5.00, 24, 24, NULL, NULL),
('lostlorn-forest', 550, 'fishing_super', 40.00, 40, 60, NULL, NULL),
('lostlorn-forest', 550, 'surfing', 70.00, 10, 25, NULL, NULL),
('lostlorn-forest', 587, 'walking', 10.00, 22, 22, NULL, NULL),
('lostlorn-forest', 10016, 'fishing_super', 40.00, 40, 60, NULL, NULL),
('lostlorn-forest', 10016, 'surfing', 30.00, 10, 30, NULL, NULL),
('route-17', 116, 'fishing_super', 80.00, 50, 60, NULL, NULL),
('route-17', 117, 'fishing_super', 15.00, 60, 70, NULL, NULL),
('route-17', 230, 'fishing_super', 5.00, 60, 70, NULL, NULL),
('route-17', 456, 'fishing_super', 60.00, 50, 70, NULL, NULL),
('route-17', 457, 'fishing_super', 40.00, 50, 60, NULL, NULL),
('route-17', 592, 'surfing', 100.00, 45, 60, NULL, NULL),
('route-17', 593, 'surfing', 5.00, 50, 60, NULL, NULL),
('route-17', 594, 'surfing', 95.00, 45, 60, NULL, NULL),
('route-18', 116, 'fishing_super', 80.00, 50, 60, NULL, NULL),
('route-18', 117, 'fishing_super', 15.00, 60, 70, NULL, NULL),
('route-18', 206, 'walking', 10.00, 57, 57, NULL, NULL),
('route-18', 222, 'fishing_super', 5.00, 60, 70, NULL, NULL),
('route-18', 230, 'fishing_super', 5.00, 60, 70, NULL, NULL),
('route-18', 357, 'walking', 20.00, 58, 66, NULL, NULL),
('route-18', 455, 'walking', 20.00, 58, 66, NULL, NULL),
('route-18', 456, 'fishing_super', 55.00, 50, 70, NULL, NULL),
('route-18', 457, 'fishing_super', 40.00, 50, 60, NULL, NULL),
('route-18', 505, 'walking', 20.00, 56, 64, NULL, NULL),
('route-18', 531, 'walking', 85.00, 56, 59, NULL, NULL),
('route-18', 538, 'walking', 5.00, 59, 59, NULL, NULL),
('route-18', 539, 'walking', 40.00, 57, 67, NULL, NULL),
('route-18', 558, 'walking', 40.00, 57, 65, NULL, NULL),
('route-18', 560, 'walking', 60.00, 57, 66, NULL, NULL),
('route-18', 592, 'surfing', 100.00, 45, 60, NULL, NULL),
('route-18', 593, 'surfing', 5.00, 50, 60, NULL, NULL),
('route-18', 594, 'surfing', 95.00, 45, 60, NULL, NULL),
('p2-laboratory', 82, 'walking', 15.00, 57, 59, NULL, NULL),
('p2-laboratory', 110, 'walking', 15.00, 57, 58, NULL, NULL),
('p2-laboratory', 116, 'fishing_super', 55.00, 35, 55, NULL, NULL),
('p2-laboratory', 117, 'fishing_super', 40.00, 35, 60, NULL, NULL),
('p2-laboratory', 211, 'fishing_super', 40.00, 35, 60, NULL, NULL),
('p2-laboratory', 230, 'fishing_super', 5.00, 45, 70, NULL, NULL),
('p2-laboratory', 456, 'fishing_super', 45.00, 35, 55, NULL, NULL),
('p2-laboratory', 457, 'fishing_super', 15.00, 35, 70, NULL, NULL),
('p2-laboratory', 462, 'walking', 5.00, 59, 59, NULL, NULL),
('p2-laboratory', 505, 'walking', 20.00, 56, 56, NULL, NULL),
('p2-laboratory', 507, 'walking', 20.00, 56, 56, NULL, NULL),
('p2-laboratory', 508, 'walking', 5.00, 59, 59, NULL, NULL),
('p2-laboratory', 531, 'walking', 85.00, 56, 59, NULL, NULL),
('p2-laboratory', 560, 'walking', 15.00, 57, 58, NULL, NULL),
('p2-laboratory', 592, 'surfing', 100.00, 45, 60, NULL, NULL),
('p2-laboratory', 593, 'surfing', 5.00, 50, 60, NULL, NULL),
('p2-laboratory', 594, 'surfing', 95.00, 45, 60, NULL, NULL),
('p2-laboratory', 600, 'walking', 15.00, 57, 59, NULL, NULL),
('p2-laboratory', 601, 'walking', 5.00, 59, 59, NULL, NULL),
('clay-tunnel', 60, 'fishing_super', 60.00, 50, 70, NULL, NULL),
('clay-tunnel', 61, 'fishing_super', 55.00, 50, 60, NULL, NULL),
('clay-tunnel', 62, 'fishing_super', 5.00, 60, 60, NULL, NULL),
('clay-tunnel', 95, 'walking', 25.00, 54, 57, NULL, NULL),
('clay-tunnel', 208, 'walking', 5.00, 57, 57, NULL, NULL),
('clay-tunnel', 299, 'walking', 15.00, 55, 57, NULL, NULL),
('clay-tunnel', 305, 'walking', 15.00, 55, 57, NULL, NULL),
('clay-tunnel', 525, 'walking', 35.00, 54, 56, NULL, NULL),
('clay-tunnel', 527, 'walking', 10.00, 54, 54, NULL, NULL),
('clay-tunnel', 530, 'walking', 75.00, 54, 57, NULL, NULL),
('clay-tunnel', 550, 'fishing_super', 40.00, 50, 60, NULL, NULL),
('clay-tunnel', 550, 'surfing', 100.00, 45, 60, NULL, NULL),
('clay-tunnel', 632, 'walking', 20.00, 54, 54, NULL, NULL),
('clay-tunnel', 10016, 'fishing_super', 40.00, 50, 60, NULL, NULL),
('clay-tunnel', 10016, 'surfing', 100.00, 45, 60, NULL, NULL),
('nature-sanctuary', 55, 'walking', 20.00, 57, 65, NULL, NULL),
('nature-sanctuary', 129, 'fishing_super', 100.00, 1, 100, NULL, NULL),
('nature-sanctuary', 130, 'fishing_super', 20.00, 1, 100, NULL, NULL),
('nature-sanctuary', 164, 'walking', 20.00, 58, 66, NULL, NULL),
('nature-sanctuary', 203, 'walking', 30.00, 58, 67, NULL, NULL),
('nature-sanctuary', 206, 'walking', 10.00, 57, 57, NULL, NULL),
('nature-sanctuary', 274, 'walking', 60.00, 56, 65, NULL, NULL),
('nature-sanctuary', 275, 'walking', 5.00, 59, 59, NULL, NULL),
('nature-sanctuary', 334, 'walking', 40.00, 56, 64, NULL, NULL),
('nature-sanctuary', 352, 'walking', 10.00, 57, 67, NULL, NULL),
('nature-sanctuary', 418, 'surfing', 90.00, 45, 60, NULL, NULL),
('nature-sanctuary', 419, 'surfing', 5.00, 50, 60, NULL, NULL),
('nature-sanctuary', 531, 'walking', 85.00, 56, 59, NULL, NULL),
('nature-sanctuary', 550, 'fishing_super', 40.00, 40, 60, NULL, NULL),
('nature-sanctuary', 550, 'surfing', 70.00, 45, 60, NULL, NULL),
('nature-sanctuary', 611, 'walking', 20.00, 57, 67, NULL, NULL),
('nature-sanctuary', 612, 'static', 100.00, 60, 60, NULL, NULL),
('nature-sanctuary', 10016, 'fishing_super', 40.00, 40, 60, NULL, NULL),
('nature-sanctuary', 10016, 'surfing', 35.00, 45, 60, NULL, NULL);

INSERT INTO public.encounters (route_id, pokemon_national_dex_id, method, encounter_rate, level_min, level_max, conditions, version_exclusive)
SELECT r.id, e.dex, e.method, e.rate, e.lmin, e.lmax, NULLIF(e.cond, ''), NULLIF(e.ver_excl, '')
FROM _enc e JOIN public.routes r ON r.slug = e.slug AND r.game_id = 'b4c5d6e7-f8a9-0123-b456-789012345678';

DROP TABLE _enc;

-- ===========================================
-- STEP 5: BOSS TRAINERS
-- ===========================================

-- Cheren (Gym Leader)
DO $$
DECLARE
  v_trainer_id UUID;
  v_route_id UUID;
BEGIN
  SELECT id INTO v_route_id FROM public.routes WHERE slug = 'aspertia-city' AND game_id = 'b4c5d6e7-f8a9-0123-b456-789012345678';
  INSERT INTO public.trainers (route_id, name, trainer_class, is_boss, boss_type, level_cap, display_order, notes)
  VALUES (v_route_id, 'Cheren', 'Gym Leader', true, 'gym_leader', 13, 1, 'Normal-type specialist. Basic Badge.')
  RETURNING id INTO v_trainer_id;

  INSERT INTO public.trainer_pokemon (trainer_id, pokemon_national_dex_id, level, slot_order, moves, ability, held_item, nature)
  VALUES (v_trainer_id, 504, 11, 1, '["Tackle", "Leer", "Bite", "Detect"]'::jsonb, 'Keen Eye', NULL, NULL);
  INSERT INTO public.trainer_pokemon (trainer_id, pokemon_national_dex_id, level, slot_order, moves, ability, held_item, nature)
  VALUES (v_trainer_id, 506, 13, 2, '["Tackle", "Leer", "Bite", "Work Up"]'::jsonb, 'Vital Spirit', NULL, NULL);
END $$;

-- Roxie (Gym Leader)
DO $$
DECLARE
  v_trainer_id UUID;
  v_route_id UUID;
BEGIN
  SELECT id INTO v_route_id FROM public.routes WHERE slug = 'virbank-city' AND game_id = 'b4c5d6e7-f8a9-0123-b456-789012345678';
  INSERT INTO public.trainers (route_id, name, trainer_class, is_boss, boss_type, level_cap, display_order, notes)
  VALUES (v_route_id, 'Roxie', 'Gym Leader', true, 'gym_leader', 18, 1, 'Poison-type specialist. Toxic Badge.')
  RETURNING id INTO v_trainer_id;

  INSERT INTO public.trainer_pokemon (trainer_id, pokemon_national_dex_id, level, slot_order, moves, ability, held_item, nature)
  VALUES (v_trainer_id, 109, 16, 1, '["Assurance", "Clear Smog", "Smog", "Tackle"]'::jsonb, 'Levitate', NULL, NULL);
  INSERT INTO public.trainer_pokemon (trainer_id, pokemon_national_dex_id, level, slot_order, moves, ability, held_item, nature)
  VALUES (v_trainer_id, 544, 18, 2, '["Venoshock", "Pursuit", "Poison Tail", "Screech"]'::jsonb, 'Poison Point', NULL, NULL);
END $$;

-- Burgh (Gym Leader)
DO $$
DECLARE
  v_trainer_id UUID;
  v_route_id UUID;
BEGIN
  SELECT id INTO v_route_id FROM public.routes WHERE slug = 'castelia-city' AND game_id = 'b4c5d6e7-f8a9-0123-b456-789012345678';
  INSERT INTO public.trainers (route_id, name, trainer_class, is_boss, boss_type, level_cap, display_order, notes)
  VALUES (v_route_id, 'Burgh', 'Gym Leader', true, 'gym_leader', 24, 1, 'Bug-type specialist. Insect Badge.')
  RETURNING id INTO v_trainer_id;

  INSERT INTO public.trainer_pokemon (trainer_id, pokemon_national_dex_id, level, slot_order, moves, ability, held_item, nature)
  VALUES (v_trainer_id, 541, 22, 1, '["Razor Leaf", "String Shot", "Bug Bite", "Struggle Bug"]'::jsonb, 'Leaf Guard', NULL, NULL);
  INSERT INTO public.trainer_pokemon (trainer_id, pokemon_national_dex_id, level, slot_order, moves, ability, held_item, nature)
  VALUES (v_trainer_id, 557, 22, 2, '["Faint Attack", "Smack Down", "Bug Bite", "Struggle Bug"]'::jsonb, 'Sturdy', NULL, NULL);
  INSERT INTO public.trainer_pokemon (trainer_id, pokemon_national_dex_id, level, slot_order, moves, ability, held_item, nature)
  VALUES (v_trainer_id, 542, 24, 3, '["Razor Leaf", "String Shot", "Bug Bite", "Struggle Bug"]'::jsonb, 'Swarm', NULL, NULL);
END $$;

-- Elesa (Gym Leader)
DO $$
DECLARE
  v_trainer_id UUID;
  v_route_id UUID;
BEGIN
  SELECT id INTO v_route_id FROM public.routes WHERE slug = 'nimbasa-city' AND game_id = 'b4c5d6e7-f8a9-0123-b456-789012345678';
  INSERT INTO public.trainers (route_id, name, trainer_class, is_boss, boss_type, level_cap, display_order, notes)
  VALUES (v_route_id, 'Elesa', 'Gym Leader', true, 'gym_leader', 30, 1, 'Electric-type specialist. Bolt Badge.')
  RETURNING id INTO v_trainer_id;

  INSERT INTO public.trainer_pokemon (trainer_id, pokemon_national_dex_id, level, slot_order, moves, ability, held_item, nature)
  VALUES (v_trainer_id, 587, 28, 1, '["Volt Switch", "Aerial Ace", "Quick Attack", "Pursuit"]'::jsonb, 'Static', NULL, NULL);
  INSERT INTO public.trainer_pokemon (trainer_id, pokemon_national_dex_id, level, slot_order, moves, ability, held_item, nature)
  VALUES (v_trainer_id, 180, 28, 2, '["Volt Switch", "Take Down", "Thunder Wave", "Confuse Ray"]'::jsonb, 'Static', NULL, NULL);
  INSERT INTO public.trainer_pokemon (trainer_id, pokemon_national_dex_id, level, slot_order, moves, ability, held_item, nature)
  VALUES (v_trainer_id, 523, 30, 3, '["Volt Switch", "Flame Charge", "Spark", "Quick Attack"]'::jsonb, 'Lightning Rod', NULL, NULL);
END $$;

-- Clay (Gym Leader)
DO $$
DECLARE
  v_trainer_id UUID;
  v_route_id UUID;
BEGIN
  SELECT id INTO v_route_id FROM public.routes WHERE slug = 'driftveil-city' AND game_id = 'b4c5d6e7-f8a9-0123-b456-789012345678';
  INSERT INTO public.trainers (route_id, name, trainer_class, is_boss, boss_type, level_cap, display_order, notes)
  VALUES (v_route_id, 'Clay', 'Gym Leader', true, 'gym_leader', 33, 1, 'Ground-type specialist. Quake Badge.')
  RETURNING id INTO v_trainer_id;

  INSERT INTO public.trainer_pokemon (trainer_id, pokemon_national_dex_id, level, slot_order, moves, ability, held_item, nature)
  VALUES (v_trainer_id, 552, 31, 1, '["Crunch", "Torment", "Bulldoze", "Swagger"]'::jsonb, 'Intimidate', NULL, NULL);
  INSERT INTO public.trainer_pokemon (trainer_id, pokemon_national_dex_id, level, slot_order, moves, ability, held_item, nature)
  VALUES (v_trainer_id, 28, 31, 2, '["Slash", "Bulldoze", "Crush Claw", "Hone Claws"]'::jsonb, 'Sand Rush', NULL, NULL);
  INSERT INTO public.trainer_pokemon (trainer_id, pokemon_national_dex_id, level, slot_order, moves, ability, held_item, nature)
  VALUES (v_trainer_id, 530, 33, 3, '["Bulldoze", "Slash", "Rock Slide", "Hone Claws"]'::jsonb, 'Sand Rush', NULL, NULL);
END $$;

-- Skyla (Gym Leader)
DO $$
DECLARE
  v_trainer_id UUID;
  v_route_id UUID;
BEGIN
  SELECT id INTO v_route_id FROM public.routes WHERE slug = 'mistralton-city' AND game_id = 'b4c5d6e7-f8a9-0123-b456-789012345678';
  INSERT INTO public.trainers (route_id, name, trainer_class, is_boss, boss_type, level_cap, display_order, notes)
  VALUES (v_route_id, 'Skyla', 'Gym Leader', true, 'gym_leader', 39, 1, 'Flying-type specialist. Jet Badge.')
  RETURNING id INTO v_trainer_id;

  INSERT INTO public.trainer_pokemon (trainer_id, pokemon_national_dex_id, level, slot_order, moves, ability, held_item, nature)
  VALUES (v_trainer_id, 528, 37, 1, '["Heart Stamp", "Acrobatics", "Assurance", "Attract"]'::jsonb, 'Unaware', NULL, NULL);
  INSERT INTO public.trainer_pokemon (trainer_id, pokemon_national_dex_id, level, slot_order, moves, ability, held_item, nature)
  VALUES (v_trainer_id, 227, 37, 2, '["Steel Wing", "Air Slash", "Agility", "Fury Attack"]'::jsonb, 'Sturdy', NULL, NULL);
  INSERT INTO public.trainer_pokemon (trainer_id, pokemon_national_dex_id, level, slot_order, moves, ability, held_item, nature)
  VALUES (v_trainer_id, 581, 39, 3, '["Air Slash", "BubbleBeam", "Aerial Ace", "FeatherDance"]'::jsonb, 'Keen Eye', NULL, NULL);
END $$;

-- Drayden (Gym Leader)
DO $$
DECLARE
  v_trainer_id UUID;
  v_route_id UUID;
BEGIN
  SELECT id INTO v_route_id FROM public.routes WHERE slug = 'opelucid-city' AND game_id = 'b4c5d6e7-f8a9-0123-b456-789012345678';
  INSERT INTO public.trainers (route_id, name, trainer_class, is_boss, boss_type, level_cap, display_order, notes)
  VALUES (v_route_id, 'Drayden', 'Gym Leader', true, 'gym_leader', 48, 1, 'Dragon-type specialist. Legend Badge.')
  RETURNING id INTO v_trainer_id;

  INSERT INTO public.trainer_pokemon (trainer_id, pokemon_national_dex_id, level, slot_order, moves, ability, held_item, nature)
  VALUES (v_trainer_id, 621, 46, 1, '["Dragon Tail", "Revenge", "Night Slash", "Crunch"]'::jsonb, 'Rough Skin', NULL, NULL);
  INSERT INTO public.trainer_pokemon (trainer_id, pokemon_national_dex_id, level, slot_order, moves, ability, held_item, nature)
  VALUES (v_trainer_id, 330, 46, 2, '["Earth Power", "Dragon Tail", "Rock Slide", "Crunch"]'::jsonb, 'Levitate', NULL, NULL);
  INSERT INTO public.trainer_pokemon (trainer_id, pokemon_national_dex_id, level, slot_order, moves, ability, held_item, nature)
  VALUES (v_trainer_id, 612, 48, 3, '["Dragon Tail", "Dragon Dance", "Slash", "Assurance"]'::jsonb, 'Mold Breaker', NULL, NULL);
END $$;

-- Marlon (Gym Leader)
DO $$
DECLARE
  v_trainer_id UUID;
  v_route_id UUID;
BEGIN
  SELECT id INTO v_route_id FROM public.routes WHERE slug = 'humilau-city' AND game_id = 'b4c5d6e7-f8a9-0123-b456-789012345678';
  INSERT INTO public.trainers (route_id, name, trainer_class, is_boss, boss_type, level_cap, display_order, notes)
  VALUES (v_route_id, 'Marlon', 'Gym Leader', true, 'gym_leader', 51, 1, 'Water-type specialist. Wave Badge.')
  RETURNING id INTO v_trainer_id;

  INSERT INTO public.trainer_pokemon (trainer_id, pokemon_national_dex_id, level, slot_order, moves, ability, held_item, nature)
  VALUES (v_trainer_id, 565, 49, 1, '["Crunch", "Shell Smash", "Scald", "Smack Down"]'::jsonb, 'Solid Rock', NULL, NULL);
  INSERT INTO public.trainer_pokemon (trainer_id, pokemon_national_dex_id, level, slot_order, moves, ability, held_item, nature)
  VALUES (v_trainer_id, 321, 49, 2, '["Scald", "Bounce", "Amnesia", "Rollout"]'::jsonb, 'Water Veil', NULL, NULL);
  INSERT INTO public.trainer_pokemon (trainer_id, pokemon_national_dex_id, level, slot_order, moves, ability, held_item, nature)
  VALUES (v_trainer_id, 593, 51, 3, '["Scald", "Cursed Body", "Recover", "Ominous Wind"]'::jsonb, 'Cursed Body', NULL, NULL);
END $$;

-- Shauntal (Elite Four)
DO $$
DECLARE
  v_trainer_id UUID;
  v_route_id UUID;
BEGIN
  SELECT id INTO v_route_id FROM public.routes WHERE slug = 'pokemon-league' AND game_id = 'b4c5d6e7-f8a9-0123-b456-789012345678';
  INSERT INTO public.trainers (route_id, name, trainer_class, is_boss, boss_type, level_cap, display_order, notes)
  VALUES (v_route_id, 'Shauntal', 'Elite Four', true, 'elite_four', 58, 1, 'Ghost-type specialist.')
  RETURNING id INTO v_trainer_id;

  INSERT INTO public.trainer_pokemon (trainer_id, pokemon_national_dex_id, level, slot_order, moves, ability, held_item, nature)
  VALUES (v_trainer_id, 563, 56, 1, '["Shadow Ball", "Psychic", "Will-O-Wisp", "Grass Knot"]'::jsonb, 'Mummy', NULL, NULL);
  INSERT INTO public.trainer_pokemon (trainer_id, pokemon_national_dex_id, level, slot_order, moves, ability, held_item, nature)
  VALUES (v_trainer_id, 426, 56, 2, '["Shadow Ball", "Psychic", "Thunderbolt", "Acrobatics"]'::jsonb, 'Aftermath', NULL, NULL);
  INSERT INTO public.trainer_pokemon (trainer_id, pokemon_national_dex_id, level, slot_order, moves, ability, held_item, nature)
  VALUES (v_trainer_id, 623, 56, 3, '["Shadow Punch", "Earthquake", "Brick Break", "Curse"]'::jsonb, 'Iron Fist', NULL, NULL);
  INSERT INTO public.trainer_pokemon (trainer_id, pokemon_national_dex_id, level, slot_order, moves, ability, held_item, nature)
  VALUES (v_trainer_id, 609, 58, 4, '["Shadow Ball", "Fire Blast", "Energy Ball", "Psychic"]'::jsonb, 'Flame Body', 'Sitrus Berry', NULL);
END $$;

-- Marshal (Elite Four)
DO $$
DECLARE
  v_trainer_id UUID;
  v_route_id UUID;
BEGIN
  SELECT id INTO v_route_id FROM public.routes WHERE slug = 'pokemon-league' AND game_id = 'b4c5d6e7-f8a9-0123-b456-789012345678';
  INSERT INTO public.trainers (route_id, name, trainer_class, is_boss, boss_type, level_cap, display_order, notes)
  VALUES (v_route_id, 'Marshal', 'Elite Four', true, 'elite_four', 58, 2, 'Fighting-type specialist.')
  RETURNING id INTO v_trainer_id;

  INSERT INTO public.trainer_pokemon (trainer_id, pokemon_national_dex_id, level, slot_order, moves, ability, held_item, nature)
  VALUES (v_trainer_id, 538, 56, 1, '["Storm Throw", "Stone Edge", "Bulldoze", "Payback"]'::jsonb, 'Guts', NULL, NULL);
  INSERT INTO public.trainer_pokemon (trainer_id, pokemon_national_dex_id, level, slot_order, moves, ability, held_item, nature)
  VALUES (v_trainer_id, 539, 56, 2, '["Close Combat", "Retaliate", "Rock Slide", "Grass Knot"]'::jsonb, 'Sturdy', NULL, NULL);
  INSERT INTO public.trainer_pokemon (trainer_id, pokemon_national_dex_id, level, slot_order, moves, ability, held_item, nature)
  VALUES (v_trainer_id, 620, 56, 3, '["Hi Jump Kick", "U-turn", "Rock Slide", "Retaliate"]'::jsonb, 'Inner Focus', NULL, NULL);
  INSERT INTO public.trainer_pokemon (trainer_id, pokemon_national_dex_id, level, slot_order, moves, ability, held_item, nature)
  VALUES (v_trainer_id, 534, 58, 4, '["Hammer Arm", "Stone Edge", "Bulk Up", "Retaliate"]'::jsonb, 'Guts', 'Sitrus Berry', NULL);
END $$;

-- Grimsley (Elite Four)
DO $$
DECLARE
  v_trainer_id UUID;
  v_route_id UUID;
BEGIN
  SELECT id INTO v_route_id FROM public.routes WHERE slug = 'pokemon-league' AND game_id = 'b4c5d6e7-f8a9-0123-b456-789012345678';
  INSERT INTO public.trainers (route_id, name, trainer_class, is_boss, boss_type, level_cap, display_order, notes)
  VALUES (v_route_id, 'Grimsley', 'Elite Four', true, 'elite_four', 58, 3, 'Dark-type specialist.')
  RETURNING id INTO v_trainer_id;

  INSERT INTO public.trainer_pokemon (trainer_id, pokemon_national_dex_id, level, slot_order, moves, ability, held_item, nature)
  VALUES (v_trainer_id, 510, 56, 1, '["Night Slash", "Fake Out", "Aerial Ace", "Attract"]'::jsonb, 'Limber', NULL, NULL);
  INSERT INTO public.trainer_pokemon (trainer_id, pokemon_national_dex_id, level, slot_order, moves, ability, held_item, nature)
  VALUES (v_trainer_id, 560, 56, 2, '["Crunch", "Brick Break", "Poison Jab", "Sand-Attack"]'::jsonb, 'Moxie', NULL, NULL);
  INSERT INTO public.trainer_pokemon (trainer_id, pokemon_national_dex_id, level, slot_order, moves, ability, held_item, nature)
  VALUES (v_trainer_id, 553, 56, 3, '["Crunch", "Earthquake", "Dragon Claw", "Foul Play"]'::jsonb, 'Intimidate', NULL, NULL);
  INSERT INTO public.trainer_pokemon (trainer_id, pokemon_national_dex_id, level, slot_order, moves, ability, held_item, nature)
  VALUES (v_trainer_id, 625, 58, 4, '["Night Slash", "X-Scissor", "Metal Claw", "Aerial Ace"]'::jsonb, 'Defiant', 'Sitrus Berry', NULL);
END $$;

-- Caitlin (Elite Four)
DO $$
DECLARE
  v_trainer_id UUID;
  v_route_id UUID;
BEGIN
  SELECT id INTO v_route_id FROM public.routes WHERE slug = 'pokemon-league' AND game_id = 'b4c5d6e7-f8a9-0123-b456-789012345678';
  INSERT INTO public.trainers (route_id, name, trainer_class, is_boss, boss_type, level_cap, display_order, notes)
  VALUES (v_route_id, 'Caitlin', 'Elite Four', true, 'elite_four', 58, 4, 'Psychic-type specialist.')
  RETURNING id INTO v_trainer_id;

  INSERT INTO public.trainer_pokemon (trainer_id, pokemon_national_dex_id, level, slot_order, moves, ability, held_item, nature)
  VALUES (v_trainer_id, 518, 56, 1, '["Psychic", "Shadow Ball", "Charge Beam", "Reflect"]'::jsonb, 'Forewarn', NULL, NULL);
  INSERT INTO public.trainer_pokemon (trainer_id, pokemon_national_dex_id, level, slot_order, moves, ability, held_item, nature)
  VALUES (v_trainer_id, 561, 56, 2, '["Psychic", "Air Slash", "Shadow Ball", "Ice Beam"]'::jsonb, 'Magic Guard', NULL, NULL);
  INSERT INTO public.trainer_pokemon (trainer_id, pokemon_national_dex_id, level, slot_order, moves, ability, held_item, nature)
  VALUES (v_trainer_id, 579, 56, 3, '["Psychic", "Focus Blast", "Energy Ball", "Thunder"]'::jsonb, 'Magic Guard', NULL, NULL);
  INSERT INTO public.trainer_pokemon (trainer_id, pokemon_national_dex_id, level, slot_order, moves, ability, held_item, nature)
  VALUES (v_trainer_id, 576, 58, 4, '["Psychic", "Thunderbolt", "Shadow Ball", "Calm Mind"]'::jsonb, 'Shadow Tag', 'Sitrus Berry', NULL);
END $$;

-- Iris (Champion)
DO $$
DECLARE
  v_trainer_id UUID;
  v_route_id UUID;
BEGIN
  SELECT id INTO v_route_id FROM public.routes WHERE slug = 'pokemon-league' AND game_id = 'b4c5d6e7-f8a9-0123-b456-789012345678';
  INSERT INTO public.trainers (route_id, name, trainer_class, is_boss, boss_type, level_cap, display_order, notes)
  VALUES (v_route_id, 'Iris', 'Champion', true, 'champion', 59, 5, 'Dragon-type specialist. Unova Champion.')
  RETURNING id INTO v_trainer_id;

  INSERT INTO public.trainer_pokemon (trainer_id, pokemon_national_dex_id, level, slot_order, moves, ability, held_item, nature)
  VALUES (v_trainer_id, 635, 57, 1, '["Flamethrower", "Charge Beam", "Dragon Pulse", "Surf"]'::jsonb, 'Levitate', NULL, NULL);
  INSERT INTO public.trainer_pokemon (trainer_id, pokemon_national_dex_id, level, slot_order, moves, ability, held_item, nature)
  VALUES (v_trainer_id, 621, 57, 2, '["Rock Slide", "Flamethrower", "Dragon Tail", "Focus Blast"]'::jsonb, 'Sheer Force', 'Life Orb', NULL);
  INSERT INTO public.trainer_pokemon (trainer_id, pokemon_national_dex_id, level, slot_order, moves, ability, held_item, nature)
  VALUES (v_trainer_id, 567, 57, 3, '["Acrobatics", "Rock Slide", "Dragon Claw", "Endeavor"]'::jsonb, 'Defeatist', NULL, NULL);
  INSERT INTO public.trainer_pokemon (trainer_id, pokemon_national_dex_id, level, slot_order, moves, ability, held_item, nature)
  VALUES (v_trainer_id, 306, 57, 4, '["Earthquake", "Double-Edge", "Rock Slide", "Autotomize"]'::jsonb, 'Rock Head', NULL, NULL);
  INSERT INTO public.trainer_pokemon (trainer_id, pokemon_national_dex_id, level, slot_order, moves, ability, held_item, nature)
  VALUES (v_trainer_id, 131, 57, 5, '["Surf", "Ice Beam", "Thunderbolt", "Sing"]'::jsonb, 'Water Absorb', NULL, NULL);
  INSERT INTO public.trainer_pokemon (trainer_id, pokemon_national_dex_id, level, slot_order, moves, ability, held_item, nature)
  VALUES (v_trainer_id, 612, 59, 6, '["Earthquake", "X-Scissor", "Dual Chop", "Dragon Dance"]'::jsonb, 'Mold Breaker', 'Focus Sash', NULL);
END $$;

-- Update total_routes count
UPDATE public.games SET total_routes = 62 WHERE id = 'b4c5d6e7-f8a9-0123-b456-789012345678';
-- ===========================================
-- POKEMON WHITE 2: COMPLETE GAME DATA
-- Official Pokemon Game
-- Gen 5, Unova region
-- ===========================================
-- Game ID: c5d6e7f8-a9b0-1234-c567-890123456789
-- ===========================================

-- STEP 1: Insert the game
INSERT INTO public.games (id, slug, name, generation, region, base_game_slug, is_romhack, sprite_url, total_routes, description)
VALUES (
  'c5d6e7f8-a9b0-1234-c567-890123456789',
  'pokemon-white-2',
  'Pokemon White 2',
  5,
  'Unova',
  NULL,
  false,
  'https://raw.githubusercontent.com/PokeAPI/sprites/master/sprites/pokemon/646.png',
  62,
  'Pokemon White 2 Version for Nintendo DS. A direct sequel set 2 years after Black/White. Features White Kyurem.'
);

-- ===========================================
-- STEP 2: ALL ROUTES (62 total)
-- ===========================================

INSERT INTO public.routes (game_id, name, slug, display_order, route_type, has_encounters, has_trainers, has_items, notes) VALUES
('c5d6e7f8-a9b0-1234-c567-890123456789', 'Aspertia City', 'aspertia-city', 1, 'city', true, true, false, 'Starting city. Gym Leader Cheren. Normal-type.'),
('c5d6e7f8-a9b0-1234-c567-890123456789', 'Route 19', 'route-19', 2, 'route', true, true, false, NULL),
('c5d6e7f8-a9b0-1234-c567-890123456789', 'Floccesy Town', 'floccesy-town', 3, 'city', true, false, false, NULL),
('c5d6e7f8-a9b0-1234-c567-890123456789', 'Floccesy Ranch', 'floccesy-ranch', 4, 'route', true, true, false, NULL),
('c5d6e7f8-a9b0-1234-c567-890123456789', 'Route 20', 'route-20', 5, 'route', true, true, false, NULL),
('c5d6e7f8-a9b0-1234-c567-890123456789', 'Virbank City', 'virbank-city', 6, 'city', true, true, false, 'Gym Leader Roxie. Poison-type specialist.'),
('c5d6e7f8-a9b0-1234-c567-890123456789', 'Virbank Complex', 'virbank-complex', 7, 'building', true, true, false, NULL),
('c5d6e7f8-a9b0-1234-c567-890123456789', 'Castelia City', 'castelia-city', 8, 'city', false, true, true, 'Gym Leader Burgh. Bug-type specialist.'),
('c5d6e7f8-a9b0-1234-c567-890123456789', 'Castelia Sewers', 'castelia-sewers', 9, 'cave', true, true, false, NULL),
('c5d6e7f8-a9b0-1234-c567-890123456789', 'Route 4', 'route-4', 10, 'route', true, true, false, NULL),
('c5d6e7f8-a9b0-1234-c567-890123456789', 'Desert Resort', 'desert-resort', 11, 'route', true, true, false, NULL),
('c5d6e7f8-a9b0-1234-c567-890123456789', 'Relic Castle', 'relic-castle', 12, 'cave', true, false, true, NULL),
('c5d6e7f8-a9b0-1234-c567-890123456789', 'Nimbasa City', 'nimbasa-city', 13, 'city', false, true, false, 'Gym Leader Elesa. Electric-type specialist.'),
('c5d6e7f8-a9b0-1234-c567-890123456789', 'Route 5', 'route-5', 14, 'route', true, true, false, NULL),
('c5d6e7f8-a9b0-1234-c567-890123456789', 'Driftveil Drawbridge', 'driftveil-drawbridge', 15, 'route', true, false, false, 'Ducklett wing shadows.'),
('c5d6e7f8-a9b0-1234-c567-890123456789', 'Driftveil City', 'driftveil-city', 16, 'city', false, true, false, 'Gym Leader Clay. Ground-type specialist.'),
('c5d6e7f8-a9b0-1234-c567-890123456789', 'Relic Passage', 'relic-passage', 17, 'cave', true, false, true, NULL),
('c5d6e7f8-a9b0-1234-c567-890123456789', 'Route 6', 'route-6', 18, 'route', true, true, false, NULL),
('c5d6e7f8-a9b0-1234-c567-890123456789', 'Chargestone Cave', 'chargestone-cave', 19, 'cave', true, true, true, NULL),
('c5d6e7f8-a9b0-1234-c567-890123456789', 'Mistralton City', 'mistralton-city', 20, 'city', false, true, false, 'Gym Leader Skyla. Flying-type specialist.'),
('c5d6e7f8-a9b0-1234-c567-890123456789', 'Mistralton Cave', 'mistralton-cave', 21, 'cave', true, false, true, NULL),
('c5d6e7f8-a9b0-1234-c567-890123456789', 'Route 7', 'route-7', 22, 'route', true, true, false, NULL),
('c5d6e7f8-a9b0-1234-c567-890123456789', 'Celestial Tower', 'celestial-tower', 23, 'building', true, true, false, NULL),
('c5d6e7f8-a9b0-1234-c567-890123456789', 'Lentimas Town', 'lentimas-town', 24, 'city', false, false, false, NULL),
('c5d6e7f8-a9b0-1234-c567-890123456789', 'Reversal Mountain', 'reversal-mountain', 25, 'cave', true, true, true, NULL),
('c5d6e7f8-a9b0-1234-c567-890123456789', 'Strange House', 'strange-house', 26, 'building', true, false, true, NULL),
('c5d6e7f8-a9b0-1234-c567-890123456789', 'Undella Town', 'undella-town', 27, 'city', true, false, false, NULL),
('c5d6e7f8-a9b0-1234-c567-890123456789', 'Route 13', 'route-13', 28, 'route', true, true, false, NULL),
('c5d6e7f8-a9b0-1234-c567-890123456789', 'Lacunosa Town', 'lacunosa-town', 29, 'city', false, false, false, NULL),
('c5d6e7f8-a9b0-1234-c567-890123456789', 'Route 12', 'route-12', 30, 'route', true, true, false, NULL),
('c5d6e7f8-a9b0-1234-c567-890123456789', 'Village Bridge', 'village-bridge', 31, 'route', true, true, false, NULL),
('c5d6e7f8-a9b0-1234-c567-890123456789', 'Route 11', 'route-11', 32, 'route', true, true, false, NULL),
('c5d6e7f8-a9b0-1234-c567-890123456789', 'Opelucid City', 'opelucid-city', 33, 'city', false, true, false, 'Gym Leader Drayden. Dragon-type specialist.'),
('c5d6e7f8-a9b0-1234-c567-890123456789', 'Route 9', 'route-9', 34, 'route', true, true, false, NULL),
('c5d6e7f8-a9b0-1234-c567-890123456789', 'Humilau City', 'humilau-city', 35, 'city', true, true, false, 'Gym Leader Marlon. Water-type specialist.'),
('c5d6e7f8-a9b0-1234-c567-890123456789', 'Route 22', 'route-22', 36, 'route', true, true, false, NULL),
('c5d6e7f8-a9b0-1234-c567-890123456789', 'Route 21', 'route-21', 37, 'water', true, true, false, NULL),
('c5d6e7f8-a9b0-1234-c567-890123456789', 'Seaside Cave', 'seaside-cave', 38, 'cave', true, true, true, NULL),
('c5d6e7f8-a9b0-1234-c567-890123456789', 'Route 23', 'route-23', 39, 'route', true, true, false, NULL),
('c5d6e7f8-a9b0-1234-c567-890123456789', 'Giant Chasm', 'giant-chasm', 40, 'cave', true, true, true, 'Kyurem encounter.'),
('c5d6e7f8-a9b0-1234-c567-890123456789', 'Victory Road', 'victory-road', 41, 'cave', true, true, true, NULL),
('c5d6e7f8-a9b0-1234-c567-890123456789', 'Pokemon League', 'pokemon-league', 42, 'building', false, true, false, 'Elite Four and Champion Iris.'),
('c5d6e7f8-a9b0-1234-c567-890123456789', 'Route 1', 'route-1', 43, 'route', true, false, false, NULL),
('c5d6e7f8-a9b0-1234-c567-890123456789', 'Route 2', 'route-2', 44, 'route', true, true, false, NULL),
('c5d6e7f8-a9b0-1234-c567-890123456789', 'Route 3', 'route-3', 45, 'route', true, true, false, NULL),
('c5d6e7f8-a9b0-1234-c567-890123456789', 'Dreamyard', 'dreamyard', 46, 'route', true, false, false, NULL),
('c5d6e7f8-a9b0-1234-c567-890123456789', 'Pinwheel Forest', 'pinwheel-forest', 47, 'route', true, false, false, NULL),
('c5d6e7f8-a9b0-1234-c567-890123456789', 'Twist Mountain', 'twist-mountain', 48, 'cave', true, false, true, NULL),
('c5d6e7f8-a9b0-1234-c567-890123456789', 'Dragonspiral Tower', 'dragonspiral-tower', 49, 'building', true, false, false, NULL),
('c5d6e7f8-a9b0-1234-c567-890123456789', 'Moor of Icirrus', 'moor-of-icirrus', 50, 'route', true, false, false, NULL),
('c5d6e7f8-a9b0-1234-c567-890123456789', 'Route 8', 'route-8', 51, 'route', true, true, false, NULL),
('c5d6e7f8-a9b0-1234-c567-890123456789', 'Undella Bay', 'undella-bay', 52, 'water', true, true, false, NULL),
('c5d6e7f8-a9b0-1234-c567-890123456789', 'Route 14', 'route-14', 53, 'route', true, true, false, NULL),
('c5d6e7f8-a9b0-1234-c567-890123456789', 'Abundant Shrine', 'abundant-shrine', 54, 'special', true, false, false, NULL),
('c5d6e7f8-a9b0-1234-c567-890123456789', 'Route 15', 'route-15', 55, 'route', true, true, false, NULL),
('c5d6e7f8-a9b0-1234-c567-890123456789', 'Route 16', 'route-16', 56, 'route', true, true, false, NULL),
('c5d6e7f8-a9b0-1234-c567-890123456789', 'Lostlorn Forest', 'lostlorn-forest', 57, 'route', true, false, false, NULL),
('c5d6e7f8-a9b0-1234-c567-890123456789', 'Route 17', 'route-17', 58, 'water', true, true, false, NULL),
('c5d6e7f8-a9b0-1234-c567-890123456789', 'Route 18', 'route-18', 59, 'route', true, true, false, NULL),
('c5d6e7f8-a9b0-1234-c567-890123456789', 'P2 Laboratory', 'p2-laboratory', 60, 'building', true, false, true, NULL),
('c5d6e7f8-a9b0-1234-c567-890123456789', 'Clay Tunnel', 'clay-tunnel', 61, 'cave', true, false, true, NULL),
('c5d6e7f8-a9b0-1234-c567-890123456789', 'Nature Sanctuary', 'nature-sanctuary', 62, 'special', true, false, false, NULL);

-- ===========================================
-- STEP 3: STARTER POKEMON
-- ===========================================

INSERT INTO public.encounters (route_id, pokemon_national_dex_id, method, encounter_rate, level_min, level_max)
SELECT r.id, 495, 'gift', NULL, 5, 5
FROM public.routes r WHERE r.slug = 'aspertia-city' AND r.game_id = 'c5d6e7f8-a9b0-1234-c567-890123456789';

INSERT INTO public.encounters (route_id, pokemon_national_dex_id, method, encounter_rate, level_min, level_max)
SELECT r.id, 498, 'gift', NULL, 5, 5
FROM public.routes r WHERE r.slug = 'aspertia-city' AND r.game_id = 'c5d6e7f8-a9b0-1234-c567-890123456789';

INSERT INTO public.encounters (route_id, pokemon_national_dex_id, method, encounter_rate, level_min, level_max)
SELECT r.id, 501, 'gift', NULL, 5, 5
FROM public.routes r WHERE r.slug = 'aspertia-city' AND r.game_id = 'c5d6e7f8-a9b0-1234-c567-890123456789';

-- ===========================================
-- STEP 4: ENCOUNTER DATA (823 total)
-- ===========================================

CREATE TEMP TABLE _enc (slug TEXT, dex INT, method TEXT, rate DECIMAL(5,2), lmin INT, lmax INT, cond TEXT, ver_excl TEXT);
INSERT INTO _enc VALUES
('aspertia-city', 118, 'fishing_super', 100.00, 40, 70, NULL, NULL),
('aspertia-city', 119, 'fishing_super', 20.00, 50, 70, NULL, NULL),
('aspertia-city', 495, 'gift', 100.00, 5, 5, NULL, NULL),
('aspertia-city', 498, 'gift', 100.00, 5, 5, NULL, NULL),
('aspertia-city', 501, 'gift', 100.00, 5, 5, NULL, NULL),
('aspertia-city', 550, 'fishing_super', 40.00, 40, 60, NULL, NULL),
('aspertia-city', 550, 'surfing', 100.00, 5, 15, NULL, NULL),
('aspertia-city', 10016, 'fishing_super', 40.00, 40, 60, NULL, NULL),
('aspertia-city', 10016, 'surfing', 100.00, 5, 15, NULL, NULL),
('route-19', 60, 'fishing_super', 60.00, 40, 70, NULL, NULL),
('route-19', 61, 'fishing_super', 55.00, 40, 70, NULL, NULL),
('route-19', 186, 'fishing_super', 5.00, 50, 70, NULL, NULL),
('route-19', 504, 'walking', 150.00, 2, 4, NULL, NULL),
('route-19', 509, 'walking', 50.00, 2, 4, NULL, NULL),
('route-19', 550, 'fishing_super', 40.00, 40, 60, NULL, NULL),
('route-19', 550, 'surfing', 100.00, 5, 15, NULL, NULL),
('route-19', 10016, 'fishing_super', 40.00, 40, 60, NULL, NULL),
('route-19', 10016, 'surfing', 100.00, 5, 15, NULL, NULL),
('floccesy-town', 147, 'gift', 100.00, 1, 1, NULL, NULL),
('floccesy-ranch', 60, 'fishing_super', 120.00, 40, 70, NULL, NULL),
('floccesy-ranch', 61, 'fishing_super', 110.00, 40, 70, NULL, NULL),
('floccesy-ranch', 183, 'surfing', 60.00, 5, 15, NULL, NULL),
('floccesy-ranch', 184, 'surfing', 10.00, 5, 15, NULL, NULL),
('floccesy-ranch', 186, 'fishing_super', 10.00, 50, 70, NULL, NULL),
('floccesy-ranch', 298, 'surfing', 60.00, 5, 15, NULL, NULL),
('floccesy-ranch', 550, 'fishing_super', 80.00, 40, 60, NULL, NULL),
('floccesy-ranch', 550, 'surfing', 130.00, 5, 15, NULL, NULL),
('floccesy-ranch', 10016, 'fishing_super', 80.00, 40, 60, NULL, NULL),
('floccesy-ranch', 10016, 'surfing', 140.00, 5, 15, NULL, NULL),
('floccesy-ranch', 54, 'walking', 10.00, 5, 5, NULL, NULL),
('floccesy-ranch', 179, 'walking', 10.00, 5, 5, NULL, NULL),
('floccesy-ranch', 206, 'walking', 10.00, 5, 5, NULL, NULL),
('floccesy-ranch', 298, 'walking', 20.00, 5, 5, NULL, NULL),
('floccesy-ranch', 447, 'walking', 5.00, 5, 7, NULL, NULL),
('floccesy-ranch', 504, 'walking', 10.00, 5, 5, NULL, NULL),
('floccesy-ranch', 506, 'walking', 40.00, 4, 7, NULL, NULL),
('floccesy-ranch', 519, 'walking', 5.00, 7, 7, NULL, NULL),
('floccesy-ranch', 531, 'walking', 90.00, 4, 7, NULL, NULL),
('route-20', 60, 'fishing_super', 60.00, 40, 70, NULL, NULL),
('route-20', 61, 'fishing_super', 55.00, 40, 70, NULL, NULL),
('route-20', 183, 'surfing', 30.00, 5, 15, NULL, NULL),
('route-20', 184, 'surfing', 5.00, 5, 15, NULL, NULL),
('route-20', 186, 'fishing_super', 5.00, 50, 70, NULL, NULL),
('route-20', 191, 'walking', 50.00, 2, 11, 'Summer', NULL),
('route-20', 191, 'walking', 8.00, 4, 11, 'Spring', NULL),
('route-20', 191, 'walking', 8.00, 4, 11, 'Autumn', NULL),
('route-20', 191, 'walking', 8.00, 4, 11, 'Winter', NULL),
('route-20', 191, 'walking', 2.00, 4, 11, NULL, NULL),
('route-20', 206, 'walking', 10.00, 3, 3, NULL, NULL),
('route-20', 298, 'surfing', 30.00, 5, 15, NULL, NULL),
('route-20', 504, 'walking', 40.00, 3, 10, NULL, NULL),
('route-20', 509, 'walking', 28.00, 3, 11, NULL, NULL),
('route-20', 509, 'walking', 2.00, 4, 11, 'Spring', NULL),
('route-20', 509, 'walking', 2.00, 4, 11, 'Autumn', NULL),
('route-20', 509, 'walking', 2.00, 4, 11, 'Winter', NULL),
('route-20', 519, 'walking', 40.00, 2, 9, 'Spring', NULL),
('route-20', 519, 'walking', 40.00, 2, 9, 'Autumn', NULL),
('route-20', 519, 'walking', 40.00, 2, 9, 'Winter', NULL),
('route-20', 519, 'walking', 10.00, 4, 10, NULL, NULL),
('route-20', 531, 'walking', 90.00, 2, 4, NULL, NULL),
('route-20', 540, 'walking', 50.00, 2, 11, NULL, NULL),
('route-20', 543, 'walking', 20.00, 10, 10, NULL, NULL),
('route-20', 550, 'fishing_super', 40.00, 40, 60, NULL, NULL),
('route-20', 550, 'surfing', 65.00, 5, 15, NULL, NULL),
('route-20', 10016, 'fishing_super', 40.00, 40, 60, NULL, NULL),
('route-20', 10016, 'surfing', 70.00, 5, 15, NULL, NULL),
('virbank-city', 98, 'fishing_super', 80.00, 40, 60, NULL, NULL),
('virbank-city', 99, 'fishing_super', 20.00, 50, 70, NULL, NULL),
('virbank-city', 211, 'fishing_super', 5.00, 50, 70, NULL, NULL),
('virbank-city', 456, 'fishing_super', 55.00, 40, 70, NULL, NULL),
('virbank-city', 457, 'fishing_super', 40.00, 40, 60, NULL, NULL),
('virbank-city', 592, 'surfing', 100.00, 5, 15, NULL, NULL),
('virbank-city', 593, 'surfing', 5.00, 5, 15, NULL, NULL),
('virbank-city', 594, 'surfing', 95.00, 5, 15, NULL, NULL),
('virbank-complex', 81, 'walking', 65.00, 10, 13, NULL, NULL),
('virbank-complex', 98, 'fishing_super', 80.00, 40, 60, NULL, NULL),
('virbank-complex', 99, 'fishing_super', 20.00, 50, 70, NULL, NULL),
('virbank-complex', 211, 'fishing_super', 5.00, 50, 70, NULL, NULL),
('virbank-complex', 239, 'walking', 65.00, 10, 13, NULL, NULL),
('virbank-complex', 456, 'fishing_super', 55.00, 40, 70, NULL, NULL),
('virbank-complex', 457, 'fishing_super', 40.00, 40, 60, NULL, NULL),
('virbank-complex', 504, 'walking', 65.00, 10, 14, NULL, NULL),
('virbank-complex', 519, 'walking', 35.00, 10, 13, NULL, NULL),
('virbank-complex', 531, 'walking', 200.00, 10, 13, NULL, NULL),
('virbank-complex', 592, 'surfing', 100.00, 5, 15, NULL, NULL),
('virbank-complex', 593, 'surfing', 5.00, 5, 15, NULL, NULL),
('virbank-complex', 594, 'surfing', 95.00, 5, 15, NULL, NULL),
('virbank-complex', 58, 'walking', 40.00, 11, 14, NULL, NULL),
('virbank-complex', 109, 'walking', 30.00, 10, 14, NULL, NULL),
('castelia-sewers', 19, 'walking', 45.00, 14, 17, NULL, NULL),
('castelia-sewers', 41, 'walking', 45.00, 14, 17, NULL, NULL),
('castelia-sewers', 88, 'fishing_super', 180.00, 40, 70, NULL, NULL),
('castelia-sewers', 88, 'surfing', 195.00, 5, 20, NULL, NULL),
('castelia-sewers', 88, 'walking', 10.00, 15, 17, NULL, NULL),
('castelia-sewers', 89, 'fishing_super', 20.00, 50, 70, NULL, NULL),
('castelia-sewers', 89, 'surfing', 5.00, 5, 20, NULL, NULL),
('route-4', 211, 'fishing_super', 45.00, 40, 70, NULL, NULL),
('route-4', 366, 'fishing_super', 40.00, 40, 60, NULL, NULL),
('route-4', 368, 'fishing_super', 5.00, 50, 70, NULL, NULL),
('route-4', 369, 'fishing_super', 15.00, 50, 70, NULL, NULL),
('route-4', 456, 'fishing_super', 55.00, 40, 70, NULL, NULL),
('route-4', 457, 'fishing_super', 40.00, 40, 60, NULL, NULL),
('route-4', 551, 'walking', 35.00, 14, 17, NULL, NULL),
('route-4', 554, 'walking', 35.00, 14, 17, NULL, NULL),
('route-4', 559, 'walking', 5.00, 17, 17, NULL, NULL),
('route-4', 572, 'walking', 25.00, 14, 17, NULL, NULL),
('route-4', 592, 'surfing', 100.00, 5, 15, NULL, NULL),
('route-4', 593, 'surfing', 5.00, 5, 20, NULL, NULL),
('route-4', 594, 'surfing', 95.00, 5, 20, NULL, NULL),
('route-4', 628, 'static', 100.00, 25, 25, NULL, NULL),
('desert-resort', 27, 'walking', 25.00, 19, 20, NULL, NULL),
('desert-resort', 551, 'walking', 60.00, 18, 19, NULL, NULL),
('desert-resort', 554, 'walking', 50.00, 18, 19, NULL, NULL),
('desert-resort', 556, 'walking', 20.00, 19, 19, NULL, NULL),
('desert-resort', 557, 'walking', 20.00, 19, 21, NULL, NULL),
('desert-resort', 559, 'walking', 10.00, 19, 19, NULL, NULL),
('desert-resort', 328, 'walking', 5.00, 21, 21, NULL, NULL),
('desert-resort', 561, 'walking', 10.00, 19, 19, NULL, NULL),
('relic-castle', 27, 'walking', 20.00, 19, 20, NULL, NULL),
('relic-castle', 551, 'walking', 40.00, 18, 21, NULL, NULL),
('relic-castle', 562, 'walking', 40.00, 18, 21, NULL, NULL),
('route-5', 510, 'walking', 40.00, 22, 26, NULL, NULL),
('route-5', 531, 'walking', 85.00, 21, 24, NULL, NULL),
('route-5', 568, 'walking', 40.00, 21, 26, NULL, NULL),
('route-5', 572, 'walking', 60.00, 21, 25, NULL, NULL),
('route-5', 573, 'walking', 5.00, 24, 24, NULL, NULL),
('route-5', 577, 'walking', 60.00, 21, 26, NULL, NULL),
('route-5', 587, 'walking', 10.00, 22, 22, NULL, NULL),
('relic-passage', 19, 'walking', 10.00, 17, 17, NULL, NULL),
('relic-passage', 95, 'walking', 75.00, 16, 30, NULL, NULL),
('relic-passage', 524, 'walking', 34.00, 16, 18, NULL, NULL),
('relic-passage', 527, 'walking', 98.00, 16, 30, NULL, NULL),
('relic-passage', 529, 'walking', 240.00, 16, 30, NULL, NULL),
('relic-passage', 532, 'walking', 20.00, 17, 18, NULL, NULL),
('relic-passage', 20, 'walking', 10.00, 29, 29, NULL, NULL),
('relic-passage', 60, 'fishing_super', 60.00, 40, 70, NULL, NULL),
('relic-passage', 61, 'fishing_super', 55.00, 40, 70, NULL, NULL),
('relic-passage', 62, 'fishing_super', 5.00, 50, 70, NULL, NULL),
('relic-passage', 183, 'surfing', 90.00, 10, 30, NULL, NULL),
('relic-passage', 184, 'surfing', 5.00, 10, 30, NULL, NULL),
('relic-passage', 525, 'walking', 73.00, 27, 30, NULL, NULL),
('relic-passage', 533, 'walking', 40.00, 28, 30, NULL, NULL),
('relic-passage', 550, 'fishing_super', 40.00, 40, 60, NULL, NULL),
('relic-passage', 550, 'surfing', 35.00, 10, 30, NULL, NULL),
('relic-passage', 10016, 'fishing_super', 40.00, 40, 60, NULL, NULL),
('relic-passage', 10016, 'surfing', 70.00, 10, 30, NULL, NULL),
('route-6', 60, 'fishing_super', 60.00, 40, 70, NULL, NULL),
('route-6', 61, 'fishing_super', 55.00, 40, 70, NULL, NULL),
('route-6', 183, 'walking', 10.00, 25, 28, NULL, NULL),
('route-6', 183, 'surfing', 90.00, 10, 35, NULL, NULL),
('route-6', 184, 'walking', 5.00, 26, 26, NULL, NULL),
('route-6', 184, 'surfing', 5.00, 10, 35, NULL, NULL),
('route-6', 186, 'fishing_super', 5.00, 50, 70, NULL, NULL),
('route-6', 206, 'walking', 10.00, 25, 25, NULL, NULL),
('route-6', 351, 'walking', 5.00, 26, 26, NULL, NULL),
('route-6', 520, 'walking', 30.00, 26, 29, NULL, NULL),
('route-6', 521, 'walking', 5.00, 26, 26, NULL, NULL),
('route-6', 531, 'walking', 50.00, 23, 25, NULL, NULL),
('route-6', 541, 'walking', 20.00, 26, 29, NULL, NULL),
('route-6', 542, 'walking', 5.00, 26, 26, NULL, NULL),
('route-6', 550, 'fishing_super', 40.00, 40, 60, NULL, NULL),
('route-6', 550, 'surfing', 35.00, 10, 35, NULL, NULL),
('route-6', 585, 'walking', 60.00, 23, 28, NULL, NULL),
('route-6', 587, 'walking', 20.00, 24, 25, NULL, NULL),
('route-6', 588, 'walking', 50.00, 23, 29, NULL, NULL),
('route-6', 590, 'walking', 20.00, 26, 29, NULL, NULL),
('route-6', 590, 'static', 300.00, 29, 29, NULL, NULL),
('route-6', 616, 'walking', 10.00, 23, 26, NULL, NULL),
('route-6', 10016, 'fishing_super', 40.00, 40, 60, NULL, NULL),
('route-6', 10016, 'surfing', 70.00, 10, 30, NULL, NULL),
('chargestone-cave', 299, 'walking', 30.00, 27, 30, NULL, NULL),
('chargestone-cave', 525, 'walking', 15.00, 25, 28, NULL, NULL),
('chargestone-cave', 529, 'walking', 300.00, 25, 31, NULL, NULL),
('chargestone-cave', 595, 'walking', 114.00, 25, 31, NULL, NULL),
('chargestone-cave', 597, 'walking', 60.00, 26, 31, NULL, NULL),
('chargestone-cave', 599, 'walking', 69.00, 26, 31, NULL, NULL),
('chargestone-cave', 602, 'walking', 12.00, 28, 31, NULL, NULL),
('mistralton-cave', 304, 'walking', 20.00, 29, 30, NULL, NULL),
('mistralton-cave', 525, 'walking', 30.00, 27, 28, NULL, NULL),
('mistralton-cave', 527, 'walking', 30.00, 27, 28, NULL, NULL),
('mistralton-cave', 529, 'walking', 100.00, 27, 30, NULL, NULL),
('mistralton-cave', 610, 'walking', 20.00, 29, 30, NULL, NULL),
('route-7', 335, 'walking', 10.00, 32, 35, NULL, NULL),
('route-7', 336, 'walking', 10.00, 32, 35, NULL, NULL),
('route-7', 505, 'walking', 20.00, 31, 34, NULL, NULL),
('route-7', 505, 'walking', 10.00, 33, 36, 'Spring', NULL),
('route-7', 505, 'walking', 10.00, 33, 36, 'Summer', NULL),
('route-7', 505, 'walking', 10.00, 33, 36, 'Autumn', NULL),
('route-7', 520, 'walking', 60.00, 30, 35, 'Spring', NULL),
('route-7', 520, 'walking', 60.00, 30, 35, 'Summer', NULL),
('route-7', 520, 'walking', 60.00, 30, 35, 'Autumn', NULL),
('route-7', 520, 'walking', 20.00, 30, 33, 'Winter', NULL),
('route-7', 521, 'walking', 5.00, 33, 33, NULL, NULL),
('route-7', 523, 'walking', 40.00, 31, 36, NULL, NULL),
('route-7', 531, 'walking', 85.00, 30, 33, NULL, NULL),
('route-7', 585, 'walking', 40.00, 30, 33, NULL, NULL),
('route-7', 587, 'walking', 10.00, 31, 31, NULL, NULL),
('route-7', 590, 'walking', 10.00, 33, 36, NULL, NULL),
('route-7', 590, 'static', 200.00, 36, 36, NULL, NULL),
('route-7', 613, 'walking', 50.00, 30, 36, 'Winter', NULL),
('celestial-tower', 607, 'walking', 285.00, 27, 33, NULL, NULL),
('celestial-tower', 42, 'walking', 35.00, 31, 33, NULL, NULL),
('celestial-tower', 605, 'walking', 80.00, 30, 33, NULL, NULL),
('celestial-tower', 481, 'static', 100.00, 65, 65, 'story-progress-juniper-cave-of-being', NULL),
('reversal-mountain', 485, 'static', 100.00, 68, 68, NULL, NULL),
('strange-house', 20, 'walking', 30.00, 32, 33, NULL, NULL),
('strange-house', 42, 'walking', 30.00, 32, 33, NULL, NULL),
('strange-house', 354, 'walking', 30.00, 32, 34, NULL, NULL),
('strange-house', 577, 'walking', 40.00, 31, 31, NULL, NULL),
('strange-house', 578, 'walking', 20.00, 33, 34, NULL, NULL),
('strange-house', 607, 'walking', 50.00, 31, 33, NULL, NULL),
('undella-town', 90, 'fishing_super', 95.00, 40, 70, NULL, NULL),
('undella-town', 91, 'fishing_super', 5.00, 50, 70, NULL, NULL),
('undella-town', 120, 'surfing', 90.00, 25, 40, NULL, NULL),
('undella-town', 121, 'surfing', 5.00, 30, 40, NULL, NULL),
('undella-town', 370, 'fishing_super', 100.00, 40, 70, NULL, NULL),
('undella-town', 550, 'surfing', 5.00, 30, 40, NULL, NULL),
('undella-town', 592, 'surfing', 65.00, 25, 40, NULL, NULL),
('undella-town', 593, 'surfing', 30.00, 25, 40, NULL, NULL),
('undella-town', 10016, 'surfing', 5.00, 30, 40, NULL, NULL),
('route-13', 90, 'fishing_super', 95.00, 40, 70, NULL, NULL),
('route-13', 91, 'fishing_super', 5.00, 50, 70, NULL, NULL),
('route-13', 114, 'walking', 50.00, 34, 41, NULL, NULL),
('route-13', 120, 'surfing', 90.00, 25, 40, NULL, NULL),
('route-13', 121, 'surfing', 5.00, 30, 40, NULL, NULL),
('route-13', 279, 'walking', 50.00, 34, 41, NULL, NULL),
('route-13', 337, 'walking', 20.00, 36, 40, NULL, NULL),
('route-13', 338, 'walking', 20.00, 36, 40, NULL, NULL),
('route-13', 359, 'walking', 30.00, 35, 41, NULL, NULL),
('route-13', 370, 'fishing_super', 100.00, 40, 70, NULL, NULL),
('route-13', 426, 'walking', 30.00, 34, 39, NULL, NULL),
('route-13', 465, 'walking', 5.00, 37, 37, NULL, NULL),
('route-13', 531, 'walking', 85.00, 34, 37, NULL, NULL),
('route-13', 550, 'surfing', 5.00, 30, 40, NULL, NULL),
('route-13', 587, 'walking', 10.00, 35, 35, NULL, NULL),
('route-13', 592, 'surfing', 65.00, 25, 40, NULL, NULL),
('route-13', 593, 'surfing', 30.00, 25, 40, NULL, NULL),
('route-13', 638, 'static', 100.00, 45, 45, NULL, NULL),
('route-13', 638, 'static', 100.00, 65, 65, 'special-encounter-couldnt-capture-before', NULL),
('route-13', 10016, 'surfing', 5.00, 30, 40, NULL, NULL),
('route-12', 127, 'walking', 30.00, 36, 42, NULL, NULL),
('route-12', 206, 'walking', 10.00, 36, 36, NULL, NULL),
('route-12', 315, 'walking', 50.00, 35, 41, NULL, NULL),
('route-12', 407, 'walking', 5.00, 38, 38, NULL, NULL),
('route-12', 415, 'walking', 40.00, 35, 39, NULL, NULL),
('route-12', 416, 'walking', 5.00, 38, 38, NULL, NULL),
('route-12', 520, 'walking', 50.00, 36, 42, NULL, NULL),
('route-12', 521, 'walking', 5.00, 38, 38, NULL, NULL),
('route-12', 531, 'walking', 60.00, 35, 37, NULL, NULL),
('route-12', 540, 'walking', 30.00, 36, 42, NULL, NULL),
('route-12', 542, 'walking', 5.00, 38, 38, NULL, NULL),
('route-12', 587, 'walking', 10.00, 36, 36, NULL, NULL),
('village-bridge', 55, 'walking', 70.00, 36, 42, NULL, NULL),
('village-bridge', 131, 'surfing', 5.00, 30, 40, NULL, NULL),
('village-bridge', 183, 'walking', 70.00, 36, 42, NULL, NULL),
('village-bridge', 183, 'surfing', 90.00, 25, 40, NULL, NULL),
('village-bridge', 184, 'walking', 5.00, 39, 39, NULL, NULL),
('village-bridge', 184, 'surfing', 5.00, 30, 40, NULL, NULL),
('village-bridge', 206, 'walking', 10.00, 37, 37, NULL, NULL),
('village-bridge', 318, 'fishing_super', 100.00, 40, 70, NULL, NULL),
('village-bridge', 319, 'fishing_super', 20.00, 50, 70, NULL, NULL),
('village-bridge', 335, 'walking', 30.00, 37, 43, NULL, NULL),
('village-bridge', 336, 'walking', 30.00, 37, 43, NULL, NULL),
('village-bridge', 531, 'walking', 75.00, 36, 39, NULL, NULL),
('village-bridge', 550, 'fishing_super', 40.00, 40, 60, NULL, NULL),
('village-bridge', 550, 'surfing', 30.00, 25, 40, NULL, NULL),
('village-bridge', 587, 'walking', 10.00, 37, 37, NULL, NULL),
('village-bridge', 10016, 'fishing_super', 40.00, 40, 60, NULL, NULL),
('village-bridge', 10016, 'surfing', 70.00, 25, 40, NULL, NULL),
('route-11', 55, 'walking', 40.00, 36, 40, NULL, NULL),
('route-11', 118, 'fishing_super', 100.00, 40, 70, NULL, NULL),
('route-11', 119, 'fishing_super', 20.00, 50, 70, NULL, NULL),
('route-11', 183, 'walking', 20.00, 36, 40, NULL, NULL),
('route-11', 184, 'walking', 5.00, 39, 39, NULL, NULL),
('route-11', 207, 'walking', 30.00, 37, 43, NULL, NULL),
('route-11', 335, 'walking', 20.00, 38, 42, NULL, NULL),
('route-11', 336, 'walking', 20.00, 38, 42, NULL, NULL),
('route-11', 418, 'surfing', 90.00, 25, 40, NULL, NULL),
('route-11', 419, 'surfing', 10.00, 30, 40, NULL, NULL),
('route-11', 472, 'walking', 5.00, 39, 39, NULL, NULL),
('route-11', 531, 'walking', 80.00, 36, 39, NULL, NULL),
('route-11', 550, 'fishing_super', 40.00, 40, 60, NULL, NULL),
('route-11', 550, 'surfing', 30.00, 25, 40, NULL, NULL),
('route-11', 587, 'walking', 10.00, 37, 37, NULL, NULL),
('route-11', 588, 'walking', 50.00, 36, 43, NULL, NULL),
('route-11', 591, 'walking', 10.00, 37, 41, NULL, NULL),
('route-11', 591, 'static', 200.00, 47, 47, NULL, NULL),
('route-11', 616, 'walking', 10.00, 36, 40, NULL, NULL),
('route-11', 640, 'static', 100.00, 45, 45, NULL, NULL),
('route-11', 640, 'static', 100.00, 65, 65, 'special-encounter-couldnt-capture-before', NULL),
('route-11', 10016, 'fishing_super', 40.00, 40, 60, NULL, NULL),
('route-11', 10016, 'surfing', 70.00, 25, 40, NULL, NULL),
('route-9', 89, 'walking', 10.00, 40, 44, NULL, NULL),
('route-9', 510, 'walking', 20.00, 40, 44, NULL, NULL),
('route-9', 531, 'walking', 80.00, 37, 40, NULL, NULL),
('route-9', 569, 'walking', 30.00, 38, 44, NULL, NULL),
('route-9', 572, 'walking', 60.00, 37, 43, NULL, NULL),
('route-9', 573, 'walking', 5.00, 40, 40, NULL, NULL),
('route-9', 578, 'walking', 50.00, 37, 43, NULL, NULL),
('route-9', 579, 'walking', 5.00, 40, 40, NULL, NULL),
('route-9', 587, 'walking', 10.00, 38, 38, NULL, NULL),
('route-9', 624, 'walking', 30.00, 38, 44, NULL, NULL),
('humilau-city', 90, 'fishing_super', 95.00, 40, 70, NULL, NULL),
('humilau-city', 91, 'fishing_super', 5.00, 50, 70, NULL, NULL),
('humilau-city', 120, 'surfing', 30.00, 30, 45, NULL, NULL),
('humilau-city', 121, 'surfing', 5.00, 35, 45, NULL, NULL),
('humilau-city', 222, 'surfing', 30.00, 35, 45, NULL, NULL),
('humilau-city', 370, 'fishing_super', 100.00, 40, 70, NULL, NULL),
('humilau-city', 550, 'surfing', 5.00, 35, 45, NULL, NULL),
('humilau-city', 592, 'surfing', 65.00, 30, 45, NULL, NULL),
('humilau-city', 593, 'surfing', 60.00, 35, 45, NULL, NULL),
('humilau-city', 10016, 'surfing', 5.00, 35, 45, NULL, NULL),
('route-22', 55, 'walking', 20.00, 40, 45, NULL, NULL),
('route-22', 118, 'fishing_super', 100.00, 40, 70, NULL, NULL),
('route-22', 119, 'fishing_super', 20.00, 50, 70, NULL, NULL),
('route-22', 183, 'walking', 20.00, 40, 47, NULL, NULL),
('route-22', 183, 'surfing', 90.00, 15, 40, NULL, NULL),
('route-22', 184, 'walking', 5.00, 42, 42, NULL, NULL),
('route-22', 184, 'surfing', 5.00, 25, 45, NULL, NULL),
('route-22', 225, 'walking', 10.00, 39, 44, NULL, NULL),
('route-22', 279, 'walking', 20.00, 40, 45, NULL, NULL),
('route-22', 337, 'walking', 20.00, 41, 46, NULL, NULL),
('route-22', 338, 'walking', 20.00, 41, 46, NULL, NULL),
('route-22', 531, 'walking', 85.00, 39, 42, NULL, NULL),
('route-22', 550, 'fishing_super', 40.00, 40, 60, NULL, NULL),
('route-22', 550, 'surfing', 35.00, 15, 45, NULL, NULL),
('route-22', 587, 'walking', 10.00, 40, 40, NULL, NULL),
('route-22', 591, 'walking', 40.00, 39, 44, NULL, NULL),
('route-22', 591, 'static', 200.00, 47, 47, NULL, NULL),
('route-22', 619, 'walking', 50.00, 39, 47, NULL, NULL),
('route-22', 639, 'static', 100.00, 45, 45, NULL, NULL),
('route-22', 639, 'static', 100.00, 65, 65, 'special-encounter-couldnt-capture-before', NULL),
('route-22', 10016, 'fishing_super', 40.00, 40, 60, NULL, NULL),
('route-22', 10016, 'surfing', 70.00, 15, 40, NULL, NULL),
('route-21', 223, 'fishing_super', 95.00, 40, 70, NULL, NULL),
('route-21', 223, 'surfing', 5.00, 35, 45, NULL, NULL),
('route-21', 224, 'fishing_super', 5.00, 50, 70, NULL, NULL),
('route-21', 226, 'surfing', 5.00, 35, 45, NULL, NULL),
('route-21', 370, 'fishing_super', 100.00, 40, 70, NULL, NULL),
('route-21', 458, 'surfing', 30.00, 30, 45, NULL, NULL),
('route-21', 592, 'surfing', 65.00, 30, 45, NULL, NULL),
('route-21', 593, 'surfing', 60.00, 30, 45, NULL, NULL),
('route-21', 594, 'surfing', 35.00, 30, 45, NULL, NULL),
('seaside-cave', 55, 'walking', 55.00, 34, 40, NULL, NULL),
('seaside-cave', 86, 'surfing', 90.00, 25, 40, NULL, NULL),
('seaside-cave', 86, 'walking', 10.00, 35, 35, NULL, NULL),
('seaside-cave', 87, 'surfing', 10.00, 30, 40, NULL, NULL),
('seaside-cave', 90, 'fishing_super', 95.00, 40, 70, NULL, NULL),
('seaside-cave', 91, 'fishing_super', 5.00, 50, 70, NULL, NULL),
('seaside-cave', 370, 'fishing_super', 100.00, 40, 70, NULL, NULL),
('seaside-cave', 525, 'walking', 50.00, 35, 42, NULL, NULL),
('seaside-cave', 527, 'walking', 70.00, 34, 41, NULL, NULL),
('seaside-cave', 530, 'walking', 200.00, 34, 42, NULL, NULL),
('seaside-cave', 558, 'static', 100.00, 42, 42, NULL, NULL),
('seaside-cave', 592, 'surfing', 70.00, 25, 40, NULL, NULL),
('seaside-cave', 593, 'surfing', 30.00, 25, 40, NULL, NULL),
('seaside-cave', 602, 'walking', 5.00, 37, 37, NULL, NULL),
('seaside-cave', 213, 'walking', 5.00, 41, 41, NULL, NULL),
('seaside-cave', 603, 'walking', 5.00, 42, 42, NULL, NULL),
('route-23', 55, 'walking', 20.00, 50, 55, NULL, NULL),
('route-23', 60, 'fishing_super', 60.00, 40, 70, NULL, NULL),
('route-23', 61, 'fishing_super', 55.00, 40, 70, NULL, NULL),
('route-23', 62, 'fishing_super', 5.00, 50, 70, NULL, NULL),
('route-23', 207, 'walking', 20.00, 49, 54, NULL, NULL),
('route-23', 418, 'surfing', 90.00, 40, 55, NULL, NULL),
('route-23', 419, 'surfing', 10.00, 45, 55, NULL, NULL),
('route-23', 472, 'walking', 5.00, 51, 51, NULL, NULL),
('route-23', 482, 'static', 100.00, 65, 65, 'story-progress-juniper-cave-of-being', NULL),
('route-23', 531, 'walking', 80.00, 48, 51, NULL, NULL),
('route-23', 538, 'walking', 50.00, 48, 54, NULL, NULL),
('route-23', 539, 'walking', 5.00, 51, 51, NULL, NULL),
('route-23', 550, 'fishing_super', 40.00, 40, 60, NULL, NULL),
('route-23', 550, 'surfing', 30.00, 40, 55, NULL, NULL),
('route-23', 587, 'walking', 10.00, 49, 49, NULL, NULL),
('route-23', 591, 'walking', 20.00, 49, 54, NULL, NULL),
('route-23', 591, 'static', 300.00, 56, 56, NULL, NULL),
('route-23', 619, 'walking', 15.00, 48, 48, NULL, NULL),
('route-23', 620, 'walking', 15.00, 53, 53, NULL, NULL),
('route-23', 626, 'walking', 50.00, 49, 56, NULL, NULL),
('route-23', 627, 'walking', 10.00, 47, 52, NULL, NULL),
('route-23', 10016, 'fishing_super', 40.00, 40, 60, NULL, NULL),
('route-23', 10016, 'surfing', 70.00, 40, 55, NULL, NULL),
('giant-chasm', 35, 'walking', 125.00, 44, 52, NULL, NULL),
('giant-chasm', 36, 'walking', 15.00, 47, 47, NULL, NULL),
('giant-chasm', 114, 'walking', 60.00, 44, 50, NULL, NULL),
('giant-chasm', 225, 'walking', 35.00, 44, 49, NULL, NULL),
('giant-chasm', 279, 'walking', 40.00, 45, 50, NULL, NULL),
('giant-chasm', 337, 'walking', 70.00, 45, 51, NULL, NULL),
('giant-chasm', 338, 'walking', 70.00, 46, 51, NULL, NULL),
('giant-chasm', 465, 'walking', 5.00, 47, 47, NULL, NULL),
('giant-chasm', 531, 'walking', 255.00, 44, 47, NULL, NULL),
('giant-chasm', 583, 'walking', 35.00, 45, 52, NULL, NULL),
('giant-chasm', 584, 'walking', 5.00, 47, 47, NULL, NULL),
('giant-chasm', 60, 'fishing_super', 60.00, 40, 70, NULL, NULL),
('giant-chasm', 61, 'fishing_super', 55.00, 40, 70, NULL, NULL),
('giant-chasm', 62, 'fishing_super', 5.00, 50, 70, NULL, NULL),
('giant-chasm', 86, 'surfing', 90.00, 35, 50, NULL, NULL),
('giant-chasm', 87, 'surfing', 10.00, 40, 50, NULL, NULL),
('giant-chasm', 215, 'walking', 20.00, 44, 44, NULL, NULL),
('giant-chasm', 221, 'walking', 145.00, 44, 51, NULL, NULL),
('giant-chasm', 530, 'walking', 100.00, 44, 47, NULL, NULL),
('giant-chasm', 550, 'fishing_super', 40.00, 40, 60, NULL, NULL),
('giant-chasm', 550, 'surfing', 30.00, 35, 50, NULL, NULL),
('giant-chasm', 10016, 'fishing_super', 40.00, 40, 60, NULL, NULL),
('giant-chasm', 10016, 'surfing', 70.00, 35, 50, NULL, NULL),
('giant-chasm', 132, 'walking', 60.00, 45, 52, NULL, NULL),
('giant-chasm', 375, 'walking', 40.00, 45, 52, NULL, NULL),
('giant-chasm', 376, 'walking', 10.00, 47, 47, NULL, NULL),
('giant-chasm', 473, 'walking', 10.00, 47, 47, NULL, NULL),
('giant-chasm', 646, 'static', 100.00, 70, 70, 'other-captured-reshiram-or-zekrom', NULL),
('victory-road', 60, 'fishing_super', 180.00, 40, 70, NULL, NULL),
('victory-road', 61, 'fishing_super', 165.00, 40, 70, NULL, NULL),
('victory-road', 62, 'fishing_super', 10.00, 50, 70, NULL, NULL),
('victory-road', 183, 'surfing', 180.00, 35, 50, NULL, NULL),
('victory-road', 184, 'surfing', 10.00, 40, 50, NULL, NULL),
('victory-road', 354, 'walking', 70.00, 47, 50, NULL, NULL),
('victory-road', 550, 'fishing_super', 120.00, 40, 60, NULL, NULL),
('victory-road', 550, 'surfing', 100.00, 35, 50, NULL, NULL),
('victory-road', 623, 'walking', 30.00, 48, 50, NULL, NULL),
('victory-road', 10016, 'fishing_super', 120.00, 40, 60, NULL, NULL),
('victory-road', 10016, 'surfing', 210.00, 35, 50, NULL, NULL),
('victory-road', 206, 'walking', 20.00, 49, 49, NULL, NULL),
('victory-road', 315, 'walking', 60.00, 48, 55, NULL, NULL),
('victory-road', 407, 'walking', 5.00, 50, 50, NULL, NULL),
('victory-road', 531, 'walking', 165.00, 47, 50, NULL, NULL),
('victory-road', 548, 'walking', 140.00, 47, 55, NULL, NULL),
('victory-road', 549, 'walking', 5.00, 50, 50, NULL, NULL),
('victory-road', 186, 'fishing_super', 5.00, 50, 70, NULL, NULL),
('victory-road', 334, 'walking', 40.00, 49, 55, NULL, NULL),
('victory-road', 418, 'surfing', 90.00, 35, 50, NULL, NULL),
('victory-road', 419, 'surfing', 10.00, 40, 50, NULL, NULL),
('victory-road', 520, 'walking', 160.00, 47, 55, NULL, NULL),
('victory-road', 521, 'walking', 5.00, 50, 50, NULL, NULL),
('victory-road', 95, 'walking', 80.00, 41, 50, NULL, NULL),
('victory-road', 525, 'walking', 160.00, 41, 50, NULL, NULL),
('victory-road', 530, 'walking', 160.00, 41, 50, NULL, NULL),
('route-1', 39, 'walking', 20.00, 57, 65, NULL, NULL),
('route-1', 40, 'walking', 5.00, 59, 59, NULL, NULL),
('route-1', 206, 'walking', 10.00, 57, 57, NULL, NULL),
('route-1', 349, 'fishing_super', 60.00, 40, 70, NULL, NULL),
('route-1', 350, 'fishing_super', 5.00, 50, 70, NULL, NULL),
('route-1', 505, 'walking', 80.00, 56, 67, NULL, NULL),
('route-1', 507, 'walking', 89.00, 56, 67, NULL, NULL),
('route-1', 508, 'walking', 5.00, 59, 59, NULL, NULL),
('route-1', 531, 'walking', 80.00, 56, 59, NULL, NULL),
('route-1', 550, 'fishing_super', 40.00, 40, 60, NULL, NULL),
('route-1', 550, 'surfing', 100.00, 45, 60, NULL, NULL),
('route-1', 560, 'walking', 11.00, 66, 67, NULL, NULL),
('route-1', 10016, 'fishing_super', 95.00, 40, 70, NULL, NULL),
('route-1', 10016, 'surfing', 100.00, 45, 60, NULL, NULL),
('route-2', 39, 'walking', 10.00, 57, 57, NULL, NULL),
('route-2', 40, 'walking', 5.00, 59, 59, NULL, NULL),
('route-2', 108, 'walking', 10.00, 58, 58, NULL, NULL),
('route-2', 206, 'walking', 10.00, 57, 57, NULL, NULL),
('route-2', 463, 'walking', 5.00, 59, 59, NULL, NULL),
('route-2', 505, 'walking', 30.00, 56, 59, NULL, NULL),
('route-2', 507, 'walking', 30.00, 56, 59, NULL, NULL),
('route-2', 508, 'walking', 5.00, 59, 59, NULL, NULL),
('route-2', 510, 'walking', 20.00, 57, 58, NULL, NULL),
('route-2', 531, 'walking', 75.00, 56, 59, NULL, NULL),
('route-3', 118, 'fishing_super', 100.00, 40, 70, NULL, NULL),
('route-3', 119, 'fishing_super', 20.00, 50, 70, NULL, NULL),
('route-3', 193, 'walking', 20.00, 56, 64, NULL, NULL),
('route-3', 341, 'surfing', 90.00, 45, 60, NULL, NULL),
('route-3', 342, 'surfing', 10.00, 50, 60, NULL, NULL),
('route-3', 469, 'walking', 5.00, 58, 58, NULL, NULL),
('route-3', 505, 'walking', 40.00, 55, 63, NULL, NULL),
('route-3', 507, 'walking', 20.00, 57, 65, NULL, NULL),
('route-3', 508, 'walking', 5.00, 58, 58, NULL, NULL),
('route-3', 509, 'walking', 20.00, 57, 65, NULL, NULL),
('route-3', 520, 'walking', 60.00, 55, 65, NULL, NULL),
('route-3', 521, 'walking', 5.00, 58, 58, NULL, NULL),
('route-3', 523, 'walking', 40.00, 56, 66, NULL, NULL),
('route-3', 531, 'walking', 85.00, 55, 58, NULL, NULL),
('route-3', 550, 'fishing_super', 40.00, 40, 60, NULL, NULL),
('route-3', 550, 'surfing', 30.00, 45, 60, NULL, NULL),
('route-3', 10016, 'fishing_super', 40.00, 40, 60, NULL, NULL),
('route-3', 10016, 'surfing', 70.00, 45, 60, NULL, NULL),
('dreamyard', 20, 'walking', 45.00, 57, 67, NULL, NULL),
('dreamyard', 39, 'walking', 30.00, 57, 65, NULL, NULL),
('dreamyard', 40, 'walking', 5.00, 59, 59, NULL, NULL),
('dreamyard', 42, 'walking', 45.00, 57, 67, NULL, NULL),
('dreamyard', 169, 'walking', 5.00, 59, 59, NULL, NULL),
('dreamyard', 206, 'walking', 10.00, 57, 57, NULL, NULL),
('dreamyard', 380, 'static', 100.00, 68, 68, NULL, NULL),
('dreamyard', 505, 'walking', 60.00, 56, 67, NULL, NULL),
('dreamyard', 510, 'walking', 60.00, 56, 67, NULL, NULL),
('dreamyard', 517, 'walking', 60.00, 57, 66, NULL, NULL),
('dreamyard', 518, 'walking', 5.00, 59, 59, NULL, NULL),
('dreamyard', 531, 'walking', 75.00, 56, 59, NULL, NULL),
('pinwheel-forest', 193, 'walking', 20.00, 55, 63, NULL, NULL),
('pinwheel-forest', 454, 'walking', 20.00, 55, 63, NULL, NULL),
('pinwheel-forest', 469, 'walking', 5.00, 57, 57, NULL, NULL),
('pinwheel-forest', 531, 'walking', 140.00, 54, 57, NULL, NULL),
('pinwheel-forest', 533, 'walking', 80.00, 54, 64, NULL, NULL),
('pinwheel-forest', 536, 'walking', 50.00, 54, 65, NULL, NULL),
('pinwheel-forest', 537, 'walking', 5.00, 57, 57, NULL, NULL),
('pinwheel-forest', 538, 'walking', 30.00, 55, 65, NULL, NULL),
('pinwheel-forest', 539, 'walking', 5.00, 57, 57, NULL, NULL),
('pinwheel-forest', 118, 'fishing_super', 100.00, 35, 70, NULL, NULL),
('pinwheel-forest', 119, 'fishing_super', 20.00, 35, 70, NULL, NULL),
('pinwheel-forest', 183, 'surfing', 90.00, 45, 60, NULL, NULL),
('pinwheel-forest', 184, 'surfing', 5.00, 50, 60, NULL, NULL),
('pinwheel-forest', 288, 'walking', 30.00, 55, 65, NULL, NULL),
('pinwheel-forest', 289, 'walking', 5.00, 57, 57, NULL, NULL),
('pinwheel-forest', 511, 'walking', 10.00, 55, 55, NULL, NULL),
('pinwheel-forest', 513, 'walking', 10.00, 55, 55, NULL, NULL),
('pinwheel-forest', 515, 'walking', 10.00, 55, 55, NULL, NULL),
('pinwheel-forest', 541, 'walking', 50.00, 54, 64, NULL, NULL),
('pinwheel-forest', 544, 'walking', 30.00, 55, 65, NULL, NULL),
('pinwheel-forest', 545, 'walking', 5.00, 57, 57, NULL, NULL),
('pinwheel-forest', 548, 'walking', 90.00, 54, 65, NULL, NULL),
('pinwheel-forest', 549, 'walking', 5.00, 57, 57, NULL, NULL),
('pinwheel-forest', 550, 'fishing_super', 40.00, 35, 60, NULL, NULL),
('pinwheel-forest', 550, 'surfing', 35.00, 45, 60, NULL, NULL),
('pinwheel-forest', 10016, 'fishing_super', 40.00, 40, 60, NULL, NULL),
('pinwheel-forest', 10016, 'surfing', 70.00, 45, 60, NULL, NULL),
('twist-mountain', 95, 'walking', 25.00, 54, 57, NULL, NULL),
('twist-mountain', 208, 'walking', 5.00, 57, 57, NULL, NULL),
('twist-mountain', 525, 'walking', 40.00, 54, 55, 'Spring', NULL),
('twist-mountain', 525, 'walking', 20.00, 54, 54, 'Summer', NULL),
('twist-mountain', 525, 'walking', 40.00, 54, 55, 'Autumn', NULL),
('twist-mountain', 525, 'walking', 20.00, 55, 55, 'Winter', NULL),
('twist-mountain', 527, 'walking', 10.00, 54, 54, NULL, NULL),
('twist-mountain', 530, 'walking', 75.00, 54, 57, NULL, NULL),
('twist-mountain', 533, 'walking', 20.00, 55, 55, 'Summer', NULL),
('twist-mountain', 533, 'walking', 10.00, 55, 55, 'Spring', NULL),
('twist-mountain', 533, 'walking', 10.00, 55, 55, 'Autumn', NULL),
('twist-mountain', 533, 'walking', 10.00, 55, 55, 'Winter', NULL),
('twist-mountain', 614, 'walking', 20.00, 54, 54, 'Winter', NULL),
('twist-mountain', 614, 'walking', 10.00, 56, 56, 'Spring', NULL),
('twist-mountain', 614, 'walking', 10.00, 56, 56, 'Autumn', NULL),
('twist-mountain', 614, 'walking', 5.00, 56, 56, 'Summer', NULL),
('twist-mountain', 615, 'walking', 10.00, 56, 56, 'Winter', NULL),
('twist-mountain', 615, 'walking', 5.00, 57, 57, NULL, NULL),
('twist-mountain', 631, 'walking', 20.00, 55, 56, 'Summer', NULL),
('twist-mountain', 631, 'walking', 5.00, 56, 56, 'Spring', NULL),
('twist-mountain', 631, 'walking', 5.00, 56, 56, 'Autumn', NULL),
('twist-mountain', 631, 'walking', 5.00, 56, 56, 'Winter', NULL),
('twist-mountain', 632, 'walking', 15.00, 56, 57, NULL, NULL),
('twist-mountain', 486, 'static', 100.00, 68, 68, 'other-regirock-regice-registeel-in-party', NULL),
('dragonspiral-tower', 520, 'walking', 105.00, 55, 66, 'Spring', NULL),
('dragonspiral-tower', 520, 'walking', 105.00, 55, 66, 'Summer', NULL),
('dragonspiral-tower', 520, 'walking', 105.00, 55, 66, 'Autumn', NULL),
('dragonspiral-tower', 521, 'walking', 10.00, 57, 58, 'Spring', NULL),
('dragonspiral-tower', 521, 'walking', 10.00, 57, 58, 'Summer', NULL),
('dragonspiral-tower', 521, 'walking', 10.00, 57, 58, 'Autumn', NULL),
('dragonspiral-tower', 531, 'walking', 170.00, 55, 58, NULL, NULL),
('dragonspiral-tower', 583, 'walking', 100.00, 55, 65, 'Winter', NULL),
('dragonspiral-tower', 584, 'walking', 10.00, 57, 58, 'Winter', NULL),
('dragonspiral-tower', 586, 'walking', 30.00, 63, 65, 'Winter', NULL),
('dragonspiral-tower', 586, 'walking', 90.00, 55, 65, NULL, NULL),
('dragonspiral-tower', 586, 'walking', 15.00, 58, 66, 'Spring', NULL),
('dragonspiral-tower', 586, 'walking', 15.00, 58, 66, 'Summer', NULL),
('dragonspiral-tower', 586, 'walking', 15.00, 58, 66, 'Autumn', NULL),
('dragonspiral-tower', 587, 'walking', 20.00, 56, 56, NULL, NULL),
('dragonspiral-tower', 614, 'walking', 60.00, 57, 66, 'Winter', NULL),
('dragonspiral-tower', 619, 'walking', 1.00, 66, 66, 'Winter', NULL),
('dragonspiral-tower', 620, 'walking', 34.00, 58, 66, 'Winter', NULL),
('dragonspiral-tower', 620, 'walking', 95.00, 55, 66, NULL, NULL),
('dragonspiral-tower', 621, 'walking', 5.00, 58, 58, 'Spring', NULL),
('dragonspiral-tower', 621, 'walking', 5.00, 58, 58, 'Summer', NULL),
('dragonspiral-tower', 621, 'walking', 5.00, 58, 58, 'Autumn', NULL),
('dragonspiral-tower', 147, 'fishing_super', 100.00, 40, 70, NULL, NULL),
('dragonspiral-tower', 148, 'fishing_super', 19.00, 50, 70, NULL, NULL),
('dragonspiral-tower', 149, 'fishing_super', 1.00, 50, 70, NULL, NULL),
('dragonspiral-tower', 550, 'fishing_super', 40.00, 40, 60, NULL, NULL),
('dragonspiral-tower', 550, 'surfing', 100.00, 45, 60, NULL, NULL),
('dragonspiral-tower', 621, 'walking', 40.00, 56, 66, NULL, NULL),
('dragonspiral-tower', 10016, 'fishing_super', 40.00, 40, 60, NULL, NULL),
('dragonspiral-tower', 10016, 'surfing', 100.00, 45, 60, NULL, NULL),
('dragonspiral-tower', 623, 'walking', 150.00, 55, 58, NULL, NULL),
('moor-of-icirrus', 339, 'fishing_super', 80.00, 45, 60, NULL, NULL),
('moor-of-icirrus', 339, 'fishing_super', 20.00, 60, 60, 'Spring', NULL),
('moor-of-icirrus', 339, 'fishing_super', 20.00, 60, 60, 'Summer', NULL),
('moor-of-icirrus', 339, 'fishing_super', 20.00, 60, 60, 'Autumn', NULL),
('moor-of-icirrus', 339, 'fishing_super', 20.00, 50, 60, 'Winter', NULL),
('moor-of-icirrus', 340, 'fishing_super', 20.00, 60, 60, 'Spring', NULL),
('moor-of-icirrus', 340, 'fishing_super', 20.00, 60, 60, 'Summer', NULL),
('moor-of-icirrus', 340, 'fishing_super', 20.00, 60, 60, 'Autumn', NULL),
('moor-of-icirrus', 340, 'fishing_super', 20.00, 50, 60, 'Winter', NULL),
('moor-of-icirrus', 453, 'walking', 15.00, 55, 56, 'Spring', NULL),
('moor-of-icirrus', 453, 'walking', 15.00, 55, 56, 'Summer', NULL),
('moor-of-icirrus', 453, 'walking', 15.00, 55, 56, 'Autumn', NULL),
('moor-of-icirrus', 536, 'walking', 40.00, 54, 57, 'Spring', NULL),
('moor-of-icirrus', 536, 'walking', 40.00, 54, 57, 'Summer', NULL),
('moor-of-icirrus', 536, 'walking', 40.00, 54, 57, 'Autumn', NULL),
('moor-of-icirrus', 537, 'surfing', 5.00, 60, 60, 'Spring', NULL),
('moor-of-icirrus', 537, 'surfing', 5.00, 60, 60, 'Summer', NULL),
('moor-of-icirrus', 537, 'surfing', 5.00, 60, 60, 'Autumn', NULL),
('moor-of-icirrus', 537, 'surfing', 5.00, 50, 60, 'Winter', NULL),
('moor-of-icirrus', 588, 'walking', 20.00, 54, 54, 'Spring', NULL),
('moor-of-icirrus', 588, 'walking', 20.00, 54, 54, 'Summer', NULL),
('moor-of-icirrus', 588, 'walking', 20.00, 54, 54, 'Autumn', NULL),
('moor-of-icirrus', 616, 'walking', 5.00, 57, 57, 'Spring', NULL),
('moor-of-icirrus', 616, 'walking', 5.00, 57, 57, 'Summer', NULL),
('moor-of-icirrus', 616, 'walking', 5.00, 57, 57, 'Autumn', NULL),
('moor-of-icirrus', 618, 'fishing_super', 80.00, 45, 60, NULL, NULL),
('moor-of-icirrus', 618, 'surfing', 180.00, 45, 60, NULL, NULL),
('moor-of-icirrus', 618, 'surfing', 15.00, 60, 60, 'Spring', NULL),
('moor-of-icirrus', 618, 'surfing', 15.00, 60, 60, 'Summer', NULL),
('moor-of-icirrus', 618, 'surfing', 15.00, 60, 60, 'Autumn', NULL),
('moor-of-icirrus', 618, 'surfing', 15.00, 50, 60, 'Winter', NULL),
('moor-of-icirrus', 618, 'walking', 20.00, 55, 56, 'Spring', NULL),
('moor-of-icirrus', 618, 'walking', 20.00, 55, 56, 'Summer', NULL),
('moor-of-icirrus', 618, 'walking', 20.00, 55, 56, 'Autumn', NULL),
('route-8', 339, 'fishing_super', 80.00, 45, 60, NULL, NULL),
('route-8', 339, 'fishing_super', 20.00, 60, 60, 'Spring', NULL),
('route-8', 339, 'fishing_super', 20.00, 50, 60, 'Summer', NULL),
('route-8', 339, 'fishing_super', 20.00, 50, 60, 'Autumn', NULL),
('route-8', 339, 'fishing_super', 20.00, 50, 60, 'Winter', NULL),
('route-8', 340, 'fishing_super', 20.00, 60, 60, 'Spring', NULL),
('route-8', 340, 'fishing_super', 20.00, 50, 60, 'Summer', NULL),
('route-8', 340, 'fishing_super', 20.00, 50, 60, 'Autumn', NULL),
('route-8', 340, 'fishing_super', 20.00, 50, 60, 'Winter', NULL),
('route-8', 453, 'walking', 15.00, 55, 56, 'Spring', NULL),
('route-8', 453, 'walking', 15.00, 55, 56, 'Summer', NULL),
('route-8', 453, 'walking', 15.00, 55, 56, 'Autumn', NULL),
('route-8', 536, 'surfing', 60.00, 45, 60, NULL, NULL),
('route-8', 536, 'walking', 40.00, 54, 57, 'Spring', NULL),
('route-8', 536, 'walking', 40.00, 54, 57, 'Summer', NULL),
('route-8', 536, 'walking', 40.00, 54, 57, 'Autumn', NULL),
('route-8', 537, 'surfing', 5.00, 60, 60, 'Spring', NULL),
('route-8', 537, 'surfing', 5.00, 50, 60, 'Summer', NULL),
('route-8', 537, 'surfing', 5.00, 50, 60, 'Autumn', NULL),
('route-8', 537, 'surfing', 5.00, 50, 60, 'Winter', NULL),
('route-8', 588, 'walking', 20.00, 54, 54, 'Spring', NULL),
('route-8', 588, 'walking', 20.00, 54, 54, 'Summer', NULL),
('route-8', 588, 'walking', 20.00, 54, 54, 'Autumn', NULL),
('route-8', 616, 'walking', 5.00, 57, 57, 'Spring', NULL),
('route-8', 616, 'walking', 5.00, 57, 57, 'Summer', NULL),
('route-8', 616, 'walking', 5.00, 57, 57, 'Autumn', NULL),
('route-8', 618, 'fishing_super', 80.00, 45, 60, NULL, NULL),
('route-8', 618, 'surfing', 120.00, 45, 60, NULL, NULL),
('route-8', 618, 'surfing', 15.00, 60, 60, 'Spring', NULL),
('route-8', 618, 'surfing', 15.00, 50, 60, 'Summer', NULL),
('route-8', 618, 'surfing', 15.00, 50, 60, 'Autumn', NULL),
('route-8', 618, 'surfing', 15.00, 50, 60, 'Winter', NULL),
('route-8', 618, 'walking', 20.00, 55, 56, 'Spring', NULL),
('route-8', 618, 'walking', 20.00, 55, 56, 'Summer', NULL),
('route-8', 618, 'walking', 20.00, 55, 56, 'Autumn', NULL),
('undella-bay', 170, 'fishing_super', 100.00, 40, 70, NULL, NULL),
('undella-bay', 171, 'fishing_super', 15.00, 50, 70, NULL, NULL),
('undella-bay', 223, 'fishing_super', 80.00, 40, 60, NULL, NULL),
('undella-bay', 223, 'surfing', 5.00, 30, 40, NULL, NULL),
('undella-bay', 224, 'fishing_super', 5.00, 50, 70, NULL, NULL),
('undella-bay', 226, 'surfing', 5.00, 30, 40, 'Spring', NULL),
('undella-bay', 226, 'surfing', 5.00, 30, 40, 'Summer', NULL),
('undella-bay', 226, 'surfing', 5.00, 30, 40, 'Autumn', NULL),
('undella-bay', 320, 'surfing', 60.00, 25, 40, 'Winter', NULL),
('undella-bay', 320, 'surfing', 30.00, 25, 40, 'Spring', NULL),
('undella-bay', 320, 'surfing', 30.00, 25, 40, 'Summer', NULL),
('undella-bay', 320, 'surfing', 30.00, 25, 40, 'Autumn', NULL),
('undella-bay', 321, 'surfing', 5.00, 30, 40, NULL, NULL),
('undella-bay', 363, 'surfing', 30.00, 25, 40, 'Winter', NULL),
('undella-bay', 364, 'surfing', 30.00, 25, 40, 'Winter', NULL),
('undella-bay', 365, 'surfing', 5.00, 30, 40, 'Winter', NULL),
('undella-bay', 458, 'surfing', 30.00, 25, 40, 'Spring', NULL),
('undella-bay', 458, 'surfing', 30.00, 25, 40, 'Summer', NULL),
('undella-bay', 458, 'surfing', 30.00, 25, 40, 'Autumn', NULL),
('undella-bay', 592, 'surfing', 65.00, 25, 40, NULL, NULL),
('undella-bay', 593, 'surfing', 60.00, 25, 40, 'Spring', NULL),
('undella-bay', 593, 'surfing', 60.00, 25, 40, 'Summer', NULL),
('undella-bay', 593, 'surfing', 60.00, 25, 40, 'Autumn', NULL),
('undella-bay', 593, 'static', 100.00, 40, 40, NULL, NULL),
('route-14', 55, 'walking', 50.00, 34, 39, NULL, NULL),
('route-14', 118, 'fishing_super', 100.00, 40, 70, NULL, NULL),
('route-14', 119, 'fishing_super', 20.00, 50, 70, NULL, NULL),
('route-14', 333, 'walking', 20.00, 33, 33, NULL, NULL),
('route-14', 334, 'walking', 20.00, 36, 40, NULL, NULL),
('route-14', 359, 'walking', 30.00, 34, 40, NULL, NULL),
('route-14', 418, 'surfing', 90.00, 25, 40, NULL, NULL),
('route-14', 419, 'surfing', 10.00, 30, 40, NULL, NULL),
('route-14', 426, 'walking', 30.00, 34, 39, NULL, NULL),
('route-14', 531, 'walking', 90.00, 33, 36, NULL, NULL),
('route-14', 550, 'fishing_super', 40.00, 40, 60, NULL, NULL),
('route-14', 550, 'surfing', 30.00, 25, 40, NULL, NULL),
('route-14', 587, 'walking', 10.00, 34, 34, NULL, NULL),
('route-14', 619, 'walking', 50.00, 33, 39, NULL, NULL),
('route-14', 10016, 'fishing_super', 40.00, 40, 60, NULL, NULL),
('route-14', 10016, 'surfing', 70.00, 25, 40, NULL, NULL),
('abundant-shrine', 37, 'walking', 30.00, 34, 37, NULL, NULL),
('abundant-shrine', 38, 'walking', 5.00, 36, 36, NULL, NULL),
('abundant-shrine', 55, 'walking', 20.00, 34, 38, NULL, NULL),
('abundant-shrine', 118, 'fishing_super', 100.00, 40, 70, NULL, NULL),
('abundant-shrine', 119, 'fishing_super', 20.00, 50, 70, NULL, NULL),
('abundant-shrine', 183, 'walking', 20.00, 34, 38, NULL, NULL),
('abundant-shrine', 183, 'surfing', 90.00, 25, 40, NULL, NULL),
('abundant-shrine', 184, 'walking', 5.00, 36, 36, NULL, NULL),
('abundant-shrine', 184, 'surfing', 5.00, 30, 40, NULL, NULL),
('abundant-shrine', 333, 'walking', 20.00, 33, 33, NULL, NULL),
('abundant-shrine', 334, 'walking', 20.00, 36, 40, NULL, NULL),
('abundant-shrine', 436, 'walking', 15.00, 32, 32, NULL, NULL),
('abundant-shrine', 437, 'walking', 10.00, 36, 36, NULL, NULL),
('abundant-shrine', 531, 'walking', 75.00, 33, 36, NULL, NULL),
('abundant-shrine', 548, 'walking', 65.00, 33, 39, NULL, NULL),
('abundant-shrine', 549, 'walking', 5.00, 36, 36, NULL, NULL),
('abundant-shrine', 550, 'fishing_super', 40.00, 40, 60, NULL, NULL),
('abundant-shrine', 550, 'surfing', 35.00, 25, 40, NULL, NULL),
('abundant-shrine', 587, 'walking', 10.00, 34, 34, NULL, NULL),
('abundant-shrine', 10016, 'fishing_super', 40.00, 40, 60, NULL, NULL),
('abundant-shrine', 10016, 'surfing', 70.00, 25, 40, NULL, NULL),
('route-15', 28, 'walking', 60.00, 54, 64, NULL, NULL),
('route-15', 207, 'walking', 50.00, 55, 65, NULL, NULL),
('route-15', 247, 'walking', 30.00, 55, 65, NULL, NULL),
('route-15', 248, 'walking', 5.00, 57, 57, NULL, NULL),
('route-15', 472, 'walking', 5.00, 57, 57, NULL, NULL),
('route-15', 531, 'walking', 75.00, 54, 57, NULL, NULL),
('route-15', 538, 'walking', 40.00, 55, 65, NULL, NULL),
('route-15', 539, 'walking', 5.00, 57, 57, NULL, NULL),
('route-15', 560, 'walking', 20.00, 55, 63, NULL, NULL),
('route-15', 587, 'walking', 10.00, 55, 55, NULL, NULL),
('route-16', 510, 'walking', 40.00, 22, 26, NULL, NULL),
('route-16', 531, 'walking', 85.00, 21, 24, NULL, NULL),
('route-16', 568, 'walking', 40.00, 21, 26, NULL, NULL),
('route-16', 572, 'walking', 60.00, 21, 25, NULL, NULL),
('route-16', 573, 'walking', 5.00, 24, 24, NULL, NULL),
('route-16', 577, 'walking', 60.00, 21, 26, NULL, NULL),
('route-16', 587, 'walking', 10.00, 22, 22, NULL, NULL),
('lostlorn-forest', 60, 'fishing_super', 60.00, 40, 70, NULL, NULL),
('lostlorn-forest', 61, 'fishing_super', 55.00, 40, 70, NULL, NULL),
('lostlorn-forest', 127, 'walking', 10.00, 24, 26, NULL, NULL),
('lostlorn-forest', 186, 'fishing_super', 5.00, 50, 70, NULL, NULL),
('lostlorn-forest', 315, 'walking', 30.00, 23, 26, NULL, NULL),
('lostlorn-forest', 407, 'walking', 5.00, 24, 24, NULL, NULL),
('lostlorn-forest', 415, 'walking', 20.00, 22, 24, NULL, NULL),
('lostlorn-forest', 416, 'walking', 5.00, 24, 24, NULL, NULL),
('lostlorn-forest', 418, 'surfing', 90.00, 10, 30, NULL, NULL),
('lostlorn-forest', 419, 'surfing', 10.00, 10, 30, NULL, NULL),
('lostlorn-forest', 511, 'walking', 10.00, 22, 22, NULL, NULL),
('lostlorn-forest', 513, 'walking', 10.00, 22, 22, NULL, NULL),
('lostlorn-forest', 515, 'walking', 10.00, 22, 22, NULL, NULL),
('lostlorn-forest', 531, 'walking', 40.00, 21, 23, NULL, NULL),
('lostlorn-forest', 541, 'walking', 50.00, 21, 26, NULL, NULL),
('lostlorn-forest', 542, 'walking', 5.00, 24, 24, NULL, NULL),
('lostlorn-forest', 543, 'walking', 20.00, 21, 21, NULL, NULL),
('lostlorn-forest', 544, 'walking', 20.00, 23, 23, NULL, NULL),
('lostlorn-forest', 548, 'walking', 50.00, 21, 26, NULL, NULL),
('lostlorn-forest', 549, 'walking', 5.00, 24, 24, NULL, NULL),
('lostlorn-forest', 550, 'fishing_super', 40.00, 40, 60, NULL, NULL),
('lostlorn-forest', 550, 'surfing', 30.00, 10, 30, NULL, NULL),
('lostlorn-forest', 587, 'walking', 10.00, 22, 22, NULL, NULL),
('lostlorn-forest', 10016, 'fishing_super', 40.00, 40, 60, NULL, NULL),
('lostlorn-forest', 10016, 'surfing', 70.00, 10, 25, NULL, NULL),
('route-17', 116, 'fishing_super', 80.00, 50, 60, NULL, NULL),
('route-17', 117, 'fishing_super', 15.00, 60, 70, NULL, NULL),
('route-17', 230, 'fishing_super', 5.00, 60, 70, NULL, NULL),
('route-17', 456, 'fishing_super', 60.00, 50, 70, NULL, NULL),
('route-17', 457, 'fishing_super', 40.00, 50, 60, NULL, NULL),
('route-17', 592, 'surfing', 100.00, 45, 60, NULL, NULL),
('route-17', 593, 'surfing', 5.00, 50, 60, NULL, NULL),
('route-17', 594, 'surfing', 95.00, 45, 60, NULL, NULL),
('route-18', 116, 'fishing_super', 80.00, 50, 60, NULL, NULL),
('route-18', 117, 'fishing_super', 15.00, 60, 70, NULL, NULL),
('route-18', 206, 'walking', 10.00, 57, 57, NULL, NULL),
('route-18', 222, 'fishing_super', 5.00, 60, 70, NULL, NULL),
('route-18', 230, 'fishing_super', 5.00, 60, 70, NULL, NULL),
('route-18', 357, 'walking', 20.00, 58, 66, NULL, NULL),
('route-18', 455, 'walking', 20.00, 58, 66, NULL, NULL),
('route-18', 456, 'fishing_super', 55.00, 50, 70, NULL, NULL),
('route-18', 457, 'fishing_super', 40.00, 50, 60, NULL, NULL),
('route-18', 505, 'walking', 20.00, 56, 64, NULL, NULL),
('route-18', 531, 'walking', 85.00, 56, 59, NULL, NULL),
('route-18', 538, 'walking', 40.00, 57, 67, NULL, NULL),
('route-18', 539, 'walking', 5.00, 59, 59, NULL, NULL),
('route-18', 558, 'walking', 40.00, 57, 65, NULL, NULL),
('route-18', 560, 'walking', 60.00, 57, 66, NULL, NULL),
('route-18', 592, 'surfing', 100.00, 45, 60, NULL, NULL),
('route-18', 593, 'surfing', 5.00, 50, 60, NULL, NULL),
('route-18', 594, 'surfing', 95.00, 45, 60, NULL, NULL),
('p2-laboratory', 82, 'walking', 15.00, 57, 59, NULL, NULL),
('p2-laboratory', 110, 'walking', 15.00, 57, 58, NULL, NULL),
('p2-laboratory', 116, 'fishing_super', 55.00, 35, 55, NULL, NULL),
('p2-laboratory', 117, 'fishing_super', 40.00, 35, 60, NULL, NULL),
('p2-laboratory', 211, 'fishing_super', 40.00, 35, 60, NULL, NULL),
('p2-laboratory', 230, 'fishing_super', 5.00, 45, 70, NULL, NULL),
('p2-laboratory', 456, 'fishing_super', 45.00, 35, 55, NULL, NULL),
('p2-laboratory', 457, 'fishing_super', 15.00, 35, 70, NULL, NULL),
('p2-laboratory', 462, 'walking', 5.00, 59, 59, NULL, NULL),
('p2-laboratory', 505, 'walking', 20.00, 56, 56, NULL, NULL),
('p2-laboratory', 507, 'walking', 20.00, 56, 56, NULL, NULL),
('p2-laboratory', 508, 'walking', 5.00, 59, 59, NULL, NULL),
('p2-laboratory', 531, 'walking', 85.00, 56, 59, NULL, NULL),
('p2-laboratory', 560, 'walking', 15.00, 57, 58, NULL, NULL),
('p2-laboratory', 592, 'surfing', 100.00, 45, 60, NULL, NULL),
('p2-laboratory', 593, 'surfing', 5.00, 50, 60, NULL, NULL),
('p2-laboratory', 594, 'surfing', 95.00, 45, 60, NULL, NULL),
('p2-laboratory', 600, 'walking', 15.00, 57, 59, NULL, NULL),
('p2-laboratory', 601, 'walking', 5.00, 59, 59, NULL, NULL),
('clay-tunnel', 60, 'fishing_super', 60.00, 50, 70, NULL, NULL),
('clay-tunnel', 61, 'fishing_super', 55.00, 50, 60, NULL, NULL),
('clay-tunnel', 62, 'fishing_super', 5.00, 60, 60, NULL, NULL),
('clay-tunnel', 95, 'walking', 25.00, 54, 57, NULL, NULL),
('clay-tunnel', 208, 'walking', 5.00, 57, 57, NULL, NULL),
('clay-tunnel', 299, 'walking', 15.00, 55, 57, NULL, NULL),
('clay-tunnel', 305, 'walking', 15.00, 55, 57, NULL, NULL),
('clay-tunnel', 525, 'walking', 35.00, 54, 56, NULL, NULL),
('clay-tunnel', 527, 'walking', 10.00, 54, 54, NULL, NULL),
('clay-tunnel', 530, 'walking', 75.00, 54, 57, NULL, NULL),
('clay-tunnel', 550, 'fishing_super', 40.00, 50, 60, NULL, NULL),
('clay-tunnel', 550, 'surfing', 100.00, 45, 60, NULL, NULL),
('clay-tunnel', 632, 'walking', 20.00, 54, 54, NULL, NULL),
('clay-tunnel', 10016, 'fishing_super', 40.00, 50, 60, NULL, NULL),
('clay-tunnel', 10016, 'surfing', 100.00, 45, 60, NULL, NULL),
('nature-sanctuary', 55, 'walking', 20.00, 57, 65, NULL, NULL),
('nature-sanctuary', 129, 'fishing_super', 100.00, 1, 100, NULL, NULL),
('nature-sanctuary', 130, 'fishing_super', 20.00, 1, 100, NULL, NULL),
('nature-sanctuary', 164, 'walking', 20.00, 58, 66, NULL, NULL),
('nature-sanctuary', 203, 'walking', 30.00, 58, 67, NULL, NULL),
('nature-sanctuary', 206, 'walking', 10.00, 57, 57, NULL, NULL),
('nature-sanctuary', 274, 'walking', 60.00, 56, 65, NULL, NULL),
('nature-sanctuary', 275, 'walking', 5.00, 59, 59, NULL, NULL),
('nature-sanctuary', 334, 'walking', 40.00, 56, 64, NULL, NULL),
('nature-sanctuary', 352, 'walking', 10.00, 57, 67, NULL, NULL),
('nature-sanctuary', 418, 'surfing', 90.00, 45, 60, NULL, NULL),
('nature-sanctuary', 419, 'surfing', 5.00, 50, 60, NULL, NULL),
('nature-sanctuary', 531, 'walking', 85.00, 56, 59, NULL, NULL),
('nature-sanctuary', 550, 'fishing_super', 40.00, 40, 60, NULL, NULL),
('nature-sanctuary', 550, 'surfing', 35.00, 45, 60, NULL, NULL),
('nature-sanctuary', 611, 'walking', 20.00, 57, 67, NULL, NULL),
('nature-sanctuary', 612, 'static', 100.00, 60, 60, NULL, NULL),
('nature-sanctuary', 10016, 'fishing_super', 40.00, 40, 60, NULL, NULL),
('nature-sanctuary', 10016, 'surfing', 70.00, 45, 60, NULL, NULL);

INSERT INTO public.encounters (route_id, pokemon_national_dex_id, method, encounter_rate, level_min, level_max, conditions, version_exclusive)
SELECT r.id, e.dex, e.method, e.rate, e.lmin, e.lmax, NULLIF(e.cond, ''), NULLIF(e.ver_excl, '')
FROM _enc e JOIN public.routes r ON r.slug = e.slug AND r.game_id = 'c5d6e7f8-a9b0-1234-c567-890123456789';

DROP TABLE _enc;

-- ===========================================
-- STEP 5: BOSS TRAINERS
-- ===========================================

-- Cheren (Gym Leader)
DO $$
DECLARE
  v_trainer_id UUID;
  v_route_id UUID;
BEGIN
  SELECT id INTO v_route_id FROM public.routes WHERE slug = 'aspertia-city' AND game_id = 'c5d6e7f8-a9b0-1234-c567-890123456789';
  INSERT INTO public.trainers (route_id, name, trainer_class, is_boss, boss_type, level_cap, display_order, notes)
  VALUES (v_route_id, 'Cheren', 'Gym Leader', true, 'gym_leader', 13, 1, 'Normal-type specialist. Basic Badge.')
  RETURNING id INTO v_trainer_id;

  INSERT INTO public.trainer_pokemon (trainer_id, pokemon_national_dex_id, level, slot_order, moves, ability, held_item, nature)
  VALUES (v_trainer_id, 504, 11, 1, '["Tackle", "Leer", "Bite", "Detect"]'::jsonb, 'Keen Eye', NULL, NULL);
  INSERT INTO public.trainer_pokemon (trainer_id, pokemon_national_dex_id, level, slot_order, moves, ability, held_item, nature)
  VALUES (v_trainer_id, 506, 13, 2, '["Tackle", "Leer", "Bite", "Work Up"]'::jsonb, 'Vital Spirit', NULL, NULL);
END $$;

-- Roxie (Gym Leader)
DO $$
DECLARE
  v_trainer_id UUID;
  v_route_id UUID;
BEGIN
  SELECT id INTO v_route_id FROM public.routes WHERE slug = 'virbank-city' AND game_id = 'c5d6e7f8-a9b0-1234-c567-890123456789';
  INSERT INTO public.trainers (route_id, name, trainer_class, is_boss, boss_type, level_cap, display_order, notes)
  VALUES (v_route_id, 'Roxie', 'Gym Leader', true, 'gym_leader', 18, 1, 'Poison-type specialist. Toxic Badge.')
  RETURNING id INTO v_trainer_id;

  INSERT INTO public.trainer_pokemon (trainer_id, pokemon_national_dex_id, level, slot_order, moves, ability, held_item, nature)
  VALUES (v_trainer_id, 109, 16, 1, '["Assurance", "Clear Smog", "Smog", "Tackle"]'::jsonb, 'Levitate', NULL, NULL);
  INSERT INTO public.trainer_pokemon (trainer_id, pokemon_national_dex_id, level, slot_order, moves, ability, held_item, nature)
  VALUES (v_trainer_id, 544, 18, 2, '["Venoshock", "Pursuit", "Poison Tail", "Screech"]'::jsonb, 'Poison Point', NULL, NULL);
END $$;

-- Burgh (Gym Leader)
DO $$
DECLARE
  v_trainer_id UUID;
  v_route_id UUID;
BEGIN
  SELECT id INTO v_route_id FROM public.routes WHERE slug = 'castelia-city' AND game_id = 'c5d6e7f8-a9b0-1234-c567-890123456789';
  INSERT INTO public.trainers (route_id, name, trainer_class, is_boss, boss_type, level_cap, display_order, notes)
  VALUES (v_route_id, 'Burgh', 'Gym Leader', true, 'gym_leader', 24, 1, 'Bug-type specialist. Insect Badge.')
  RETURNING id INTO v_trainer_id;

  INSERT INTO public.trainer_pokemon (trainer_id, pokemon_national_dex_id, level, slot_order, moves, ability, held_item, nature)
  VALUES (v_trainer_id, 541, 22, 1, '["Razor Leaf", "String Shot", "Bug Bite", "Struggle Bug"]'::jsonb, 'Leaf Guard', NULL, NULL);
  INSERT INTO public.trainer_pokemon (trainer_id, pokemon_national_dex_id, level, slot_order, moves, ability, held_item, nature)
  VALUES (v_trainer_id, 557, 22, 2, '["Faint Attack", "Smack Down", "Bug Bite", "Struggle Bug"]'::jsonb, 'Sturdy', NULL, NULL);
  INSERT INTO public.trainer_pokemon (trainer_id, pokemon_national_dex_id, level, slot_order, moves, ability, held_item, nature)
  VALUES (v_trainer_id, 542, 24, 3, '["Razor Leaf", "String Shot", "Bug Bite", "Struggle Bug"]'::jsonb, 'Swarm', NULL, NULL);
END $$;

-- Elesa (Gym Leader)
DO $$
DECLARE
  v_trainer_id UUID;
  v_route_id UUID;
BEGIN
  SELECT id INTO v_route_id FROM public.routes WHERE slug = 'nimbasa-city' AND game_id = 'c5d6e7f8-a9b0-1234-c567-890123456789';
  INSERT INTO public.trainers (route_id, name, trainer_class, is_boss, boss_type, level_cap, display_order, notes)
  VALUES (v_route_id, 'Elesa', 'Gym Leader', true, 'gym_leader', 30, 1, 'Electric-type specialist. Bolt Badge.')
  RETURNING id INTO v_trainer_id;

  INSERT INTO public.trainer_pokemon (trainer_id, pokemon_national_dex_id, level, slot_order, moves, ability, held_item, nature)
  VALUES (v_trainer_id, 587, 28, 1, '["Volt Switch", "Aerial Ace", "Quick Attack", "Pursuit"]'::jsonb, 'Static', NULL, NULL);
  INSERT INTO public.trainer_pokemon (trainer_id, pokemon_national_dex_id, level, slot_order, moves, ability, held_item, nature)
  VALUES (v_trainer_id, 180, 28, 2, '["Volt Switch", "Take Down", "Thunder Wave", "Confuse Ray"]'::jsonb, 'Static', NULL, NULL);
  INSERT INTO public.trainer_pokemon (trainer_id, pokemon_national_dex_id, level, slot_order, moves, ability, held_item, nature)
  VALUES (v_trainer_id, 523, 30, 3, '["Volt Switch", "Flame Charge", "Spark", "Quick Attack"]'::jsonb, 'Lightning Rod', NULL, NULL);
END $$;

-- Clay (Gym Leader)
DO $$
DECLARE
  v_trainer_id UUID;
  v_route_id UUID;
BEGIN
  SELECT id INTO v_route_id FROM public.routes WHERE slug = 'driftveil-city' AND game_id = 'c5d6e7f8-a9b0-1234-c567-890123456789';
  INSERT INTO public.trainers (route_id, name, trainer_class, is_boss, boss_type, level_cap, display_order, notes)
  VALUES (v_route_id, 'Clay', 'Gym Leader', true, 'gym_leader', 33, 1, 'Ground-type specialist. Quake Badge.')
  RETURNING id INTO v_trainer_id;

  INSERT INTO public.trainer_pokemon (trainer_id, pokemon_national_dex_id, level, slot_order, moves, ability, held_item, nature)
  VALUES (v_trainer_id, 552, 31, 1, '["Crunch", "Torment", "Bulldoze", "Swagger"]'::jsonb, 'Intimidate', NULL, NULL);
  INSERT INTO public.trainer_pokemon (trainer_id, pokemon_national_dex_id, level, slot_order, moves, ability, held_item, nature)
  VALUES (v_trainer_id, 28, 31, 2, '["Slash", "Bulldoze", "Crush Claw", "Hone Claws"]'::jsonb, 'Sand Rush', NULL, NULL);
  INSERT INTO public.trainer_pokemon (trainer_id, pokemon_national_dex_id, level, slot_order, moves, ability, held_item, nature)
  VALUES (v_trainer_id, 530, 33, 3, '["Bulldoze", "Slash", "Rock Slide", "Hone Claws"]'::jsonb, 'Sand Rush', NULL, NULL);
END $$;

-- Skyla (Gym Leader)
DO $$
DECLARE
  v_trainer_id UUID;
  v_route_id UUID;
BEGIN
  SELECT id INTO v_route_id FROM public.routes WHERE slug = 'mistralton-city' AND game_id = 'c5d6e7f8-a9b0-1234-c567-890123456789';
  INSERT INTO public.trainers (route_id, name, trainer_class, is_boss, boss_type, level_cap, display_order, notes)
  VALUES (v_route_id, 'Skyla', 'Gym Leader', true, 'gym_leader', 39, 1, 'Flying-type specialist. Jet Badge.')
  RETURNING id INTO v_trainer_id;

  INSERT INTO public.trainer_pokemon (trainer_id, pokemon_national_dex_id, level, slot_order, moves, ability, held_item, nature)
  VALUES (v_trainer_id, 528, 37, 1, '["Heart Stamp", "Acrobatics", "Assurance", "Attract"]'::jsonb, 'Unaware', NULL, NULL);
  INSERT INTO public.trainer_pokemon (trainer_id, pokemon_national_dex_id, level, slot_order, moves, ability, held_item, nature)
  VALUES (v_trainer_id, 227, 37, 2, '["Steel Wing", "Air Slash", "Agility", "Fury Attack"]'::jsonb, 'Sturdy', NULL, NULL);
  INSERT INTO public.trainer_pokemon (trainer_id, pokemon_national_dex_id, level, slot_order, moves, ability, held_item, nature)
  VALUES (v_trainer_id, 581, 39, 3, '["Air Slash", "BubbleBeam", "Aerial Ace", "FeatherDance"]'::jsonb, 'Keen Eye', NULL, NULL);
END $$;

-- Drayden (Gym Leader)
DO $$
DECLARE
  v_trainer_id UUID;
  v_route_id UUID;
BEGIN
  SELECT id INTO v_route_id FROM public.routes WHERE slug = 'opelucid-city' AND game_id = 'c5d6e7f8-a9b0-1234-c567-890123456789';
  INSERT INTO public.trainers (route_id, name, trainer_class, is_boss, boss_type, level_cap, display_order, notes)
  VALUES (v_route_id, 'Drayden', 'Gym Leader', true, 'gym_leader', 48, 1, 'Dragon-type specialist. Legend Badge.')
  RETURNING id INTO v_trainer_id;

  INSERT INTO public.trainer_pokemon (trainer_id, pokemon_national_dex_id, level, slot_order, moves, ability, held_item, nature)
  VALUES (v_trainer_id, 621, 46, 1, '["Dragon Tail", "Revenge", "Night Slash", "Crunch"]'::jsonb, 'Rough Skin', NULL, NULL);
  INSERT INTO public.trainer_pokemon (trainer_id, pokemon_national_dex_id, level, slot_order, moves, ability, held_item, nature)
  VALUES (v_trainer_id, 330, 46, 2, '["Earth Power", "Dragon Tail", "Rock Slide", "Crunch"]'::jsonb, 'Levitate', NULL, NULL);
  INSERT INTO public.trainer_pokemon (trainer_id, pokemon_national_dex_id, level, slot_order, moves, ability, held_item, nature)
  VALUES (v_trainer_id, 612, 48, 3, '["Dragon Tail", "Dragon Dance", "Slash", "Assurance"]'::jsonb, 'Mold Breaker', NULL, NULL);
END $$;

-- Marlon (Gym Leader)
DO $$
DECLARE
  v_trainer_id UUID;
  v_route_id UUID;
BEGIN
  SELECT id INTO v_route_id FROM public.routes WHERE slug = 'humilau-city' AND game_id = 'c5d6e7f8-a9b0-1234-c567-890123456789';
  INSERT INTO public.trainers (route_id, name, trainer_class, is_boss, boss_type, level_cap, display_order, notes)
  VALUES (v_route_id, 'Marlon', 'Gym Leader', true, 'gym_leader', 51, 1, 'Water-type specialist. Wave Badge.')
  RETURNING id INTO v_trainer_id;

  INSERT INTO public.trainer_pokemon (trainer_id, pokemon_national_dex_id, level, slot_order, moves, ability, held_item, nature)
  VALUES (v_trainer_id, 565, 49, 1, '["Crunch", "Shell Smash", "Scald", "Smack Down"]'::jsonb, 'Solid Rock', NULL, NULL);
  INSERT INTO public.trainer_pokemon (trainer_id, pokemon_national_dex_id, level, slot_order, moves, ability, held_item, nature)
  VALUES (v_trainer_id, 321, 49, 2, '["Scald", "Bounce", "Amnesia", "Rollout"]'::jsonb, 'Water Veil', NULL, NULL);
  INSERT INTO public.trainer_pokemon (trainer_id, pokemon_national_dex_id, level, slot_order, moves, ability, held_item, nature)
  VALUES (v_trainer_id, 593, 51, 3, '["Scald", "Cursed Body", "Recover", "Ominous Wind"]'::jsonb, 'Cursed Body', NULL, NULL);
END $$;

-- Shauntal (Elite Four)
DO $$
DECLARE
  v_trainer_id UUID;
  v_route_id UUID;
BEGIN
  SELECT id INTO v_route_id FROM public.routes WHERE slug = 'pokemon-league' AND game_id = 'c5d6e7f8-a9b0-1234-c567-890123456789';
  INSERT INTO public.trainers (route_id, name, trainer_class, is_boss, boss_type, level_cap, display_order, notes)
  VALUES (v_route_id, 'Shauntal', 'Elite Four', true, 'elite_four', 58, 1, 'Ghost-type specialist.')
  RETURNING id INTO v_trainer_id;

  INSERT INTO public.trainer_pokemon (trainer_id, pokemon_national_dex_id, level, slot_order, moves, ability, held_item, nature)
  VALUES (v_trainer_id, 563, 56, 1, '["Shadow Ball", "Psychic", "Will-O-Wisp", "Grass Knot"]'::jsonb, 'Mummy', NULL, NULL);
  INSERT INTO public.trainer_pokemon (trainer_id, pokemon_national_dex_id, level, slot_order, moves, ability, held_item, nature)
  VALUES (v_trainer_id, 426, 56, 2, '["Shadow Ball", "Psychic", "Thunderbolt", "Acrobatics"]'::jsonb, 'Aftermath', NULL, NULL);
  INSERT INTO public.trainer_pokemon (trainer_id, pokemon_national_dex_id, level, slot_order, moves, ability, held_item, nature)
  VALUES (v_trainer_id, 623, 56, 3, '["Shadow Punch", "Earthquake", "Brick Break", "Curse"]'::jsonb, 'Iron Fist', NULL, NULL);
  INSERT INTO public.trainer_pokemon (trainer_id, pokemon_national_dex_id, level, slot_order, moves, ability, held_item, nature)
  VALUES (v_trainer_id, 609, 58, 4, '["Shadow Ball", "Fire Blast", "Energy Ball", "Psychic"]'::jsonb, 'Flame Body', 'Sitrus Berry', NULL);
END $$;

-- Marshal (Elite Four)
DO $$
DECLARE
  v_trainer_id UUID;
  v_route_id UUID;
BEGIN
  SELECT id INTO v_route_id FROM public.routes WHERE slug = 'pokemon-league' AND game_id = 'c5d6e7f8-a9b0-1234-c567-890123456789';
  INSERT INTO public.trainers (route_id, name, trainer_class, is_boss, boss_type, level_cap, display_order, notes)
  VALUES (v_route_id, 'Marshal', 'Elite Four', true, 'elite_four', 58, 2, 'Fighting-type specialist.')
  RETURNING id INTO v_trainer_id;

  INSERT INTO public.trainer_pokemon (trainer_id, pokemon_national_dex_id, level, slot_order, moves, ability, held_item, nature)
  VALUES (v_trainer_id, 538, 56, 1, '["Storm Throw", "Stone Edge", "Bulldoze", "Payback"]'::jsonb, 'Guts', NULL, NULL);
  INSERT INTO public.trainer_pokemon (trainer_id, pokemon_national_dex_id, level, slot_order, moves, ability, held_item, nature)
  VALUES (v_trainer_id, 539, 56, 2, '["Close Combat", "Retaliate", "Rock Slide", "Grass Knot"]'::jsonb, 'Sturdy', NULL, NULL);
  INSERT INTO public.trainer_pokemon (trainer_id, pokemon_national_dex_id, level, slot_order, moves, ability, held_item, nature)
  VALUES (v_trainer_id, 620, 56, 3, '["Hi Jump Kick", "U-turn", "Rock Slide", "Retaliate"]'::jsonb, 'Inner Focus', NULL, NULL);
  INSERT INTO public.trainer_pokemon (trainer_id, pokemon_national_dex_id, level, slot_order, moves, ability, held_item, nature)
  VALUES (v_trainer_id, 534, 58, 4, '["Hammer Arm", "Stone Edge", "Bulk Up", "Retaliate"]'::jsonb, 'Guts', 'Sitrus Berry', NULL);
END $$;

-- Grimsley (Elite Four)
DO $$
DECLARE
  v_trainer_id UUID;
  v_route_id UUID;
BEGIN
  SELECT id INTO v_route_id FROM public.routes WHERE slug = 'pokemon-league' AND game_id = 'c5d6e7f8-a9b0-1234-c567-890123456789';
  INSERT INTO public.trainers (route_id, name, trainer_class, is_boss, boss_type, level_cap, display_order, notes)
  VALUES (v_route_id, 'Grimsley', 'Elite Four', true, 'elite_four', 58, 3, 'Dark-type specialist.')
  RETURNING id INTO v_trainer_id;

  INSERT INTO public.trainer_pokemon (trainer_id, pokemon_national_dex_id, level, slot_order, moves, ability, held_item, nature)
  VALUES (v_trainer_id, 510, 56, 1, '["Night Slash", "Fake Out", "Aerial Ace", "Attract"]'::jsonb, 'Limber', NULL, NULL);
  INSERT INTO public.trainer_pokemon (trainer_id, pokemon_national_dex_id, level, slot_order, moves, ability, held_item, nature)
  VALUES (v_trainer_id, 560, 56, 2, '["Crunch", "Brick Break", "Poison Jab", "Sand-Attack"]'::jsonb, 'Moxie', NULL, NULL);
  INSERT INTO public.trainer_pokemon (trainer_id, pokemon_national_dex_id, level, slot_order, moves, ability, held_item, nature)
  VALUES (v_trainer_id, 553, 56, 3, '["Crunch", "Earthquake", "Dragon Claw", "Foul Play"]'::jsonb, 'Intimidate', NULL, NULL);
  INSERT INTO public.trainer_pokemon (trainer_id, pokemon_national_dex_id, level, slot_order, moves, ability, held_item, nature)
  VALUES (v_trainer_id, 625, 58, 4, '["Night Slash", "X-Scissor", "Metal Claw", "Aerial Ace"]'::jsonb, 'Defiant', 'Sitrus Berry', NULL);
END $$;

-- Caitlin (Elite Four)
DO $$
DECLARE
  v_trainer_id UUID;
  v_route_id UUID;
BEGIN
  SELECT id INTO v_route_id FROM public.routes WHERE slug = 'pokemon-league' AND game_id = 'c5d6e7f8-a9b0-1234-c567-890123456789';
  INSERT INTO public.trainers (route_id, name, trainer_class, is_boss, boss_type, level_cap, display_order, notes)
  VALUES (v_route_id, 'Caitlin', 'Elite Four', true, 'elite_four', 58, 4, 'Psychic-type specialist.')
  RETURNING id INTO v_trainer_id;

  INSERT INTO public.trainer_pokemon (trainer_id, pokemon_national_dex_id, level, slot_order, moves, ability, held_item, nature)
  VALUES (v_trainer_id, 518, 56, 1, '["Psychic", "Shadow Ball", "Charge Beam", "Reflect"]'::jsonb, 'Forewarn', NULL, NULL);
  INSERT INTO public.trainer_pokemon (trainer_id, pokemon_national_dex_id, level, slot_order, moves, ability, held_item, nature)
  VALUES (v_trainer_id, 561, 56, 2, '["Psychic", "Air Slash", "Shadow Ball", "Ice Beam"]'::jsonb, 'Magic Guard', NULL, NULL);
  INSERT INTO public.trainer_pokemon (trainer_id, pokemon_national_dex_id, level, slot_order, moves, ability, held_item, nature)
  VALUES (v_trainer_id, 579, 56, 3, '["Psychic", "Focus Blast", "Energy Ball", "Thunder"]'::jsonb, 'Magic Guard', NULL, NULL);
  INSERT INTO public.trainer_pokemon (trainer_id, pokemon_national_dex_id, level, slot_order, moves, ability, held_item, nature)
  VALUES (v_trainer_id, 576, 58, 4, '["Psychic", "Thunderbolt", "Shadow Ball", "Calm Mind"]'::jsonb, 'Shadow Tag', 'Sitrus Berry', NULL);
END $$;

-- Iris (Champion)
DO $$
DECLARE
  v_trainer_id UUID;
  v_route_id UUID;
BEGIN
  SELECT id INTO v_route_id FROM public.routes WHERE slug = 'pokemon-league' AND game_id = 'c5d6e7f8-a9b0-1234-c567-890123456789';
  INSERT INTO public.trainers (route_id, name, trainer_class, is_boss, boss_type, level_cap, display_order, notes)
  VALUES (v_route_id, 'Iris', 'Champion', true, 'champion', 59, 5, 'Dragon-type specialist. Unova Champion.')
  RETURNING id INTO v_trainer_id;

  INSERT INTO public.trainer_pokemon (trainer_id, pokemon_national_dex_id, level, slot_order, moves, ability, held_item, nature)
  VALUES (v_trainer_id, 635, 57, 1, '["Flamethrower", "Charge Beam", "Dragon Pulse", "Surf"]'::jsonb, 'Levitate', NULL, NULL);
  INSERT INTO public.trainer_pokemon (trainer_id, pokemon_national_dex_id, level, slot_order, moves, ability, held_item, nature)
  VALUES (v_trainer_id, 621, 57, 2, '["Rock Slide", "Flamethrower", "Dragon Tail", "Focus Blast"]'::jsonb, 'Sheer Force', 'Life Orb', NULL);
  INSERT INTO public.trainer_pokemon (trainer_id, pokemon_national_dex_id, level, slot_order, moves, ability, held_item, nature)
  VALUES (v_trainer_id, 567, 57, 3, '["Acrobatics", "Rock Slide", "Dragon Claw", "Endeavor"]'::jsonb, 'Defeatist', NULL, NULL);
  INSERT INTO public.trainer_pokemon (trainer_id, pokemon_national_dex_id, level, slot_order, moves, ability, held_item, nature)
  VALUES (v_trainer_id, 306, 57, 4, '["Earthquake", "Double-Edge", "Rock Slide", "Autotomize"]'::jsonb, 'Rock Head', NULL, NULL);
  INSERT INTO public.trainer_pokemon (trainer_id, pokemon_national_dex_id, level, slot_order, moves, ability, held_item, nature)
  VALUES (v_trainer_id, 131, 57, 5, '["Surf", "Ice Beam", "Thunderbolt", "Sing"]'::jsonb, 'Water Absorb', NULL, NULL);
  INSERT INTO public.trainer_pokemon (trainer_id, pokemon_national_dex_id, level, slot_order, moves, ability, held_item, nature)
  VALUES (v_trainer_id, 612, 59, 6, '["Earthquake", "X-Scissor", "Dual Chop", "Dragon Dance"]'::jsonb, 'Mold Breaker', 'Focus Sash', NULL);
END $$;

-- Update total_routes count
UPDATE public.games SET total_routes = 62 WHERE id = 'c5d6e7f8-a9b0-1234-c567-890123456789';
-- ===========================================
-- POKEMON X: COMPLETE GAME DATA
-- Official Pokemon Game
-- Gen 6, Kalos region
-- ===========================================
-- Game ID: d6e7f8a9-b0c1-2345-d678-901234567890
-- ===========================================

-- STEP 1: Insert the game
INSERT INTO public.games (id, slug, name, generation, region, base_game_slug, is_romhack, sprite_url, total_routes, description)
VALUES (
  'd6e7f8a9-b0c1-2345-d678-901234567890',
  'pokemon-x',
  'Pokemon X',
  6,
  'Kalos',
  NULL,
  false,
  'https://raw.githubusercontent.com/PokeAPI/sprites/master/sprites/pokemon/716.png',
  53,
  'Pokemon X for Nintendo 3DS. Set in the Kalos region. Introduces Fairy type and Mega Evolution.'
);

-- ===========================================
-- STEP 2: ALL ROUTES (53 total)
-- ===========================================

INSERT INTO public.routes (game_id, name, slug, display_order, route_type, has_encounters, has_trainers, has_items, notes) VALUES
('d6e7f8a9-b0c1-2345-d678-901234567890', 'Vaniville Town', 'vaniville-town', 1, 'city', true, false, false, 'Starter town. Choose Chespin, Fennekin, or Froakie.'),
('d6e7f8a9-b0c1-2345-d678-901234567890', 'Route 1 (Vaniville Pathway)', 'route-1', 2, 'route', false, false, false, 'Very short path to Aquacorde Town.'),
('d6e7f8a9-b0c1-2345-d678-901234567890', 'Aquacorde Town', 'aquacorde-town', 3, 'city', false, false, false, 'Meet friends and receive starter.'),
('d6e7f8a9-b0c1-2345-d678-901234567890', 'Route 2 (Avance Trail)', 'route-2', 4, 'route', true, true, false, NULL),
('d6e7f8a9-b0c1-2345-d678-901234567890', 'Santalune Forest', 'santalune-forest', 5, 'cave', true, true, true, NULL),
('d6e7f8a9-b0c1-2345-d678-901234567890', 'Route 3 (Ouvert Way)', 'route-3', 6, 'route', true, true, false, NULL),
('d6e7f8a9-b0c1-2345-d678-901234567890', 'Santalune City', 'santalune-city', 7, 'city', false, true, true, 'Gym Leader Viola. Bug-type specialist.'),
('d6e7f8a9-b0c1-2345-d678-901234567890', 'Route 4 (Parterre Way)', 'route-4', 8, 'route', true, true, false, 'Flower garden route.'),
('d6e7f8a9-b0c1-2345-d678-901234567890', 'Lumiose City (South)', 'lumiose-city-south', 9, 'city', false, false, true, 'Partial access. Full access after Clemont.'),
('d6e7f8a9-b0c1-2345-d678-901234567890', 'Route 5 (Versant Road)', 'route-5', 10, 'route', true, true, false, NULL),
('d6e7f8a9-b0c1-2345-d678-901234567890', 'Camphrier Town', 'camphrier-town', 11, 'city', false, false, true, NULL),
('d6e7f8a9-b0c1-2345-d678-901234567890', 'Route 6 (Palais Lane)', 'route-6', 12, 'route', true, true, false, NULL),
('d6e7f8a9-b0c1-2345-d678-901234567890', 'Parfum Palace', 'parfum-palace', 13, 'building', false, false, true, 'Furfrou event.'),
('d6e7f8a9-b0c1-2345-d678-901234567890', 'Route 7 (Rivire Walk)', 'route-7', 14, 'route', true, true, false, 'Berry fields.'),
('d6e7f8a9-b0c1-2345-d678-901234567890', 'Connecting Cave', 'connecting-cave', 15, 'cave', true, true, true, NULL),
('d6e7f8a9-b0c1-2345-d678-901234567890', 'Route 8 (Muraille Coast)', 'route-8', 16, 'route', true, true, false, 'Coastal route.'),
('d6e7f8a9-b0c1-2345-d678-901234567890', 'Ambrette Town', 'ambrette-town', 17, 'city', false, false, true, 'Fossil Lab.'),
('d6e7f8a9-b0c1-2345-d678-901234567890', 'Route 9 (Spikes Passage)', 'route-9', 18, 'route', true, true, false, 'Rhyhorn ride section.'),
('d6e7f8a9-b0c1-2345-d678-901234567890', 'Glittering Cave', 'glittering-cave', 19, 'cave', true, true, true, 'Team Flare encounter. Fossil restoration.'),
('d6e7f8a9-b0c1-2345-d678-901234567890', 'Cyllage City', 'cyllage-city', 20, 'city', false, true, true, 'Gym Leader Grant. Rock-type specialist.'),
('d6e7f8a9-b0c1-2345-d678-901234567890', 'Route 10 (Menhir Trail)', 'route-10', 21, 'route', true, true, false, 'Standing stones area.'),
('d6e7f8a9-b0c1-2345-d678-901234567890', 'Geosenge Town', 'geosenge-town', 22, 'city', false, false, true, 'Team Flare base nearby.'),
('d6e7f8a9-b0c1-2345-d678-901234567890', 'Route 11 (Miroir Way)', 'route-11', 23, 'route', true, true, false, NULL),
('d6e7f8a9-b0c1-2345-d678-901234567890', 'Reflection Cave', 'reflection-cave', 24, 'cave', true, true, true, NULL),
('d6e7f8a9-b0c1-2345-d678-901234567890', 'Shalour City', 'shalour-city', 25, 'city', false, true, true, 'Gym Leader Korrina. Fighting-type specialist.'),
('d6e7f8a9-b0c1-2345-d678-901234567890', 'Tower of Mastery', 'tower-of-mastery', 26, 'building', false, true, false, 'Mega Evolution tutorial. Lucario gift.'),
('d6e7f8a9-b0c1-2345-d678-901234567890', 'Route 12 (Fourrage Road)', 'route-12', 27, 'route', true, true, false, 'Lapras gift.'),
('d6e7f8a9-b0c1-2345-d678-901234567890', 'Coumarine City', 'coumarine-city', 28, 'city', false, true, true, 'Gym Leader Ramos. Grass-type specialist.'),
('d6e7f8a9-b0c1-2345-d678-901234567890', 'Route 13 (Lumiose Badlands)', 'route-13', 29, 'route', true, true, false, 'Desert area. Power Plant nearby.'),
('d6e7f8a9-b0c1-2345-d678-901234567890', 'Lumiose City', 'lumiose-city', 30, 'city', false, true, true, 'Gym Leader Clemont. Electric-type specialist. Full city access.'),
('d6e7f8a9-b0c1-2345-d678-901234567890', 'Route 14 (Laverre Nature Trail)', 'route-14', 31, 'route', true, true, false, 'Swampy forest.'),
('d6e7f8a9-b0c1-2345-d678-901234567890', 'Laverre City', 'laverre-city', 32, 'city', false, true, true, 'Gym Leader Valerie. Fairy-type specialist.'),
('d6e7f8a9-b0c1-2345-d678-901234567890', 'Poke Ball Factory', 'poke-ball-factory', 33, 'building', false, true, true, 'Team Flare encounter.'),
('d6e7f8a9-b0c1-2345-d678-901234567890', 'Route 15 (Brun Way)', 'route-15', 34, 'route', true, true, false, NULL),
('d6e7f8a9-b0c1-2345-d678-901234567890', 'Lost Hotel', 'lost-hotel', 35, 'building', true, true, true, NULL),
('d6e7f8a9-b0c1-2345-d678-901234567890', 'Route 16 (Melancolie Path)', 'route-16', 36, 'route', true, true, false, NULL),
('d6e7f8a9-b0c1-2345-d678-901234567890', 'Dendemille Town', 'dendemille-town', 37, 'city', false, false, true, NULL),
('d6e7f8a9-b0c1-2345-d678-901234567890', 'Frost Cavern', 'frost-cavern', 38, 'cave', true, true, true, 'Team Flare encounter. Abomasnow battle.'),
('d6e7f8a9-b0c1-2345-d678-901234567890', 'Route 17 (Mamoswine Road)', 'route-17', 39, 'route', true, true, false, 'Mamoswine ride through deep snow.'),
('d6e7f8a9-b0c1-2345-d678-901234567890', 'Anistar City', 'anistar-city', 40, 'city', false, true, true, 'Gym Leader Olympia. Psychic-type specialist.'),
('d6e7f8a9-b0c1-2345-d678-901234567890', 'Route 18 (Valle troite Way)', 'route-18', 41, 'route', true, true, false, NULL),
('d6e7f8a9-b0c1-2345-d678-901234567890', 'Terminus Cave', 'terminus-cave', 42, 'cave', true, true, true, 'Zygarde encounter (post-game).'),
('d6e7f8a9-b0c1-2345-d678-901234567890', 'Couriway Town', 'couriway-town', 43, 'city', false, false, true, NULL),
('d6e7f8a9-b0c1-2345-d678-901234567890', 'Route 19 (Grande Valle Way)', 'route-19', 44, 'route', true, true, false, NULL),
('d6e7f8a9-b0c1-2345-d678-901234567890', 'Snowbelle City', 'snowbelle-city', 45, 'city', false, true, true, 'Gym Leader Wulfric. Ice-type specialist.'),
('d6e7f8a9-b0c1-2345-d678-901234567890', 'Route 20 (Winding Woods)', 'route-20', 46, 'route', true, true, false, NULL),
('d6e7f8a9-b0c1-2345-d678-901234567890', 'Pokemon Village', 'pokemon-village', 47, 'special', true, false, true, 'Hidden area with rare Pokemon.'),
('d6e7f8a9-b0c1-2345-d678-901234567890', 'Route 21 (Dernire Way)', 'route-21', 48, 'route', true, true, false, NULL),
('d6e7f8a9-b0c1-2345-d678-901234567890', 'Victory Road', 'victory-road', 49, 'cave', true, true, true, NULL),
('d6e7f8a9-b0c1-2345-d678-901234567890', 'Pokemon League', 'pokemon-league', 50, 'building', false, true, false, 'Elite Four and Champion Diantha.'),
('d6e7f8a9-b0c1-2345-d678-901234567890', 'Kiloude City', 'kiloude-city', 51, 'city', false, true, true, 'Battle Maison. Friend Safari.'),
('d6e7f8a9-b0c1-2345-d678-901234567890', 'Route 22 (Dtourner Way)', 'route-22', 52, 'route', true, true, false, NULL),
('d6e7f8a9-b0c1-2345-d678-901234567890', 'Chamber of Emptiness', 'chamber-of-emptiness', 53, 'cave', false, false, true, 'Banettite found here.');

-- ===========================================
-- STEP 3: STARTER POKEMON
-- ===========================================

INSERT INTO public.encounters (route_id, pokemon_national_dex_id, method, encounter_rate, level_min, level_max)
SELECT r.id, 650, 'gift', NULL, 5, 5
FROM public.routes r WHERE r.slug = 'vaniville-town' AND r.game_id = 'd6e7f8a9-b0c1-2345-d678-901234567890';

INSERT INTO public.encounters (route_id, pokemon_national_dex_id, method, encounter_rate, level_min, level_max)
SELECT r.id, 653, 'gift', NULL, 5, 5
FROM public.routes r WHERE r.slug = 'vaniville-town' AND r.game_id = 'd6e7f8a9-b0c1-2345-d678-901234567890';

INSERT INTO public.encounters (route_id, pokemon_national_dex_id, method, encounter_rate, level_min, level_max)
SELECT r.id, 656, 'gift', NULL, 5, 5
FROM public.routes r WHERE r.slug = 'vaniville-town' AND r.game_id = 'd6e7f8a9-b0c1-2345-d678-901234567890';

-- ===========================================
-- STEP 4: ENCOUNTER DATA (313 total)
-- ===========================================

CREATE TEMP TABLE _enc (slug TEXT, dex INT, method TEXT, rate DECIMAL(5,2), lmin INT, lmax INT, cond TEXT, ver_excl TEXT);
INSERT INTO _enc VALUES
('route-2', 13, 'walking', 11.00, 3, 4, NULL, NULL),
('route-2', 16, 'walking', 14.00, 3, 4, NULL, NULL),
('route-2', 263, 'walking', 15.00, 3, 4, NULL, NULL),
('route-2', 659, 'walking', 20.00, 2, 3, NULL, NULL),
('route-2', 661, 'walking', 20.00, 2, 3, NULL, NULL),
('route-2', 664, 'walking', 20.00, 2, 3, NULL, NULL),
('santalune-forest', 10, 'walking', 10.00, 2, 2, NULL, NULL),
('santalune-forest', 13, 'walking', 20.00, 2, 3, NULL, NULL),
('santalune-forest', 14, 'walking', 4.00, 4, 4, NULL, NULL),
('santalune-forest', 25, 'walking', 6.00, 3, 4, NULL, NULL),
('santalune-forest', 511, 'walking', 10.00, 4, 4, NULL, NULL),
('santalune-forest', 513, 'walking', 10.00, 4, 4, NULL, NULL),
('santalune-forest', 515, 'walking', 10.00, 4, 4, NULL, NULL),
('santalune-forest', 661, 'walking', 10.00, 4, 4, NULL, NULL),
('santalune-forest', 664, 'walking', 20.00, 2, 3, NULL, NULL),
('route-3', 16, 'walking', 10.00, 4, 4, NULL, NULL),
('route-3', 25, 'walking', 5.00, 4, 5, NULL, NULL),
('route-3', 118, 'fishing_good', 65.00, 25, 25, NULL, NULL),
('route-3', 119, 'fishing_super', 35.00, 35, 35, NULL, NULL),
('route-3', 129, 'fishing_old', 100.00, 15, 15, NULL, NULL),
('route-3', 130, 'fishing_super', 60.00, 35, 35, NULL, NULL),
('route-3', 183, 'surfing', 34.00, 25, 27, NULL, NULL),
('route-3', 206, 'walking', 5.00, 5, 5, NULL, NULL),
('route-3', 284, 'surfing', 66.00, 25, 27, NULL, NULL),
('route-3', 298, 'walking', 10.00, 5, 5, NULL, NULL),
('route-3', 341, 'fishing_good', 35.00, 25, 25, NULL, NULL),
('route-3', 342, 'fishing_super', 5.00, 35, 35, NULL, NULL),
('route-3', 399, 'walking', 20.00, 3, 4, NULL, NULL),
('route-3', 412, 'walking', 10.00, 5, 5, NULL, NULL),
('route-3', 659, 'walking', 20.00, 3, 4, NULL, NULL),
('route-3', 661, 'walking', 20.00, 3, 5, NULL, NULL),
('route-4', 165, 'walking', 40.00, 6, 8, NULL, NULL),
('route-4', 280, 'walking', 10.00, 8, 8, NULL, NULL),
('route-4', 300, 'walking', 20.00, 8, 8, NULL, NULL),
('route-4', 406, 'walking', 20.00, 8, 8, NULL, NULL),
('route-4', 415, 'walking', 40.00, 6, 8, NULL, NULL),
('route-4', 669, 'walking', 70.00, 6, 8, NULL, NULL),
('route-5', 63, 'walking', 10.00, 10, 10, NULL, NULL),
('route-5', 84, 'walking', 20.00, 10, 10, NULL, NULL),
('route-5', 311, 'walking', 10.00, 9, 10, NULL, NULL),
('route-5', 316, 'walking', 20.00, 10, 10, NULL, NULL),
('route-5', 659, 'walking', 40.00, 8, 10, NULL, NULL),
('route-5', 672, 'walking', 40.00, 8, 10, NULL, NULL),
('route-5', 674, 'walking', 30.00, 8, 10, NULL, NULL),
('route-5', 676, 'walking', 30.00, 8, 10, NULL, NULL),
('route-6', 43, 'walking', 30.00, 10, 12, NULL, NULL),
('route-6', 161, 'walking', 20.00, 10, 11, NULL, NULL),
('route-6', 290, 'walking', 10.00, 12, 12, NULL, NULL),
('route-6', 352, 'walking', 5.00, 11, 12, NULL, NULL),
('route-6', 677, 'walking', 20.00, 11, 12, NULL, NULL),
('route-6', 679, 'walking', 15.00, 11, 12, NULL, NULL),
('route-7', 143, 'static', 100.00, 15, 15, NULL, NULL),
('route-7', 235, 'walking', 30.00, 14, 14, NULL, NULL),
('route-7', 313, 'walking', 30.00, 13, 13, NULL, NULL),
('route-7', 314, 'walking', 30.00, 13, 13, NULL, NULL),
('route-7', 315, 'walking', 30.00, 14, 14, NULL, NULL),
('route-7', 453, 'walking', 45.00, 12, 14, NULL, NULL),
('route-7', 580, 'walking', 30.00, 14, 14, NULL, NULL),
('route-7', 669, 'walking', 75.00, 12, 14, NULL, NULL),
('route-7', 684, 'walking', 30.00, 14, 14, NULL, NULL),
('connecting-cave', 41, 'walking', 30.00, 13, 15, NULL, NULL),
('connecting-cave', 293, 'walking', 30.00, 13, 15, NULL, NULL),
('connecting-cave', 307, 'walking', 30.00, 13, 15, NULL, NULL),
('connecting-cave', 610, 'walking', 10.00, 13, 15, NULL, NULL),
('route-8', 72, 'surfing', 69.00, 25, 27, NULL, NULL),
('route-8', 120, 'fishing_good', 35.00, 25, 25, NULL, NULL),
('route-8', 121, 'fishing_super', 5.00, 35, 35, NULL, NULL),
('route-8', 211, 'fishing_super', 60.00, 35, 35, NULL, NULL),
('route-8', 320, 'surfing', 31.00, 25, 27, NULL, NULL),
('route-8', 325, 'walking', 30.00, 13, 15, NULL, NULL),
('route-8', 335, 'walking', 20.00, 14, 14, NULL, NULL),
('route-8', 359, 'walking', 30.00, 13, 15, NULL, NULL),
('route-8', 370, 'fishing_old', 100.00, 15, 15, NULL, NULL),
('route-8', 371, 'walking', 10.00, 14, 15, NULL, NULL),
('route-8', 425, 'walking', 40.00, 13, 15, NULL, NULL),
('route-8', 557, 'rock_smash', 66.00, 18, 20, NULL, NULL),
('route-8', 619, 'walking', 40.00, 13, 15, NULL, NULL),
('route-8', 686, 'walking', 30.00, 14, 15, NULL, NULL),
('route-8', 688, 'rock_smash', 34.00, 18, 20, NULL, NULL),
('route-8', 692, 'fishing_good', 65.00, 25, 25, NULL, NULL),
('route-8', 693, 'fishing_super', 35.00, 35, 35, NULL, NULL),
('route-9', 449, 'walking', 40.00, 15, 17, NULL, NULL),
('route-9', 551, 'walking', 40.00, 15, 17, NULL, NULL),
('route-9', 694, 'walking', 20.00, 15, 17, NULL, NULL),
('glittering-cave', 66, 'walking', 30.00, 15, 17, NULL, NULL),
('glittering-cave', 95, 'walking', 10.00, 17, 17, NULL, NULL),
('glittering-cave', 104, 'walking', 20.00, 15, 16, NULL, NULL),
('glittering-cave', 111, 'walking', 10.00, 17, 17, NULL, NULL),
('glittering-cave', 115, 'walking', 5.00, 17, 17, NULL, NULL),
('glittering-cave', 303, 'walking', 5.00, 15, 16, NULL, NULL),
('glittering-cave', 337, 'walking', 10.00, 17, 17, NULL, NULL),
('glittering-cave', 338, 'walking', 10.00, 17, 17, NULL, NULL),
('glittering-cave', 696, 'gift', 100.00, 20, 20, NULL, NULL),
('glittering-cave', 698, 'gift', 100.00, 20, 20, NULL, NULL),
('glittering-cave', 95, 'rock_smash', 35.00, 15, 17, NULL, NULL),
('glittering-cave', 557, 'rock_smash', 65.00, 15, 17, NULL, NULL),
('route-10', 133, 'walking', 25.00, 19, 21, NULL, NULL),
('route-10', 209, 'walking', 40.00, 19, 21, NULL, NULL),
('route-10', 228, 'walking', 30.00, 19, 21, NULL, NULL),
('route-10', 561, 'walking', 30.00, 19, 21, NULL, NULL),
('route-10', 587, 'walking', 10.00, 19, 20, NULL, NULL),
('route-10', 622, 'walking', 40.00, 19, 21, NULL, NULL),
('route-10', 701, 'walking', 25.00, 19, 21, NULL, NULL),
('route-11', 30, 'walking', 5.00, 21, 21, NULL, NULL),
('route-11', 33, 'walking', 10.00, 21, 21, NULL, NULL),
('route-11', 297, 'walking', 20.00, 22, 23, NULL, NULL),
('route-11', 397, 'walking', 20.00, 22, 23, NULL, NULL),
('route-11', 433, 'walking', 10.00, 21, 21, NULL, NULL),
('route-11', 434, 'walking', 10.00, 21, 21, NULL, NULL),
('route-11', 539, 'walking', 20.00, 22, 23, NULL, NULL),
('route-11', 702, 'walking', 5.00, 21, 22, NULL, NULL),
('reflection-cave', 122, 'walking', 80.00, 22, 23, NULL, NULL),
('reflection-cave', 202, 'walking', 40.00, 22, 22, NULL, NULL),
('reflection-cave', 302, 'walking', 20.00, 22, 23, NULL, NULL),
('reflection-cave', 433, 'walking', 60.00, 21, 22, NULL, NULL),
('reflection-cave', 524, 'walking', 80.00, 21, 22, NULL, NULL),
('reflection-cave', 577, 'walking', 80.00, 22, 23, NULL, NULL),
('reflection-cave', 703, 'walking', 40.00, 23, 23, NULL, NULL),
('route-12', 72, 'surfing', 84.00, 25, 27, NULL, NULL),
('route-12', 79, 'walking', 40.00, 23, 27, NULL, NULL),
('route-12', 102, 'walking', 20.00, 24, 26, NULL, NULL),
('route-12', 127, 'walking', 10.00, 25, 27, NULL, NULL),
('route-12', 128, 'walking', 40.00, 25, 27, NULL, NULL),
('route-12', 131, 'surfing', 1.00, 27, 27, NULL, NULL),
('route-12', 131, 'gift', 100.00, 30, 30, NULL, NULL),
('route-12', 222, 'fishing_super', 60.00, 35, 35, NULL, NULL),
('route-12', 223, 'fishing_good', 65.00, 25, 25, NULL, NULL),
('route-12', 224, 'fishing_super', 35.00, 35, 35, NULL, NULL),
('route-12', 241, 'walking', 40.00, 25, 27, NULL, NULL),
('route-12', 366, 'fishing_good', 35.00, 25, 25, NULL, NULL),
('route-12', 367, 'fishing_super', 5.00, 35, 35, NULL, NULL),
('route-12', 370, 'fishing_old', 100.00, 15, 15, NULL, NULL),
('route-12', 417, 'walking', 10.00, 23, 26, NULL, NULL),
('route-12', 441, 'walking', 40.00, 23, 27, NULL, NULL),
('route-12', 458, 'surfing', 15.00, 27, 27, NULL, NULL),
('route-12', 557, 'rock_smash', 66.00, 23, 25, NULL, NULL),
('route-12', 688, 'rock_smash', 34.00, 23, 25, NULL, NULL),
('route-13', 51, 'walking', 40.00, 26, 28, NULL, NULL),
('route-13', 75, 'rock_smash', 66.00, 26, 28, NULL, NULL),
('route-13', 218, 'rock_smash', 34.00, 26, 28, NULL, NULL),
('route-13', 328, 'walking', 40.00, 26, 28, NULL, NULL),
('route-13', 443, 'walking', 20.00, 26, 28, NULL, NULL),
('route-14', 60, 'fishing_old', 100.00, 15, 15, NULL, NULL),
('route-14', 61, 'fishing_good', 35.00, 35, 35, NULL, NULL),
('route-14', 61, 'fishing_super', 65.00, 35, 35, NULL, NULL),
('route-14', 70, 'walking', 20.00, 31, 32, NULL, NULL),
('route-14', 93, 'walking', 10.00, 31, 31, NULL, NULL),
('route-14', 195, 'walking', 40.00, 30, 32, NULL, NULL),
('route-14', 195, 'surfing', 50.00, 30, 30, NULL, NULL),
('route-14', 339, 'fishing_good', 65.00, 25, 35, NULL, NULL),
('route-14', 340, 'fishing_super', 35.00, 35, 35, NULL, NULL),
('route-14', 451, 'walking', 20.00, 30, 31, NULL, NULL),
('route-14', 455, 'walking', 20.00, 30, 32, NULL, NULL),
('route-14', 588, 'walking', 20.00, 30, 30, NULL, NULL),
('route-14', 616, 'walking', 20.00, 30, 30, NULL, NULL),
('route-14', 618, 'walking', 20.00, 31, 32, NULL, NULL),
('route-14', 618, 'surfing', 35.00, 30, 32, NULL, NULL),
('route-14', 704, 'walking', 30.00, 30, 32, NULL, NULL),
('route-14', 704, 'surfing', 15.00, 31, 31, NULL, NULL),
('route-15', 60, 'fishing_old', 100.00, 15, 15, NULL, NULL),
('route-15', 61, 'fishing_good', 35.00, 25, 25, NULL, NULL),
('route-15', 61, 'fishing_super', 65.00, 35, 35, NULL, NULL),
('route-15', 262, 'walking', 40.00, 34, 36, NULL, NULL),
('route-15', 271, 'surfing', 66.00, 34, 36, NULL, NULL),
('route-15', 419, 'surfing', 34.00, 34, 36, NULL, NULL),
('route-15', 451, 'walking', 30.00, 34, 36, NULL, NULL),
('route-15', 505, 'walking', 40.00, 34, 36, NULL, NULL),
('route-15', 550, 'fishing_super', 35.00, 35, 35, NULL, NULL),
('route-15', 590, 'walking', 40.00, 34, 35, NULL, NULL),
('route-15', 624, 'walking', 30.00, 34, 36, NULL, NULL),
('route-15', 707, 'walking', 20.00, 34, 36, NULL, NULL),
('route-15', 10016, 'fishing_good', 65.00, 25, 25, NULL, NULL),
('lost-hotel', 82, 'walking', 20.00, 37, 38, NULL, NULL),
('lost-hotel', 101, 'walking', 20.00, 37, 38, NULL, NULL),
('lost-hotel', 607, 'walking', 20.00, 37, 38, NULL, NULL),
('lost-hotel', 624, 'walking', 20.00, 36, 37, NULL, NULL),
('lost-hotel', 707, 'walking', 20.00, 36, 38, NULL, NULL),
('route-16', 60, 'fishing_old', 100.00, 15, 15, NULL, NULL),
('route-16', 61, 'fishing_good', 35.00, 25, 25, NULL, NULL),
('route-16', 61, 'fishing_super', 65.00, 35, 35, NULL, NULL),
('route-16', 70, 'walking', 20.00, 35, 36, NULL, NULL),
('route-16', 271, 'surfing', 66.00, 34, 36, NULL, NULL),
('route-16', 419, 'walking', 20.00, 35, 36, NULL, NULL),
('route-16', 419, 'surfing', 34.00, 34, 36, NULL, NULL),
('route-16', 451, 'walking', 20.00, 34, 35, NULL, NULL),
('route-16', 550, 'fishing_super', 35.00, 35, 35, NULL, NULL),
('route-16', 590, 'walking', 40.00, 34, 36, NULL, NULL),
('route-16', 707, 'walking', 19.00, 34, 36, NULL, NULL),
('route-16', 708, 'walking', 20.00, 35, 35, NULL, NULL),
('route-16', 710, 'walking', 30.00, 34, 35, NULL, NULL),
('route-16', 10016, 'fishing_good', 65.00, 25, 25, NULL, NULL),
('route-16', 10027, 'walking', 20.00, 35, 36, NULL, NULL),
('route-16', 10028, 'walking', 10.00, 36, 36, NULL, NULL),
('route-16', 10029, 'walking', 1.00, 36, 36, NULL, NULL),
('frost-cavern', 60, 'fishing_old', 200.00, 20, 20, NULL, NULL),
('frost-cavern', 61, 'surfing', 132.00, 38, 40, NULL, NULL),
('frost-cavern', 61, 'fishing_good', 70.00, 30, 30, NULL, NULL),
('frost-cavern', 61, 'fishing_super', 130.00, 40, 40, NULL, NULL),
('frost-cavern', 419, 'surfing', 68.00, 38, 40, NULL, NULL),
('frost-cavern', 550, 'fishing_super', 70.00, 40, 40, NULL, NULL),
('frost-cavern', 10016, 'fishing_good', 130.00, 30, 30, NULL, NULL),
('frost-cavern', 93, 'walking', 64.00, 38, 40, NULL, NULL),
('frost-cavern', 124, 'walking', 80.00, 39, 40, NULL, NULL),
('frost-cavern', 221, 'walking', 80.00, 38, 39, NULL, NULL),
('frost-cavern', 614, 'walking', 80.00, 39, 40, NULL, NULL),
('frost-cavern', 615, 'walking', 16.00, 40, 40, NULL, NULL),
('frost-cavern', 712, 'walking', 80.00, 39, 40, NULL, NULL),
('route-17', 215, 'walking', 29.00, 38, 40, NULL, NULL),
('route-17', 225, 'walking', 40.00, 38, 40, NULL, NULL),
('route-17', 459, 'walking', 30.00, 38, 39, NULL, NULL),
('route-17', 460, 'walking', 1.00, 40, 40, NULL, NULL),
('route-18', 28, 'walking', 30.00, 44, 46, NULL, NULL),
('route-18', 75, 'walking', 30.00, 45, 46, NULL, NULL),
('route-18', 75, 'rock_smash', 95.00, 44, 46, NULL, NULL),
('route-18', 213, 'rock_smash', 5.00, 44, 46, NULL, NULL),
('route-18', 305, 'walking', 40.00, 44, 46, NULL, NULL),
('route-18', 324, 'walking', 30.00, 44, 46, NULL, NULL),
('route-18', 533, 'walking', 40.00, 44, 46, NULL, NULL),
('route-18', 631, 'walking', 10.00, 45, 46, NULL, NULL),
('route-18', 632, 'walking', 20.00, 44, 44, NULL, NULL),
('terminus-cave', 28, 'walking', 80.00, 45, 46, NULL, NULL),
('terminus-cave', 75, 'walking', 80.00, 44, 46, NULL, NULL),
('terminus-cave', 75, 'rock_smash', 285.00, 44, 46, NULL, NULL),
('terminus-cave', 213, 'rock_smash', 15.00, 44, 46, NULL, NULL),
('terminus-cave', 305, 'walking', 80.00, 45, 46, NULL, NULL),
('terminus-cave', 632, 'walking', 160.00, 44, 46, NULL, NULL),
('route-19', 60, 'fishing_old', 100.00, 25, 25, NULL, NULL),
('route-19', 61, 'fishing_good', 35.00, 35, 35, NULL, NULL),
('route-19', 61, 'fishing_super', 60.00, 45, 45, NULL, NULL),
('route-19', 70, 'walking', 30.00, 46, 48, NULL, NULL),
('route-19', 93, 'walking', 15.00, 47, 47, NULL, NULL),
('route-19', 186, 'fishing_super', 5.00, 50, 50, NULL, NULL),
('route-19', 195, 'walking', 70.00, 46, 48, NULL, NULL),
('route-19', 195, 'surfing', 50.00, 46, 46, NULL, NULL),
('route-19', 339, 'fishing_good', 65.00, 35, 35, NULL, NULL),
('route-19', 340, 'fishing_super', 35.00, 45, 45, NULL, NULL),
('route-19', 452, 'walking', 40.00, 46, 48, NULL, NULL),
('route-19', 455, 'walking', 15.00, 46, 48, NULL, NULL),
('route-19', 588, 'walking', 30.00, 47, 47, NULL, NULL),
('route-19', 616, 'walking', 30.00, 47, 47, NULL, NULL),
('route-19', 618, 'walking', 20.00, 47, 48, NULL, NULL),
('route-19', 618, 'surfing', 34.00, 46, 48, NULL, NULL),
('route-19', 705, 'walking', 50.00, 46, 48, NULL, NULL),
('route-19', 705, 'surfing', 16.00, 47, 48, NULL, NULL),
('route-20', 39, 'walking', 30.00, 48, 50, NULL, NULL),
('route-20', 164, 'walking', 40.00, 48, 50, NULL, NULL),
('route-20', 571, 'walking', 10.00, 48, 50, NULL, NULL),
('route-20', 575, 'walking', 40.00, 48, 50, NULL, NULL),
('route-20', 591, 'walking', 50.00, 48, 50, NULL, NULL),
('route-20', 709, 'walking', 30.00, 48, 50, NULL, NULL),
('pokemon-village', 39, 'walking', 30.00, 48, 50, NULL, NULL),
('pokemon-village', 60, 'fishing_old', 100.00, 30, 30, NULL, NULL),
('pokemon-village', 61, 'surfing', 34.00, 48, 50, NULL, NULL),
('pokemon-village', 61, 'fishing_good', 35.00, 40, 40, NULL, NULL),
('pokemon-village', 61, 'fishing_super', 65.00, 50, 50, NULL, NULL),
('pokemon-village', 132, 'walking', 30.00, 48, 50, NULL, NULL),
('pokemon-village', 164, 'walking', 40.00, 48, 50, NULL, NULL),
('pokemon-village', 271, 'surfing', 66.00, 48, 50, NULL, NULL),
('pokemon-village', 550, 'fishing_super', 35.00, 50, 50, NULL, NULL),
('pokemon-village', 571, 'walking', 20.00, 48, 50, NULL, NULL),
('pokemon-village', 575, 'walking', 40.00, 48, 50, NULL, NULL),
('pokemon-village', 591, 'walking', 40.00, 49, 50, NULL, NULL),
('pokemon-village', 10016, 'fishing_good', 65.00, 40, 40, NULL, NULL),
('route-21', 60, 'fishing_old', 100.00, 30, 30, NULL, NULL),
('route-21', 61, 'fishing_good', 35.00, 40, 40, NULL, NULL),
('route-21', 61, 'fishing_super', 60.00, 50, 50, NULL, NULL),
('route-21', 123, 'walking', 20.00, 50, 52, NULL, NULL),
('route-21', 147, 'fishing_good', 5.00, 40, 40, NULL, NULL),
('route-21', 148, 'fishing_super', 5.00, 50, 50, NULL, NULL),
('route-21', 217, 'walking', 50.00, 50, 52, NULL, NULL),
('route-21', 271, 'surfing', 66.00, 50, 52, NULL, NULL),
('route-21', 327, 'walking', 40.00, 50, 52, NULL, NULL),
('route-21', 334, 'walking', 40.00, 50, 51, NULL, NULL),
('route-21', 419, 'walking', 50.00, 50, 52, NULL, NULL),
('route-21', 419, 'surfing', 34.00, 50, 52, NULL, NULL),
('route-21', 550, 'fishing_good', 60.00, 40, 40, NULL, NULL),
('route-21', 550, 'fishing_super', 35.00, 50, 50, NULL, NULL),
('victory-road', 60, 'fishing_old', 300.00, 35, 35, NULL, NULL),
('victory-road', 61, 'surfing', 132.00, 57, 59, NULL, NULL),
('victory-road', 61, 'fishing_good', 105.00, 45, 45, NULL, NULL),
('victory-road', 61, 'fishing_super', 190.00, 55, 55, NULL, NULL),
('victory-road', 75, 'walking', 80.00, 57, 58, NULL, NULL),
('victory-road', 75, 'rock_smash', 190.00, 57, 59, NULL, NULL),
('victory-road', 93, 'walking', 40.00, 58, 58, NULL, NULL),
('victory-road', 108, 'walking', 60.00, 58, 59, NULL, NULL),
('victory-road', 213, 'rock_smash', 10.00, 57, 59, NULL, NULL),
('victory-road', 419, 'surfing', 102.00, 57, 59, NULL, NULL),
('victory-road', 533, 'walking', 120.00, 57, 59, NULL, NULL),
('victory-road', 550, 'fishing_super', 105.00, 55, 55, NULL, NULL),
('victory-road', 621, 'walking', 80.00, 58, 59, NULL, NULL),
('victory-road', 634, 'walking', 20.00, 59, 59, NULL, NULL),
('victory-road', 10016, 'fishing_good', 195.00, 45, 45, NULL, NULL),
('victory-road', 271, 'surfing', 66.00, 57, 59, NULL, NULL),
('victory-road', 62, 'fishing_super', 5.00, 60, 60, NULL, NULL),
('route-22', 54, 'walking', 30.00, 6, 26, NULL, NULL),
('route-22', 54, 'surfing', 95.00, 25, 27, NULL, NULL),
('route-22', 83, 'walking', 20.00, 7, 26, NULL, NULL),
('route-22', 118, 'fishing_good', 65.00, 25, 25, NULL, NULL),
('route-22', 119, 'fishing_super', 35.00, 35, 35, NULL, NULL),
('route-22', 129, 'fishing_old', 100.00, 15, 15, NULL, NULL),
('route-22', 130, 'fishing_super', 60.00, 35, 35, NULL, NULL),
('route-22', 184, 'walking', 20.00, 25, 26, NULL, NULL),
('route-22', 184, 'surfing', 5.00, 25, 27, NULL, NULL),
('route-22', 206, 'walking', 10.00, 7, 26, NULL, NULL),
('route-22', 298, 'walking', 20.00, 6, 7, NULL, NULL),
('route-22', 318, 'fishing_good', 35.00, 25, 25, NULL, NULL),
('route-22', 319, 'fishing_super', 5.00, 35, 35, NULL, NULL),
('route-22', 399, 'walking', 10.00, 6, 6, NULL, NULL),
('route-22', 400, 'walking', 20.00, 26, 27, NULL, NULL),
('route-22', 447, 'walking', 10.00, 6, 26, NULL, NULL),
('route-22', 659, 'walking', 20.00, 5, 6, NULL, NULL),
('route-22', 660, 'walking', 10.00, 27, 27, NULL, NULL),
('route-22', 667, 'walking', 30.00, 5, 25, NULL, NULL);

INSERT INTO public.encounters (route_id, pokemon_national_dex_id, method, encounter_rate, level_min, level_max, conditions, version_exclusive)
SELECT r.id, e.dex, e.method, e.rate, e.lmin, e.lmax, NULLIF(e.cond, ''), NULLIF(e.ver_excl, '')
FROM _enc e JOIN public.routes r ON r.slug = e.slug AND r.game_id = 'd6e7f8a9-b0c1-2345-d678-901234567890';

DROP TABLE _enc;

-- ===========================================
-- STEP 5: BOSS TRAINERS
-- ===========================================

-- Viola (Gym Leader)
DO $$
DECLARE
  v_trainer_id UUID;
  v_route_id UUID;
BEGIN
  SELECT id INTO v_route_id FROM public.routes WHERE slug = 'santalune-city' AND game_id = 'd6e7f8a9-b0c1-2345-d678-901234567890';
  INSERT INTO public.trainers (route_id, name, trainer_class, is_boss, boss_type, level_cap, display_order, notes)
  VALUES (v_route_id, 'Viola', 'Gym Leader', true, 'gym_leader', 12, 1, 'Bug-type specialist. Bug Badge.')
  RETURNING id INTO v_trainer_id;

  INSERT INTO public.trainer_pokemon (trainer_id, pokemon_national_dex_id, level, slot_order, moves, ability, held_item, nature)
  VALUES (v_trainer_id, 283, 10, 1, '["Quick Attack", "Bubble", "Water Sport"]'::jsonb, 'Swift Swim', NULL, NULL);
  INSERT INTO public.trainer_pokemon (trainer_id, pokemon_national_dex_id, level, slot_order, moves, ability, held_item, nature)
  VALUES (v_trainer_id, 666, 12, 2, '["Tackle", "Infestation", "Harden"]'::jsonb, 'Shield Dust', NULL, NULL);
END $$;

-- Grant (Gym Leader)
DO $$
DECLARE
  v_trainer_id UUID;
  v_route_id UUID;
BEGIN
  SELECT id INTO v_route_id FROM public.routes WHERE slug = 'cyllage-city' AND game_id = 'd6e7f8a9-b0c1-2345-d678-901234567890';
  INSERT INTO public.trainers (route_id, name, trainer_class, is_boss, boss_type, level_cap, display_order, notes)
  VALUES (v_route_id, 'Grant', 'Gym Leader', true, 'gym_leader', 25, 2, 'Rock-type specialist. Cliff Badge.')
  RETURNING id INTO v_trainer_id;

  INSERT INTO public.trainer_pokemon (trainer_id, pokemon_national_dex_id, level, slot_order, moves, ability, held_item, nature)
  VALUES (v_trainer_id, 698, 25, 1, '["Aurora Beam", "Rock Tomb", "Thunder Wave", "Take Down"]'::jsonb, 'Refrigerate', NULL, NULL);
  INSERT INTO public.trainer_pokemon (trainer_id, pokemon_national_dex_id, level, slot_order, moves, ability, held_item, nature)
  VALUES (v_trainer_id, 696, 25, 2, '["Rock Tomb", "Bite", "Stomp"]'::jsonb, 'Strong Jaw', NULL, NULL);
END $$;

-- Korrina (Gym Leader)
DO $$
DECLARE
  v_trainer_id UUID;
  v_route_id UUID;
BEGIN
  SELECT id INTO v_route_id FROM public.routes WHERE slug = 'shalour-city' AND game_id = 'd6e7f8a9-b0c1-2345-d678-901234567890';
  INSERT INTO public.trainers (route_id, name, trainer_class, is_boss, boss_type, level_cap, display_order, notes)
  VALUES (v_route_id, 'Korrina', 'Gym Leader', true, 'gym_leader', 32, 3, 'Fighting-type specialist. Rumble Badge.')
  RETURNING id INTO v_trainer_id;

  INSERT INTO public.trainer_pokemon (trainer_id, pokemon_national_dex_id, level, slot_order, moves, ability, held_item, nature)
  VALUES (v_trainer_id, 619, 29, 1, '["Power-Up Punch", "Fake Out", "Double Slap"]'::jsonb, 'Regenerator', NULL, NULL);
  INSERT INTO public.trainer_pokemon (trainer_id, pokemon_national_dex_id, level, slot_order, moves, ability, held_item, nature)
  VALUES (v_trainer_id, 67, 28, 2, '["Power-Up Punch", "Rock Tomb", "Leer"]'::jsonb, 'Guts', NULL, NULL);
  INSERT INTO public.trainer_pokemon (trainer_id, pokemon_national_dex_id, level, slot_order, moves, ability, held_item, nature)
  VALUES (v_trainer_id, 701, 32, 3, '["Flying Press", "Hone Claws", "Power-Up Punch"]'::jsonb, 'Unburden', NULL, NULL);
END $$;

-- Ramos (Gym Leader)
DO $$
DECLARE
  v_trainer_id UUID;
  v_route_id UUID;
BEGIN
  SELECT id INTO v_route_id FROM public.routes WHERE slug = 'coumarine-city' AND game_id = 'd6e7f8a9-b0c1-2345-d678-901234567890';
  INSERT INTO public.trainers (route_id, name, trainer_class, is_boss, boss_type, level_cap, display_order, notes)
  VALUES (v_route_id, 'Ramos', 'Gym Leader', true, 'gym_leader', 34, 4, 'Grass-type specialist. Plant Badge.')
  RETURNING id INTO v_trainer_id;

  INSERT INTO public.trainer_pokemon (trainer_id, pokemon_national_dex_id, level, slot_order, moves, ability, held_item, nature)
  VALUES (v_trainer_id, 189, 30, 1, '["Grass Knot", "Acrobatics", "Leech Seed"]'::jsonb, 'Chlorophyll', NULL, NULL);
  INSERT INTO public.trainer_pokemon (trainer_id, pokemon_national_dex_id, level, slot_order, moves, ability, held_item, nature)
  VALUES (v_trainer_id, 70, 31, 2, '["Grass Knot", "Acid", "Poison Powder", "Gastro Acid"]'::jsonb, 'Chlorophyll', NULL, NULL);
  INSERT INTO public.trainer_pokemon (trainer_id, pokemon_national_dex_id, level, slot_order, moves, ability, held_item, nature)
  VALUES (v_trainer_id, 673, 34, 3, '["Grass Knot", "Bulldoze", "Take Down"]'::jsonb, 'Sap Sipper', NULL, NULL);
END $$;

-- Clemont (Gym Leader)
DO $$
DECLARE
  v_trainer_id UUID;
  v_route_id UUID;
BEGIN
  SELECT id INTO v_route_id FROM public.routes WHERE slug = 'lumiose-city' AND game_id = 'd6e7f8a9-b0c1-2345-d678-901234567890';
  INSERT INTO public.trainers (route_id, name, trainer_class, is_boss, boss_type, level_cap, display_order, notes)
  VALUES (v_route_id, 'Clemont', 'Gym Leader', true, 'gym_leader', 37, 5, 'Electric-type specialist. Voltage Badge.')
  RETURNING id INTO v_trainer_id;

  INSERT INTO public.trainer_pokemon (trainer_id, pokemon_national_dex_id, level, slot_order, moves, ability, held_item, nature)
  VALUES (v_trainer_id, 587, 35, 1, '["Volt Switch", "Quick Attack", "Aerial Ace"]'::jsonb, 'Static', NULL, NULL);
  INSERT INTO public.trainer_pokemon (trainer_id, pokemon_national_dex_id, level, slot_order, moves, ability, held_item, nature)
  VALUES (v_trainer_id, 82, 35, 2, '["Thunderbolt", "Electric Terrain", "Mirror Shot"]'::jsonb, 'Sturdy', NULL, NULL);
  INSERT INTO public.trainer_pokemon (trainer_id, pokemon_national_dex_id, level, slot_order, moves, ability, held_item, nature)
  VALUES (v_trainer_id, 695, 37, 3, '["Thunderbolt", "Quick Attack", "Grass Knot"]'::jsonb, 'Dry Skin', NULL, NULL);
END $$;

-- Valerie (Gym Leader)
DO $$
DECLARE
  v_trainer_id UUID;
  v_route_id UUID;
BEGIN
  SELECT id INTO v_route_id FROM public.routes WHERE slug = 'laverre-city' AND game_id = 'd6e7f8a9-b0c1-2345-d678-901234567890';
  INSERT INTO public.trainers (route_id, name, trainer_class, is_boss, boss_type, level_cap, display_order, notes)
  VALUES (v_route_id, 'Valerie', 'Gym Leader', true, 'gym_leader', 42, 6, 'Fairy-type specialist. Fairy Badge.')
  RETURNING id INTO v_trainer_id;

  INSERT INTO public.trainer_pokemon (trainer_id, pokemon_national_dex_id, level, slot_order, moves, ability, held_item, nature)
  VALUES (v_trainer_id, 303, 38, 1, '["Feint Attack", "Crunch", "Iron Defense"]'::jsonb, 'Hyper Cutter', NULL, NULL);
  INSERT INTO public.trainer_pokemon (trainer_id, pokemon_national_dex_id, level, slot_order, moves, ability, held_item, nature)
  VALUES (v_trainer_id, 122, 39, 2, '["Light Screen", "Reflect", "Psychic", "Dazzling Gleam"]'::jsonb, 'Soundproof', NULL, NULL);
  INSERT INTO public.trainer_pokemon (trainer_id, pokemon_national_dex_id, level, slot_order, moves, ability, held_item, nature)
  VALUES (v_trainer_id, 700, 42, 3, '["Dazzling Gleam", "Quick Attack", "Swift", "Charm"]'::jsonb, 'Cute Charm', NULL, NULL);
END $$;

-- Olympia (Gym Leader)
DO $$
DECLARE
  v_trainer_id UUID;
  v_route_id UUID;
BEGIN
  SELECT id INTO v_route_id FROM public.routes WHERE slug = 'anistar-city' AND game_id = 'd6e7f8a9-b0c1-2345-d678-901234567890';
  INSERT INTO public.trainers (route_id, name, trainer_class, is_boss, boss_type, level_cap, display_order, notes)
  VALUES (v_route_id, 'Olympia', 'Gym Leader', true, 'gym_leader', 48, 7, 'Psychic-type specialist. Psychic Badge.')
  RETURNING id INTO v_trainer_id;

  INSERT INTO public.trainer_pokemon (trainer_id, pokemon_national_dex_id, level, slot_order, moves, ability, held_item, nature)
  VALUES (v_trainer_id, 561, 44, 1, '["Psychic", "Air Slash", "Light Screen", "Reflect"]'::jsonb, 'Magic Guard', NULL, NULL);
  INSERT INTO public.trainer_pokemon (trainer_id, pokemon_national_dex_id, level, slot_order, moves, ability, held_item, nature)
  VALUES (v_trainer_id, 199, 45, 2, '["Psychic", "Calm Mind", "Power Gem", "Yawn"]'::jsonb, 'Oblivious', NULL, NULL);
  INSERT INTO public.trainer_pokemon (trainer_id, pokemon_national_dex_id, level, slot_order, moves, ability, held_item, nature)
  VALUES (v_trainer_id, 678, 48, 3, '["Psychic", "Calm Mind", "Fake Out", "Shadow Ball"]'::jsonb, 'Infiltrator', NULL, NULL);
END $$;

-- Wulfric (Gym Leader)
DO $$
DECLARE
  v_trainer_id UUID;
  v_route_id UUID;
BEGIN
  SELECT id INTO v_route_id FROM public.routes WHERE slug = 'snowbelle-city' AND game_id = 'd6e7f8a9-b0c1-2345-d678-901234567890';
  INSERT INTO public.trainers (route_id, name, trainer_class, is_boss, boss_type, level_cap, display_order, notes)
  VALUES (v_route_id, 'Wulfric', 'Gym Leader', true, 'gym_leader', 59, 8, 'Ice-type specialist. Iceberg Badge.')
  RETURNING id INTO v_trainer_id;

  INSERT INTO public.trainer_pokemon (trainer_id, pokemon_national_dex_id, level, slot_order, moves, ability, held_item, nature)
  VALUES (v_trainer_id, 460, 56, 1, '["Ice Beam", "Ice Shard", "Energy Ball"]'::jsonb, 'Snow Warning', NULL, NULL);
  INSERT INTO public.trainer_pokemon (trainer_id, pokemon_national_dex_id, level, slot_order, moves, ability, held_item, nature)
  VALUES (v_trainer_id, 615, 55, 2, '["Ice Beam", "Confuse Ray", "Flash Cannon", "Hail"]'::jsonb, 'Levitate', NULL, NULL);
  INSERT INTO public.trainer_pokemon (trainer_id, pokemon_national_dex_id, level, slot_order, moves, ability, held_item, nature)
  VALUES (v_trainer_id, 713, 59, 3, '["Avalanche", "Crunch", "Curse", "Gyro Ball"]'::jsonb, 'Ice Body', NULL, NULL);
END $$;

-- Malva (Elite Four)
DO $$
DECLARE
  v_trainer_id UUID;
  v_route_id UUID;
BEGIN
  SELECT id INTO v_route_id FROM public.routes WHERE slug = 'pokemon-league' AND game_id = 'd6e7f8a9-b0c1-2345-d678-901234567890';
  INSERT INTO public.trainers (route_id, name, trainer_class, is_boss, boss_type, level_cap, display_order, notes)
  VALUES (v_route_id, 'Malva', 'Elite Four', true, 'elite_four', 65, 1, 'Fire-type specialist.')
  RETURNING id INTO v_trainer_id;

  INSERT INTO public.trainer_pokemon (trainer_id, pokemon_national_dex_id, level, slot_order, moves, ability, held_item, nature)
  VALUES (v_trainer_id, 668, 63, 1, '["Hyper Voice", "Noble Roar", "Flamethrower", "Wild Charge"]'::jsonb, 'Rivalry', NULL, NULL);
  INSERT INTO public.trainer_pokemon (trainer_id, pokemon_national_dex_id, level, slot_order, moves, ability, held_item, nature)
  VALUES (v_trainer_id, 324, 63, 2, '["Curse", "Flame Wheel", "Stone Edge", "Earthquake"]'::jsonb, 'White Smoke', NULL, NULL);
  INSERT INTO public.trainer_pokemon (trainer_id, pokemon_national_dex_id, level, slot_order, moves, ability, held_item, nature)
  VALUES (v_trainer_id, 609, 63, 3, '["Flamethrower", "Confuse Ray", "Confide", "Shadow Ball"]'::jsonb, 'Flame Body', NULL, NULL);
  INSERT INTO public.trainer_pokemon (trainer_id, pokemon_national_dex_id, level, slot_order, moves, ability, held_item, nature)
  VALUES (v_trainer_id, 663, 65, 4, '["Quick Attack", "Brave Bird", "Flare Blitz", "Flail"]'::jsonb, 'Flame Body', NULL, NULL);
END $$;

-- Siebold (Elite Four)
DO $$
DECLARE
  v_trainer_id UUID;
  v_route_id UUID;
BEGIN
  SELECT id INTO v_route_id FROM public.routes WHERE slug = 'pokemon-league' AND game_id = 'd6e7f8a9-b0c1-2345-d678-901234567890';
  INSERT INTO public.trainers (route_id, name, trainer_class, is_boss, boss_type, level_cap, display_order, notes)
  VALUES (v_route_id, 'Siebold', 'Elite Four', true, 'elite_four', 65, 2, 'Water-type specialist.')
  RETURNING id INTO v_trainer_id;

  INSERT INTO public.trainer_pokemon (trainer_id, pokemon_national_dex_id, level, slot_order, moves, ability, held_item, nature)
  VALUES (v_trainer_id, 693, 63, 1, '["Dragon Pulse", "Water Pulse", "Aura Sphere", "Dark Pulse"]'::jsonb, 'Mega Launcher', NULL, NULL);
  INSERT INTO public.trainer_pokemon (trainer_id, pokemon_national_dex_id, level, slot_order, moves, ability, held_item, nature)
  VALUES (v_trainer_id, 121, 63, 2, '["Psychic", "Light Screen", "Surf", "Dazzling Gleam"]'::jsonb, 'Illuminate', NULL, NULL);
  INSERT INTO public.trainer_pokemon (trainer_id, pokemon_national_dex_id, level, slot_order, moves, ability, held_item, nature)
  VALUES (v_trainer_id, 130, 63, 3, '["Waterfall", "Ice Fang", "Dragon Dance", "Earthquake"]'::jsonb, 'Intimidate', NULL, NULL);
  INSERT INTO public.trainer_pokemon (trainer_id, pokemon_national_dex_id, level, slot_order, moves, ability, held_item, nature)
  VALUES (v_trainer_id, 689, 65, 4, '["Stone Edge", "Razor Shell", "Cross Chop", "X-Scissor"]'::jsonb, 'Tough Claws', NULL, NULL);
END $$;

-- Wikstrom (Elite Four)
DO $$
DECLARE
  v_trainer_id UUID;
  v_route_id UUID;
BEGIN
  SELECT id INTO v_route_id FROM public.routes WHERE slug = 'pokemon-league' AND game_id = 'd6e7f8a9-b0c1-2345-d678-901234567890';
  INSERT INTO public.trainers (route_id, name, trainer_class, is_boss, boss_type, level_cap, display_order, notes)
  VALUES (v_route_id, 'Wikstrom', 'Elite Four', true, 'elite_four', 65, 3, 'Steel-type specialist.')
  RETURNING id INTO v_trainer_id;

  INSERT INTO public.trainer_pokemon (trainer_id, pokemon_national_dex_id, level, slot_order, moves, ability, held_item, nature)
  VALUES (v_trainer_id, 707, 63, 1, '["Spikes", "Torment", "Dazzling Gleam", "Flash Cannon"]'::jsonb, 'Prankster', NULL, NULL);
  INSERT INTO public.trainer_pokemon (trainer_id, pokemon_national_dex_id, level, slot_order, moves, ability, held_item, nature)
  VALUES (v_trainer_id, 476, 63, 2, '["Power Gem", "Earth Power", "Flash Cannon", "Discharge"]'::jsonb, 'Sturdy', NULL, NULL);
  INSERT INTO public.trainer_pokemon (trainer_id, pokemon_national_dex_id, level, slot_order, moves, ability, held_item, nature)
  VALUES (v_trainer_id, 212, 63, 3, '["X-Scissor", "Iron Head", "Bullet Punch", "Night Slash"]'::jsonb, 'Technician', NULL, NULL);
  INSERT INTO public.trainer_pokemon (trainer_id, pokemon_national_dex_id, level, slot_order, moves, ability, held_item, nature)
  VALUES (v_trainer_id, 681, 65, 4, '["Sacred Sword", "Iron Head", "King''s Shield", "Shadow Claw"]'::jsonb, 'Stance Change', NULL, NULL);
END $$;

-- Drasna (Elite Four)
DO $$
DECLARE
  v_trainer_id UUID;
  v_route_id UUID;
BEGIN
  SELECT id INTO v_route_id FROM public.routes WHERE slug = 'pokemon-league' AND game_id = 'd6e7f8a9-b0c1-2345-d678-901234567890';
  INSERT INTO public.trainers (route_id, name, trainer_class, is_boss, boss_type, level_cap, display_order, notes)
  VALUES (v_route_id, 'Drasna', 'Elite Four', true, 'elite_four', 65, 4, 'Dragon-type specialist.')
  RETURNING id INTO v_trainer_id;

  INSERT INTO public.trainer_pokemon (trainer_id, pokemon_national_dex_id, level, slot_order, moves, ability, held_item, nature)
  VALUES (v_trainer_id, 691, 63, 1, '["Sludge Bomb", "Surf", "Thunderbolt", "Dragon Pulse"]'::jsonb, 'Poison Point', NULL, NULL);
  INSERT INTO public.trainer_pokemon (trainer_id, pokemon_national_dex_id, level, slot_order, moves, ability, held_item, nature)
  VALUES (v_trainer_id, 334, 63, 2, '["Dragon Pulse", "Moonblast", "Sing", "Cotton Guard"]'::jsonb, 'Natural Cure', NULL, NULL);
  INSERT INTO public.trainer_pokemon (trainer_id, pokemon_national_dex_id, level, slot_order, moves, ability, held_item, nature)
  VALUES (v_trainer_id, 621, 63, 3, '["Dragon Tail", "Revenge", "Retaliate", "Chip Away"]'::jsonb, 'Rough Skin', NULL, NULL);
  INSERT INTO public.trainer_pokemon (trainer_id, pokemon_national_dex_id, level, slot_order, moves, ability, held_item, nature)
  VALUES (v_trainer_id, 715, 65, 4, '["Flamethrower", "Boomburst", "Air Slash", "Dragon Pulse"]'::jsonb, 'Frisk', NULL, NULL);
END $$;

-- Diantha (Champion)
DO $$
DECLARE
  v_trainer_id UUID;
  v_route_id UUID;
BEGIN
  SELECT id INTO v_route_id FROM public.routes WHERE slug = 'pokemon-league' AND game_id = 'd6e7f8a9-b0c1-2345-d678-901234567890';
  INSERT INTO public.trainers (route_id, name, trainer_class, is_boss, boss_type, level_cap, display_order, notes)
  VALUES (v_route_id, 'Diantha', 'Champion', true, 'champion', 68, 5, 'Kalos Champion. Gardevoir Mega Evolves.')
  RETURNING id INTO v_trainer_id;

  INSERT INTO public.trainer_pokemon (trainer_id, pokemon_national_dex_id, level, slot_order, moves, ability, held_item, nature)
  VALUES (v_trainer_id, 701, 64, 1, '["Poison Jab", "Flying Press", "Swords Dance", "X-Scissor"]'::jsonb, 'Limber', NULL, NULL);
  INSERT INTO public.trainer_pokemon (trainer_id, pokemon_national_dex_id, level, slot_order, moves, ability, held_item, nature)
  VALUES (v_trainer_id, 697, 65, 2, '["Head Smash", "Dragon Claw", "Earthquake", "Crunch"]'::jsonb, 'Strong Jaw', NULL, NULL);
  INSERT INTO public.trainer_pokemon (trainer_id, pokemon_national_dex_id, level, slot_order, moves, ability, held_item, nature)
  VALUES (v_trainer_id, 699, 65, 3, '["Thunder", "Blizzard", "Reflect", "Light Screen"]'::jsonb, 'Refrigerate', NULL, NULL);
  INSERT INTO public.trainer_pokemon (trainer_id, pokemon_national_dex_id, level, slot_order, moves, ability, held_item, nature)
  VALUES (v_trainer_id, 711, 65, 4, '["Trick-or-Treat", "Phantom Force", "Seed Bomb", "Shadow Sneak"]'::jsonb, 'Pickup', NULL, NULL);
  INSERT INTO public.trainer_pokemon (trainer_id, pokemon_national_dex_id, level, slot_order, moves, ability, held_item, nature)
  VALUES (v_trainer_id, 706, 66, 5, '["Focus Blast", "Dragon Pulse", "Fire Blast", "Muddy Water"]'::jsonb, 'Sap Sipper', NULL, NULL);
  INSERT INTO public.trainer_pokemon (trainer_id, pokemon_national_dex_id, level, slot_order, moves, ability, held_item, nature)
  VALUES (v_trainer_id, 282, 68, 6, '["Thunderbolt", "Moonblast", "Psychic", "Shadow Ball"]'::jsonb, 'Synchronize', 'Gardevoirite', NULL);
END $$;

-- Update total_routes count
UPDATE public.games SET total_routes = 53 WHERE id = 'd6e7f8a9-b0c1-2345-d678-901234567890';
-- ===========================================
-- POKEMON Y: COMPLETE GAME DATA
-- Official Pokemon Game
-- Gen 6, Kalos region
-- ===========================================
-- Game ID: e7f8a9b0-c1d2-3456-e789-012345678901
-- ===========================================

-- STEP 1: Insert the game
INSERT INTO public.games (id, slug, name, generation, region, base_game_slug, is_romhack, sprite_url, total_routes, description)
VALUES (
  'e7f8a9b0-c1d2-3456-e789-012345678901',
  'pokemon-y',
  'Pokemon Y',
  6,
  'Kalos',
  NULL,
  false,
  'https://raw.githubusercontent.com/PokeAPI/sprites/master/sprites/pokemon/717.png',
  53,
  'Pokemon Y for Nintendo 3DS. Set in the Kalos region. Introduces Fairy type and Mega Evolution.'
);

-- ===========================================
-- STEP 2: ALL ROUTES (53 total)
-- ===========================================

INSERT INTO public.routes (game_id, name, slug, display_order, route_type, has_encounters, has_trainers, has_items, notes) VALUES
('e7f8a9b0-c1d2-3456-e789-012345678901', 'Vaniville Town', 'vaniville-town', 1, 'city', true, false, false, 'Starter town. Choose Chespin, Fennekin, or Froakie.'),
('e7f8a9b0-c1d2-3456-e789-012345678901', 'Route 1 (Vaniville Pathway)', 'route-1', 2, 'route', false, false, false, 'Very short path to Aquacorde Town.'),
('e7f8a9b0-c1d2-3456-e789-012345678901', 'Aquacorde Town', 'aquacorde-town', 3, 'city', false, false, false, 'Meet friends and receive starter.'),
('e7f8a9b0-c1d2-3456-e789-012345678901', 'Route 2 (Avance Trail)', 'route-2', 4, 'route', true, true, false, NULL),
('e7f8a9b0-c1d2-3456-e789-012345678901', 'Santalune Forest', 'santalune-forest', 5, 'cave', true, true, true, NULL),
('e7f8a9b0-c1d2-3456-e789-012345678901', 'Route 3 (Ouvert Way)', 'route-3', 6, 'route', true, true, false, NULL),
('e7f8a9b0-c1d2-3456-e789-012345678901', 'Santalune City', 'santalune-city', 7, 'city', false, true, true, 'Gym Leader Viola. Bug-type specialist.'),
('e7f8a9b0-c1d2-3456-e789-012345678901', 'Route 4 (Parterre Way)', 'route-4', 8, 'route', true, true, false, 'Flower garden route.'),
('e7f8a9b0-c1d2-3456-e789-012345678901', 'Lumiose City (South)', 'lumiose-city-south', 9, 'city', false, false, true, 'Partial access. Full access after Clemont.'),
('e7f8a9b0-c1d2-3456-e789-012345678901', 'Route 5 (Versant Road)', 'route-5', 10, 'route', true, true, false, NULL),
('e7f8a9b0-c1d2-3456-e789-012345678901', 'Camphrier Town', 'camphrier-town', 11, 'city', false, false, true, NULL),
('e7f8a9b0-c1d2-3456-e789-012345678901', 'Route 6 (Palais Lane)', 'route-6', 12, 'route', true, true, false, NULL),
('e7f8a9b0-c1d2-3456-e789-012345678901', 'Parfum Palace', 'parfum-palace', 13, 'building', false, false, true, 'Furfrou event.'),
('e7f8a9b0-c1d2-3456-e789-012345678901', 'Route 7 (Rivire Walk)', 'route-7', 14, 'route', true, true, false, 'Berry fields.'),
('e7f8a9b0-c1d2-3456-e789-012345678901', 'Connecting Cave', 'connecting-cave', 15, 'cave', true, true, true, NULL),
('e7f8a9b0-c1d2-3456-e789-012345678901', 'Route 8 (Muraille Coast)', 'route-8', 16, 'route', true, true, false, 'Coastal route.'),
('e7f8a9b0-c1d2-3456-e789-012345678901', 'Ambrette Town', 'ambrette-town', 17, 'city', false, false, true, 'Fossil Lab.'),
('e7f8a9b0-c1d2-3456-e789-012345678901', 'Route 9 (Spikes Passage)', 'route-9', 18, 'route', true, true, false, 'Rhyhorn ride section.'),
('e7f8a9b0-c1d2-3456-e789-012345678901', 'Glittering Cave', 'glittering-cave', 19, 'cave', true, true, true, 'Team Flare encounter. Fossil restoration.'),
('e7f8a9b0-c1d2-3456-e789-012345678901', 'Cyllage City', 'cyllage-city', 20, 'city', false, true, true, 'Gym Leader Grant. Rock-type specialist.'),
('e7f8a9b0-c1d2-3456-e789-012345678901', 'Route 10 (Menhir Trail)', 'route-10', 21, 'route', true, true, false, 'Standing stones area.'),
('e7f8a9b0-c1d2-3456-e789-012345678901', 'Geosenge Town', 'geosenge-town', 22, 'city', false, false, true, 'Team Flare base nearby.'),
('e7f8a9b0-c1d2-3456-e789-012345678901', 'Route 11 (Miroir Way)', 'route-11', 23, 'route', true, true, false, NULL),
('e7f8a9b0-c1d2-3456-e789-012345678901', 'Reflection Cave', 'reflection-cave', 24, 'cave', true, true, true, NULL),
('e7f8a9b0-c1d2-3456-e789-012345678901', 'Shalour City', 'shalour-city', 25, 'city', false, true, true, 'Gym Leader Korrina. Fighting-type specialist.'),
('e7f8a9b0-c1d2-3456-e789-012345678901', 'Tower of Mastery', 'tower-of-mastery', 26, 'building', false, true, false, 'Mega Evolution tutorial. Lucario gift.'),
('e7f8a9b0-c1d2-3456-e789-012345678901', 'Route 12 (Fourrage Road)', 'route-12', 27, 'route', true, true, false, 'Lapras gift.'),
('e7f8a9b0-c1d2-3456-e789-012345678901', 'Coumarine City', 'coumarine-city', 28, 'city', false, true, true, 'Gym Leader Ramos. Grass-type specialist.'),
('e7f8a9b0-c1d2-3456-e789-012345678901', 'Route 13 (Lumiose Badlands)', 'route-13', 29, 'route', true, true, false, 'Desert area. Power Plant nearby.'),
('e7f8a9b0-c1d2-3456-e789-012345678901', 'Lumiose City', 'lumiose-city', 30, 'city', false, true, true, 'Gym Leader Clemont. Electric-type specialist. Full city access.'),
('e7f8a9b0-c1d2-3456-e789-012345678901', 'Route 14 (Laverre Nature Trail)', 'route-14', 31, 'route', true, true, false, 'Swampy forest.'),
('e7f8a9b0-c1d2-3456-e789-012345678901', 'Laverre City', 'laverre-city', 32, 'city', false, true, true, 'Gym Leader Valerie. Fairy-type specialist.'),
('e7f8a9b0-c1d2-3456-e789-012345678901', 'Poke Ball Factory', 'poke-ball-factory', 33, 'building', false, true, true, 'Team Flare encounter.'),
('e7f8a9b0-c1d2-3456-e789-012345678901', 'Route 15 (Brun Way)', 'route-15', 34, 'route', true, true, false, NULL),
('e7f8a9b0-c1d2-3456-e789-012345678901', 'Lost Hotel', 'lost-hotel', 35, 'building', true, true, true, NULL),
('e7f8a9b0-c1d2-3456-e789-012345678901', 'Route 16 (Melancolie Path)', 'route-16', 36, 'route', true, true, false, NULL),
('e7f8a9b0-c1d2-3456-e789-012345678901', 'Dendemille Town', 'dendemille-town', 37, 'city', false, false, true, NULL),
('e7f8a9b0-c1d2-3456-e789-012345678901', 'Frost Cavern', 'frost-cavern', 38, 'cave', true, true, true, 'Team Flare encounter. Abomasnow battle.'),
('e7f8a9b0-c1d2-3456-e789-012345678901', 'Route 17 (Mamoswine Road)', 'route-17', 39, 'route', true, true, false, 'Mamoswine ride through deep snow.'),
('e7f8a9b0-c1d2-3456-e789-012345678901', 'Anistar City', 'anistar-city', 40, 'city', false, true, true, 'Gym Leader Olympia. Psychic-type specialist.'),
('e7f8a9b0-c1d2-3456-e789-012345678901', 'Route 18 (Valle troite Way)', 'route-18', 41, 'route', true, true, false, NULL),
('e7f8a9b0-c1d2-3456-e789-012345678901', 'Terminus Cave', 'terminus-cave', 42, 'cave', true, true, true, 'Zygarde encounter (post-game).'),
('e7f8a9b0-c1d2-3456-e789-012345678901', 'Couriway Town', 'couriway-town', 43, 'city', false, false, true, NULL),
('e7f8a9b0-c1d2-3456-e789-012345678901', 'Route 19 (Grande Valle Way)', 'route-19', 44, 'route', true, true, false, NULL),
('e7f8a9b0-c1d2-3456-e789-012345678901', 'Snowbelle City', 'snowbelle-city', 45, 'city', false, true, true, 'Gym Leader Wulfric. Ice-type specialist.'),
('e7f8a9b0-c1d2-3456-e789-012345678901', 'Route 20 (Winding Woods)', 'route-20', 46, 'route', true, true, false, NULL),
('e7f8a9b0-c1d2-3456-e789-012345678901', 'Pokemon Village', 'pokemon-village', 47, 'special', true, false, true, 'Hidden area with rare Pokemon.'),
('e7f8a9b0-c1d2-3456-e789-012345678901', 'Route 21 (Dernire Way)', 'route-21', 48, 'route', true, true, false, NULL),
('e7f8a9b0-c1d2-3456-e789-012345678901', 'Victory Road', 'victory-road', 49, 'cave', true, true, true, NULL),
('e7f8a9b0-c1d2-3456-e789-012345678901', 'Pokemon League', 'pokemon-league', 50, 'building', false, true, false, 'Elite Four and Champion Diantha.'),
('e7f8a9b0-c1d2-3456-e789-012345678901', 'Kiloude City', 'kiloude-city', 51, 'city', false, true, true, 'Battle Maison. Friend Safari.'),
('e7f8a9b0-c1d2-3456-e789-012345678901', 'Route 22 (Dtourner Way)', 'route-22', 52, 'route', true, true, false, NULL),
('e7f8a9b0-c1d2-3456-e789-012345678901', 'Chamber of Emptiness', 'chamber-of-emptiness', 53, 'cave', false, false, true, 'Banettite found here.');

-- ===========================================
-- STEP 3: STARTER POKEMON
-- ===========================================

INSERT INTO public.encounters (route_id, pokemon_national_dex_id, method, encounter_rate, level_min, level_max)
SELECT r.id, 650, 'gift', NULL, 5, 5
FROM public.routes r WHERE r.slug = 'vaniville-town' AND r.game_id = 'e7f8a9b0-c1d2-3456-e789-012345678901';

INSERT INTO public.encounters (route_id, pokemon_national_dex_id, method, encounter_rate, level_min, level_max)
SELECT r.id, 653, 'gift', NULL, 5, 5
FROM public.routes r WHERE r.slug = 'vaniville-town' AND r.game_id = 'e7f8a9b0-c1d2-3456-e789-012345678901';

INSERT INTO public.encounters (route_id, pokemon_national_dex_id, method, encounter_rate, level_min, level_max)
SELECT r.id, 656, 'gift', NULL, 5, 5
FROM public.routes r WHERE r.slug = 'vaniville-town' AND r.game_id = 'e7f8a9b0-c1d2-3456-e789-012345678901';

-- ===========================================
-- STEP 4: ENCOUNTER DATA (313 total)
-- ===========================================

CREATE TEMP TABLE _enc (slug TEXT, dex INT, method TEXT, rate DECIMAL(5,2), lmin INT, lmax INT, cond TEXT, ver_excl TEXT);
INSERT INTO _enc VALUES
('route-2', 10, 'walking', 11.00, 3, 4, NULL, NULL),
('route-2', 16, 'walking', 14.00, 3, 4, NULL, NULL),
('route-2', 263, 'walking', 15.00, 3, 4, NULL, NULL),
('route-2', 659, 'walking', 20.00, 2, 3, NULL, NULL),
('route-2', 661, 'walking', 20.00, 2, 3, NULL, NULL),
('route-2', 664, 'walking', 20.00, 2, 3, NULL, NULL),
('santalune-forest', 10, 'walking', 20.00, 2, 3, NULL, NULL),
('santalune-forest', 11, 'walking', 4.00, 4, 4, NULL, NULL),
('santalune-forest', 13, 'walking', 10.00, 2, 2, NULL, NULL),
('santalune-forest', 25, 'walking', 6.00, 3, 4, NULL, NULL),
('santalune-forest', 511, 'walking', 10.00, 4, 4, NULL, NULL),
('santalune-forest', 513, 'walking', 10.00, 4, 4, NULL, NULL),
('santalune-forest', 515, 'walking', 10.00, 4, 4, NULL, NULL),
('santalune-forest', 661, 'walking', 10.00, 4, 4, NULL, NULL),
('santalune-forest', 664, 'walking', 20.00, 2, 3, NULL, NULL),
('route-3', 16, 'walking', 10.00, 4, 4, NULL, NULL),
('route-3', 25, 'walking', 5.00, 4, 5, NULL, NULL),
('route-3', 118, 'fishing_good', 65.00, 25, 25, NULL, NULL),
('route-3', 119, 'fishing_super', 35.00, 35, 35, NULL, NULL),
('route-3', 129, 'fishing_old', 100.00, 15, 15, NULL, NULL),
('route-3', 130, 'fishing_super', 60.00, 35, 35, NULL, NULL),
('route-3', 183, 'surfing', 34.00, 25, 27, NULL, NULL),
('route-3', 206, 'walking', 5.00, 5, 5, NULL, NULL),
('route-3', 284, 'surfing', 66.00, 25, 27, NULL, NULL),
('route-3', 298, 'walking', 10.00, 5, 5, NULL, NULL),
('route-3', 341, 'fishing_good', 35.00, 25, 25, NULL, NULL),
('route-3', 342, 'fishing_super', 5.00, 35, 35, NULL, NULL),
('route-3', 399, 'walking', 20.00, 3, 4, NULL, NULL),
('route-3', 412, 'walking', 10.00, 5, 5, NULL, NULL),
('route-3', 659, 'walking', 20.00, 3, 4, NULL, NULL),
('route-3', 661, 'walking', 20.00, 3, 5, NULL, NULL),
('route-4', 165, 'walking', 40.00, 6, 8, NULL, NULL),
('route-4', 280, 'walking', 10.00, 8, 8, NULL, NULL),
('route-4', 300, 'walking', 20.00, 8, 8, NULL, NULL),
('route-4', 406, 'walking', 20.00, 8, 8, NULL, NULL),
('route-4', 415, 'walking', 40.00, 6, 8, NULL, NULL),
('route-4', 669, 'walking', 70.00, 6, 8, NULL, NULL),
('route-5', 63, 'walking', 10.00, 10, 10, NULL, NULL),
('route-5', 84, 'walking', 20.00, 10, 10, NULL, NULL),
('route-5', 312, 'walking', 10.00, 9, 10, NULL, NULL),
('route-5', 316, 'walking', 20.00, 10, 10, NULL, NULL),
('route-5', 659, 'walking', 40.00, 8, 10, NULL, NULL),
('route-5', 672, 'walking', 40.00, 8, 10, NULL, NULL),
('route-5', 674, 'walking', 30.00, 8, 10, NULL, NULL),
('route-5', 676, 'walking', 30.00, 8, 10, NULL, NULL),
('route-6', 43, 'walking', 30.00, 10, 12, NULL, NULL),
('route-6', 161, 'walking', 20.00, 10, 11, NULL, NULL),
('route-6', 290, 'walking', 10.00, 12, 12, NULL, NULL),
('route-6', 352, 'walking', 5.00, 11, 12, NULL, NULL),
('route-6', 677, 'walking', 20.00, 11, 12, NULL, NULL),
('route-6', 679, 'walking', 15.00, 11, 12, NULL, NULL),
('route-7', 143, 'static', 100.00, 15, 15, NULL, NULL),
('route-7', 235, 'walking', 30.00, 14, 14, NULL, NULL),
('route-7', 313, 'walking', 30.00, 13, 13, NULL, NULL),
('route-7', 314, 'walking', 30.00, 13, 13, NULL, NULL),
('route-7', 315, 'walking', 30.00, 14, 14, NULL, NULL),
('route-7', 453, 'walking', 45.00, 12, 14, NULL, NULL),
('route-7', 580, 'walking', 30.00, 14, 14, NULL, NULL),
('route-7', 669, 'walking', 75.00, 12, 14, NULL, NULL),
('route-7', 682, 'walking', 30.00, 14, 14, NULL, NULL),
('connecting-cave', 41, 'walking', 30.00, 13, 15, NULL, NULL),
('connecting-cave', 293, 'walking', 30.00, 13, 15, NULL, NULL),
('connecting-cave', 307, 'walking', 30.00, 13, 15, NULL, NULL),
('connecting-cave', 610, 'walking', 10.00, 13, 15, NULL, NULL),
('route-8', 72, 'surfing', 69.00, 25, 27, NULL, NULL),
('route-8', 90, 'fishing_good', 35.00, 25, 25, NULL, NULL),
('route-8', 91, 'fishing_super', 5.00, 35, 35, NULL, NULL),
('route-8', 211, 'fishing_super', 60.00, 35, 35, NULL, NULL),
('route-8', 320, 'surfing', 31.00, 25, 27, NULL, NULL),
('route-8', 325, 'walking', 30.00, 13, 15, NULL, NULL),
('route-8', 336, 'walking', 20.00, 14, 14, NULL, NULL),
('route-8', 359, 'walking', 30.00, 13, 15, NULL, NULL),
('route-8', 370, 'fishing_old', 100.00, 15, 15, NULL, NULL),
('route-8', 371, 'walking', 10.00, 14, 15, NULL, NULL),
('route-8', 425, 'walking', 40.00, 13, 15, NULL, NULL),
('route-8', 557, 'rock_smash', 66.00, 13, 15, NULL, NULL),
('route-8', 619, 'walking', 40.00, 13, 15, NULL, NULL),
('route-8', 686, 'walking', 30.00, 14, 15, NULL, NULL),
('route-8', 688, 'rock_smash', 34.00, 13, 15, NULL, NULL),
('route-8', 690, 'fishing_good', 65.00, 25, 25, NULL, NULL),
('route-8', 691, 'fishing_super', 35.00, 35, 35, NULL, NULL),
('route-9', 449, 'walking', 40.00, 15, 17, NULL, NULL),
('route-9', 551, 'walking', 40.00, 15, 17, NULL, NULL),
('route-9', 694, 'walking', 20.00, 15, 17, NULL, NULL),
('glittering-cave', 66, 'walking', 30.00, 15, 17, NULL, NULL),
('glittering-cave', 95, 'walking', 10.00, 17, 17, NULL, NULL),
('glittering-cave', 104, 'walking', 20.00, 15, 16, NULL, NULL),
('glittering-cave', 111, 'walking', 10.00, 17, 17, NULL, NULL),
('glittering-cave', 115, 'walking', 5.00, 17, 17, NULL, NULL),
('glittering-cave', 303, 'walking', 5.00, 15, 16, NULL, NULL),
('glittering-cave', 337, 'walking', 10.00, 17, 17, NULL, NULL),
('glittering-cave', 338, 'walking', 10.00, 17, 17, NULL, NULL),
('glittering-cave', 696, 'gift', 100.00, 20, 20, NULL, NULL),
('glittering-cave', 698, 'gift', 100.00, 20, 20, NULL, NULL),
('glittering-cave', 95, 'rock_smash', 35.00, 15, 17, NULL, NULL),
('glittering-cave', 557, 'rock_smash', 65.00, 15, 17, NULL, NULL),
('route-10', 133, 'walking', 25.00, 19, 21, NULL, NULL),
('route-10', 209, 'walking', 40.00, 19, 21, NULL, NULL),
('route-10', 309, 'walking', 30.00, 19, 21, NULL, NULL),
('route-10', 561, 'walking', 30.00, 19, 21, NULL, NULL),
('route-10', 587, 'walking', 10.00, 19, 20, NULL, NULL),
('route-10', 622, 'walking', 40.00, 19, 21, NULL, NULL),
('route-10', 701, 'walking', 25.00, 19, 21, NULL, NULL),
('route-11', 30, 'walking', 5.00, 21, 21, NULL, NULL),
('route-11', 33, 'walking', 10.00, 21, 21, NULL, NULL),
('route-11', 297, 'walking', 20.00, 22, 23, NULL, NULL),
('route-11', 397, 'walking', 20.00, 22, 23, NULL, NULL),
('route-11', 433, 'walking', 10.00, 21, 21, NULL, NULL),
('route-11', 434, 'walking', 10.00, 21, 21, NULL, NULL),
('route-11', 538, 'walking', 20.00, 22, 23, NULL, NULL),
('route-11', 702, 'walking', 5.00, 21, 22, NULL, NULL),
('reflection-cave', 122, 'walking', 80.00, 22, 23, NULL, NULL),
('reflection-cave', 202, 'walking', 40.00, 22, 22, NULL, NULL),
('reflection-cave', 302, 'walking', 20.00, 22, 23, NULL, NULL),
('reflection-cave', 433, 'walking', 60.00, 21, 22, NULL, NULL),
('reflection-cave', 524, 'walking', 80.00, 21, 22, NULL, NULL),
('reflection-cave', 577, 'walking', 80.00, 22, 23, NULL, NULL),
('reflection-cave', 703, 'walking', 40.00, 23, 23, NULL, NULL),
('route-12', 72, 'surfing', 84.00, 25, 27, NULL, NULL),
('route-12', 79, 'walking', 40.00, 23, 27, NULL, NULL),
('route-12', 102, 'walking', 20.00, 24, 26, NULL, NULL),
('route-12', 128, 'walking', 40.00, 25, 27, NULL, NULL),
('route-12', 131, 'surfing', 1.00, 27, 27, NULL, NULL),
('route-12', 131, 'gift', 100.00, 30, 30, NULL, NULL),
('route-12', 214, 'walking', 10.00, 25, 27, NULL, NULL),
('route-12', 222, 'fishing_super', 60.00, 35, 35, NULL, NULL),
('route-12', 223, 'fishing_good', 65.00, 25, 25, NULL, NULL),
('route-12', 224, 'fishing_super', 35.00, 35, 35, NULL, NULL),
('route-12', 241, 'walking', 40.00, 25, 27, NULL, NULL),
('route-12', 366, 'fishing_good', 35.00, 25, 25, NULL, NULL),
('route-12', 368, 'fishing_super', 5.00, 35, 35, NULL, NULL),
('route-12', 370, 'fishing_old', 100.00, 15, 15, NULL, NULL),
('route-12', 417, 'walking', 10.00, 23, 26, NULL, NULL),
('route-12', 441, 'walking', 40.00, 23, 27, NULL, NULL),
('route-12', 458, 'surfing', 15.00, 27, 27, NULL, NULL),
('route-12', 557, 'rock_smash', 66.00, 23, 25, NULL, NULL),
('route-12', 688, 'rock_smash', 34.00, 23, 25, NULL, NULL),
('route-13', 51, 'walking', 40.00, 26, 28, NULL, NULL),
('route-13', 75, 'rock_smash', 66.00, 26, 28, NULL, NULL),
('route-13', 218, 'rock_smash', 34.00, 26, 28, NULL, NULL),
('route-13', 328, 'walking', 40.00, 26, 28, NULL, NULL),
('route-13', 443, 'walking', 20.00, 26, 28, NULL, NULL),
('route-14', 60, 'fishing_old', 100.00, 15, 15, NULL, NULL),
('route-14', 61, 'fishing_good', 35.00, 35, 35, NULL, NULL),
('route-14', 61, 'fishing_super', 65.00, 35, 35, NULL, NULL),
('route-14', 70, 'walking', 20.00, 31, 32, NULL, NULL),
('route-14', 93, 'walking', 10.00, 31, 31, NULL, NULL),
('route-14', 195, 'walking', 40.00, 30, 32, NULL, NULL),
('route-14', 195, 'surfing', 50.00, 30, 30, NULL, NULL),
('route-14', 339, 'fishing_good', 65.00, 25, 35, NULL, NULL),
('route-14', 340, 'fishing_super', 35.00, 35, 35, NULL, NULL),
('route-14', 451, 'walking', 20.00, 30, 31, NULL, NULL),
('route-14', 455, 'walking', 20.00, 30, 32, NULL, NULL),
('route-14', 588, 'walking', 20.00, 30, 30, NULL, NULL),
('route-14', 616, 'walking', 20.00, 30, 30, NULL, NULL),
('route-14', 618, 'walking', 20.00, 31, 32, NULL, NULL),
('route-14', 618, 'surfing', 35.00, 30, 32, NULL, NULL),
('route-14', 704, 'walking', 30.00, 30, 32, NULL, NULL),
('route-14', 704, 'surfing', 15.00, 31, 31, NULL, NULL),
('route-15', 60, 'fishing_old', 100.00, 15, 15, NULL, NULL),
('route-15', 61, 'fishing_good', 35.00, 25, 25, NULL, NULL),
('route-15', 61, 'fishing_super', 65.00, 35, 35, NULL, NULL),
('route-15', 271, 'surfing', 66.00, 34, 36, NULL, NULL),
('route-15', 419, 'surfing', 34.00, 34, 36, NULL, NULL),
('route-15', 451, 'walking', 30.00, 34, 36, NULL, NULL),
('route-15', 505, 'walking', 40.00, 34, 36, NULL, NULL),
('route-15', 510, 'walking', 40.00, 34, 36, NULL, NULL),
('route-15', 550, 'fishing_good', 65.00, 25, 25, NULL, NULL),
('route-15', 590, 'walking', 40.00, 34, 35, NULL, NULL),
('route-15', 624, 'walking', 30.00, 34, 36, NULL, NULL),
('route-15', 707, 'walking', 20.00, 34, 36, NULL, NULL),
('route-15', 10016, 'fishing_super', 35.00, 35, 35, NULL, NULL),
('lost-hotel', 82, 'walking', 20.00, 37, 38, NULL, NULL),
('lost-hotel', 101, 'walking', 20.00, 37, 38, NULL, NULL),
('lost-hotel', 607, 'walking', 20.00, 37, 38, NULL, NULL),
('lost-hotel', 624, 'walking', 20.00, 36, 37, NULL, NULL),
('lost-hotel', 707, 'walking', 20.00, 36, 38, NULL, NULL),
('route-16', 60, 'fishing_old', 100.00, 15, 15, NULL, NULL),
('route-16', 61, 'fishing_good', 35.00, 25, 25, NULL, NULL),
('route-16', 61, 'fishing_super', 65.00, 35, 35, NULL, NULL),
('route-16', 70, 'walking', 20.00, 35, 36, NULL, NULL),
('route-16', 271, 'surfing', 66.00, 34, 36, NULL, NULL),
('route-16', 419, 'walking', 20.00, 35, 36, NULL, NULL),
('route-16', 419, 'surfing', 34.00, 34, 36, NULL, NULL),
('route-16', 451, 'walking', 20.00, 34, 35, NULL, NULL),
('route-16', 550, 'fishing_good', 65.00, 25, 25, NULL, NULL),
('route-16', 590, 'walking', 40.00, 34, 36, NULL, NULL),
('route-16', 707, 'walking', 19.00, 34, 36, NULL, NULL),
('route-16', 708, 'walking', 20.00, 35, 35, NULL, NULL),
('route-16', 710, 'walking', 30.00, 34, 35, NULL, NULL),
('route-16', 10016, 'fishing_super', 35.00, 35, 35, NULL, NULL),
('route-16', 10027, 'walking', 20.00, 35, 36, NULL, NULL),
('route-16', 10028, 'walking', 10.00, 36, 36, NULL, NULL),
('route-16', 10029, 'walking', 1.00, 36, 36, NULL, NULL),
('frost-cavern', 60, 'fishing_old', 200.00, 20, 20, NULL, NULL),
('frost-cavern', 61, 'surfing', 132.00, 38, 40, NULL, NULL),
('frost-cavern', 61, 'fishing_good', 70.00, 30, 30, NULL, NULL),
('frost-cavern', 61, 'fishing_super', 130.00, 40, 40, NULL, NULL),
('frost-cavern', 419, 'surfing', 68.00, 38, 40, NULL, NULL),
('frost-cavern', 550, 'fishing_good', 130.00, 30, 30, NULL, NULL),
('frost-cavern', 10016, 'fishing_super', 70.00, 40, 40, NULL, NULL),
('frost-cavern', 93, 'walking', 68.00, 38, 40, NULL, NULL),
('frost-cavern', 124, 'walking', 80.00, 39, 40, NULL, NULL),
('frost-cavern', 221, 'walking', 80.00, 38, 39, NULL, NULL),
('frost-cavern', 614, 'walking', 80.00, 39, 40, NULL, NULL),
('frost-cavern', 615, 'walking', 12.00, 40, 40, NULL, NULL),
('frost-cavern', 712, 'walking', 80.00, 39, 40, NULL, NULL),
('route-17', 215, 'walking', 29.00, 38, 40, NULL, NULL),
('route-17', 225, 'walking', 40.00, 38, 40, NULL, NULL),
('route-17', 459, 'walking', 30.00, 38, 39, NULL, NULL),
('route-17', 460, 'walking', 1.00, 40, 40, NULL, NULL),
('route-18', 28, 'walking', 30.00, 44, 46, NULL, NULL),
('route-18', 75, 'walking', 30.00, 45, 46, NULL, NULL),
('route-18', 75, 'rock_smash', 95.00, 44, 46, NULL, NULL),
('route-18', 213, 'rock_smash', 5.00, 44, 46, NULL, NULL),
('route-18', 247, 'walking', 40.00, 44, 46, NULL, NULL),
('route-18', 324, 'walking', 30.00, 44, 46, NULL, NULL),
('route-18', 533, 'walking', 40.00, 44, 46, NULL, NULL),
('route-18', 631, 'walking', 10.00, 45, 46, NULL, NULL),
('route-18', 632, 'walking', 20.00, 44, 44, NULL, NULL),
('terminus-cave', 28, 'walking', 80.00, 45, 46, NULL, NULL),
('terminus-cave', 75, 'walking', 80.00, 44, 46, NULL, NULL),
('terminus-cave', 75, 'rock_smash', 285.00, 44, 46, NULL, NULL),
('terminus-cave', 213, 'rock_smash', 15.00, 44, 46, NULL, NULL),
('terminus-cave', 247, 'walking', 80.00, 45, 46, NULL, NULL),
('terminus-cave', 632, 'walking', 160.00, 44, 46, NULL, NULL),
('route-19', 60, 'fishing_old', 100.00, 25, 25, NULL, NULL),
('route-19', 61, 'fishing_good', 35.00, 35, 35, NULL, NULL),
('route-19', 61, 'fishing_super', 60.00, 45, 45, NULL, NULL),
('route-19', 70, 'walking', 30.00, 46, 48, NULL, NULL),
('route-19', 93, 'walking', 15.00, 47, 47, NULL, NULL),
('route-19', 186, 'fishing_super', 5.00, 50, 50, NULL, NULL),
('route-19', 195, 'walking', 70.00, 46, 48, NULL, NULL),
('route-19', 195, 'surfing', 50.00, 46, 46, NULL, NULL),
('route-19', 339, 'fishing_good', 65.00, 35, 35, NULL, NULL),
('route-19', 340, 'fishing_super', 35.00, 45, 45, NULL, NULL),
('route-19', 452, 'walking', 40.00, 46, 48, NULL, NULL),
('route-19', 455, 'walking', 15.00, 46, 48, NULL, NULL),
('route-19', 588, 'walking', 30.00, 47, 47, NULL, NULL),
('route-19', 616, 'walking', 30.00, 47, 47, NULL, NULL),
('route-19', 618, 'walking', 20.00, 47, 48, NULL, NULL),
('route-19', 618, 'surfing', 34.00, 46, 48, NULL, NULL),
('route-19', 705, 'walking', 50.00, 46, 48, NULL, NULL),
('route-19', 705, 'surfing', 16.00, 47, 48, NULL, NULL),
('route-20', 39, 'walking', 30.00, 48, 50, NULL, NULL),
('route-20', 164, 'walking', 40.00, 48, 50, NULL, NULL),
('route-20', 571, 'walking', 10.00, 48, 50, NULL, NULL),
('route-20', 575, 'walking', 40.00, 48, 50, NULL, NULL),
('route-20', 591, 'walking', 50.00, 48, 50, NULL, NULL),
('route-20', 709, 'walking', 30.00, 48, 50, NULL, NULL),
('pokemon-village', 39, 'walking', 30.00, 48, 50, NULL, NULL),
('pokemon-village', 60, 'fishing_old', 100.00, 30, 30, NULL, NULL),
('pokemon-village', 61, 'surfing', 34.00, 48, 50, NULL, NULL),
('pokemon-village', 61, 'fishing_good', 35.00, 40, 40, NULL, NULL),
('pokemon-village', 61, 'fishing_super', 65.00, 50, 50, NULL, NULL),
('pokemon-village', 132, 'walking', 30.00, 48, 50, NULL, NULL),
('pokemon-village', 164, 'walking', 40.00, 48, 50, NULL, NULL),
('pokemon-village', 271, 'surfing', 66.00, 48, 50, NULL, NULL),
('pokemon-village', 550, 'fishing_good', 65.00, 40, 40, NULL, NULL),
('pokemon-village', 571, 'walking', 20.00, 48, 50, NULL, NULL),
('pokemon-village', 575, 'walking', 40.00, 48, 50, NULL, NULL),
('pokemon-village', 591, 'walking', 40.00, 49, 50, NULL, NULL),
('pokemon-village', 10016, 'fishing_super', 35.00, 50, 50, NULL, NULL),
('route-21', 60, 'fishing_old', 100.00, 30, 30, NULL, NULL),
('route-21', 61, 'fishing_good', 35.00, 40, 40, NULL, NULL),
('route-21', 61, 'fishing_super', 60.00, 50, 50, NULL, NULL),
('route-21', 123, 'walking', 20.00, 50, 52, NULL, NULL),
('route-21', 147, 'fishing_good', 5.00, 40, 40, NULL, NULL),
('route-21', 148, 'fishing_super', 5.00, 50, 50, NULL, NULL),
('route-21', 217, 'walking', 50.00, 50, 52, NULL, NULL),
('route-21', 271, 'surfing', 66.00, 50, 52, NULL, NULL),
('route-21', 327, 'walking', 40.00, 50, 52, NULL, NULL),
('route-21', 334, 'walking', 40.00, 50, 51, NULL, NULL),
('route-21', 419, 'walking', 50.00, 50, 52, NULL, NULL),
('route-21', 419, 'surfing', 34.00, 50, 52, NULL, NULL),
('route-21', 550, 'fishing_good', 60.00, 40, 40, NULL, NULL),
('route-21', 550, 'fishing_super', 35.00, 50, 50, NULL, NULL),
('victory-road', 60, 'fishing_old', 300.00, 35, 35, NULL, NULL),
('victory-road', 61, 'surfing', 132.00, 57, 59, NULL, NULL),
('victory-road', 61, 'fishing_good', 105.00, 45, 45, NULL, NULL),
('victory-road', 61, 'fishing_super', 190.00, 55, 55, NULL, NULL),
('victory-road', 75, 'walking', 80.00, 57, 58, NULL, NULL),
('victory-road', 75, 'rock_smash', 190.00, 57, 59, NULL, NULL),
('victory-road', 93, 'walking', 40.00, 58, 58, NULL, NULL),
('victory-road', 108, 'walking', 60.00, 58, 59, NULL, NULL),
('victory-road', 213, 'rock_smash', 10.00, 57, 59, NULL, NULL),
('victory-road', 419, 'surfing', 102.00, 57, 59, NULL, NULL),
('victory-road', 533, 'walking', 120.00, 57, 59, NULL, NULL),
('victory-road', 550, 'fishing_good', 195.00, 45, 45, NULL, NULL),
('victory-road', 621, 'walking', 80.00, 58, 59, NULL, NULL),
('victory-road', 634, 'walking', 20.00, 59, 59, NULL, NULL),
('victory-road', 10016, 'fishing_super', 105.00, 55, 55, NULL, NULL),
('victory-road', 271, 'surfing', 66.00, 57, 59, NULL, NULL),
('victory-road', 62, 'fishing_super', 5.00, 60, 60, NULL, NULL),
('route-22', 54, 'walking', 30.00, 6, 26, NULL, NULL),
('route-22', 54, 'surfing', 95.00, 25, 27, NULL, NULL),
('route-22', 83, 'walking', 20.00, 7, 26, NULL, NULL),
('route-22', 118, 'fishing_good', 65.00, 25, 25, NULL, NULL),
('route-22', 119, 'fishing_super', 35.00, 35, 35, NULL, NULL),
('route-22', 129, 'fishing_old', 100.00, 15, 15, NULL, NULL),
('route-22', 130, 'fishing_super', 60.00, 35, 35, NULL, NULL),
('route-22', 184, 'walking', 20.00, 25, 26, NULL, NULL),
('route-22', 184, 'surfing', 5.00, 25, 27, NULL, NULL),
('route-22', 206, 'walking', 10.00, 7, 26, NULL, NULL),
('route-22', 298, 'walking', 20.00, 6, 7, NULL, NULL),
('route-22', 318, 'fishing_good', 35.00, 25, 25, NULL, NULL),
('route-22', 319, 'fishing_super', 5.00, 35, 35, NULL, NULL),
('route-22', 399, 'walking', 10.00, 6, 6, NULL, NULL),
('route-22', 400, 'walking', 20.00, 26, 27, NULL, NULL),
('route-22', 447, 'walking', 10.00, 6, 26, NULL, NULL),
('route-22', 659, 'walking', 20.00, 5, 6, NULL, NULL),
('route-22', 660, 'walking', 10.00, 27, 27, NULL, NULL),
('route-22', 667, 'walking', 30.00, 5, 25, NULL, NULL);

INSERT INTO public.encounters (route_id, pokemon_national_dex_id, method, encounter_rate, level_min, level_max, conditions, version_exclusive)
SELECT r.id, e.dex, e.method, e.rate, e.lmin, e.lmax, NULLIF(e.cond, ''), NULLIF(e.ver_excl, '')
FROM _enc e JOIN public.routes r ON r.slug = e.slug AND r.game_id = 'e7f8a9b0-c1d2-3456-e789-012345678901';

DROP TABLE _enc;

-- ===========================================
-- STEP 5: BOSS TRAINERS
-- ===========================================

-- Viola (Gym Leader)
DO $$
DECLARE
  v_trainer_id UUID;
  v_route_id UUID;
BEGIN
  SELECT id INTO v_route_id FROM public.routes WHERE slug = 'santalune-city' AND game_id = 'e7f8a9b0-c1d2-3456-e789-012345678901';
  INSERT INTO public.trainers (route_id, name, trainer_class, is_boss, boss_type, level_cap, display_order, notes)
  VALUES (v_route_id, 'Viola', 'Gym Leader', true, 'gym_leader', 12, 1, 'Bug-type specialist. Bug Badge.')
  RETURNING id INTO v_trainer_id;

  INSERT INTO public.trainer_pokemon (trainer_id, pokemon_national_dex_id, level, slot_order, moves, ability, held_item, nature)
  VALUES (v_trainer_id, 283, 10, 1, '["Quick Attack", "Bubble", "Water Sport"]'::jsonb, 'Swift Swim', NULL, NULL);
  INSERT INTO public.trainer_pokemon (trainer_id, pokemon_national_dex_id, level, slot_order, moves, ability, held_item, nature)
  VALUES (v_trainer_id, 666, 12, 2, '["Tackle", "Infestation", "Harden"]'::jsonb, 'Shield Dust', NULL, NULL);
END $$;

-- Grant (Gym Leader)
DO $$
DECLARE
  v_trainer_id UUID;
  v_route_id UUID;
BEGIN
  SELECT id INTO v_route_id FROM public.routes WHERE slug = 'cyllage-city' AND game_id = 'e7f8a9b0-c1d2-3456-e789-012345678901';
  INSERT INTO public.trainers (route_id, name, trainer_class, is_boss, boss_type, level_cap, display_order, notes)
  VALUES (v_route_id, 'Grant', 'Gym Leader', true, 'gym_leader', 25, 2, 'Rock-type specialist. Cliff Badge.')
  RETURNING id INTO v_trainer_id;

  INSERT INTO public.trainer_pokemon (trainer_id, pokemon_national_dex_id, level, slot_order, moves, ability, held_item, nature)
  VALUES (v_trainer_id, 698, 25, 1, '["Aurora Beam", "Rock Tomb", "Thunder Wave", "Take Down"]'::jsonb, 'Refrigerate', NULL, NULL);
  INSERT INTO public.trainer_pokemon (trainer_id, pokemon_national_dex_id, level, slot_order, moves, ability, held_item, nature)
  VALUES (v_trainer_id, 696, 25, 2, '["Rock Tomb", "Bite", "Stomp"]'::jsonb, 'Strong Jaw', NULL, NULL);
END $$;

-- Korrina (Gym Leader)
DO $$
DECLARE
  v_trainer_id UUID;
  v_route_id UUID;
BEGIN
  SELECT id INTO v_route_id FROM public.routes WHERE slug = 'shalour-city' AND game_id = 'e7f8a9b0-c1d2-3456-e789-012345678901';
  INSERT INTO public.trainers (route_id, name, trainer_class, is_boss, boss_type, level_cap, display_order, notes)
  VALUES (v_route_id, 'Korrina', 'Gym Leader', true, 'gym_leader', 32, 3, 'Fighting-type specialist. Rumble Badge.')
  RETURNING id INTO v_trainer_id;

  INSERT INTO public.trainer_pokemon (trainer_id, pokemon_national_dex_id, level, slot_order, moves, ability, held_item, nature)
  VALUES (v_trainer_id, 619, 29, 1, '["Power-Up Punch", "Fake Out", "Double Slap"]'::jsonb, 'Regenerator', NULL, NULL);
  INSERT INTO public.trainer_pokemon (trainer_id, pokemon_national_dex_id, level, slot_order, moves, ability, held_item, nature)
  VALUES (v_trainer_id, 67, 28, 2, '["Power-Up Punch", "Rock Tomb", "Leer"]'::jsonb, 'Guts', NULL, NULL);
  INSERT INTO public.trainer_pokemon (trainer_id, pokemon_national_dex_id, level, slot_order, moves, ability, held_item, nature)
  VALUES (v_trainer_id, 701, 32, 3, '["Flying Press", "Hone Claws", "Power-Up Punch"]'::jsonb, 'Unburden', NULL, NULL);
END $$;

-- Ramos (Gym Leader)
DO $$
DECLARE
  v_trainer_id UUID;
  v_route_id UUID;
BEGIN
  SELECT id INTO v_route_id FROM public.routes WHERE slug = 'coumarine-city' AND game_id = 'e7f8a9b0-c1d2-3456-e789-012345678901';
  INSERT INTO public.trainers (route_id, name, trainer_class, is_boss, boss_type, level_cap, display_order, notes)
  VALUES (v_route_id, 'Ramos', 'Gym Leader', true, 'gym_leader', 34, 4, 'Grass-type specialist. Plant Badge.')
  RETURNING id INTO v_trainer_id;

  INSERT INTO public.trainer_pokemon (trainer_id, pokemon_national_dex_id, level, slot_order, moves, ability, held_item, nature)
  VALUES (v_trainer_id, 189, 30, 1, '["Grass Knot", "Acrobatics", "Leech Seed"]'::jsonb, 'Chlorophyll', NULL, NULL);
  INSERT INTO public.trainer_pokemon (trainer_id, pokemon_national_dex_id, level, slot_order, moves, ability, held_item, nature)
  VALUES (v_trainer_id, 70, 31, 2, '["Grass Knot", "Acid", "Poison Powder", "Gastro Acid"]'::jsonb, 'Chlorophyll', NULL, NULL);
  INSERT INTO public.trainer_pokemon (trainer_id, pokemon_national_dex_id, level, slot_order, moves, ability, held_item, nature)
  VALUES (v_trainer_id, 673, 34, 3, '["Grass Knot", "Bulldoze", "Take Down"]'::jsonb, 'Sap Sipper', NULL, NULL);
END $$;

-- Clemont (Gym Leader)
DO $$
DECLARE
  v_trainer_id UUID;
  v_route_id UUID;
BEGIN
  SELECT id INTO v_route_id FROM public.routes WHERE slug = 'lumiose-city' AND game_id = 'e7f8a9b0-c1d2-3456-e789-012345678901';
  INSERT INTO public.trainers (route_id, name, trainer_class, is_boss, boss_type, level_cap, display_order, notes)
  VALUES (v_route_id, 'Clemont', 'Gym Leader', true, 'gym_leader', 37, 5, 'Electric-type specialist. Voltage Badge.')
  RETURNING id INTO v_trainer_id;

  INSERT INTO public.trainer_pokemon (trainer_id, pokemon_national_dex_id, level, slot_order, moves, ability, held_item, nature)
  VALUES (v_trainer_id, 587, 35, 1, '["Volt Switch", "Quick Attack", "Aerial Ace"]'::jsonb, 'Static', NULL, NULL);
  INSERT INTO public.trainer_pokemon (trainer_id, pokemon_national_dex_id, level, slot_order, moves, ability, held_item, nature)
  VALUES (v_trainer_id, 82, 35, 2, '["Thunderbolt", "Electric Terrain", "Mirror Shot"]'::jsonb, 'Sturdy', NULL, NULL);
  INSERT INTO public.trainer_pokemon (trainer_id, pokemon_national_dex_id, level, slot_order, moves, ability, held_item, nature)
  VALUES (v_trainer_id, 695, 37, 3, '["Thunderbolt", "Quick Attack", "Grass Knot"]'::jsonb, 'Dry Skin', NULL, NULL);
END $$;

-- Valerie (Gym Leader)
DO $$
DECLARE
  v_trainer_id UUID;
  v_route_id UUID;
BEGIN
  SELECT id INTO v_route_id FROM public.routes WHERE slug = 'laverre-city' AND game_id = 'e7f8a9b0-c1d2-3456-e789-012345678901';
  INSERT INTO public.trainers (route_id, name, trainer_class, is_boss, boss_type, level_cap, display_order, notes)
  VALUES (v_route_id, 'Valerie', 'Gym Leader', true, 'gym_leader', 42, 6, 'Fairy-type specialist. Fairy Badge.')
  RETURNING id INTO v_trainer_id;

  INSERT INTO public.trainer_pokemon (trainer_id, pokemon_national_dex_id, level, slot_order, moves, ability, held_item, nature)
  VALUES (v_trainer_id, 303, 38, 1, '["Feint Attack", "Crunch", "Iron Defense"]'::jsonb, 'Hyper Cutter', NULL, NULL);
  INSERT INTO public.trainer_pokemon (trainer_id, pokemon_national_dex_id, level, slot_order, moves, ability, held_item, nature)
  VALUES (v_trainer_id, 122, 39, 2, '["Light Screen", "Reflect", "Psychic", "Dazzling Gleam"]'::jsonb, 'Soundproof', NULL, NULL);
  INSERT INTO public.trainer_pokemon (trainer_id, pokemon_national_dex_id, level, slot_order, moves, ability, held_item, nature)
  VALUES (v_trainer_id, 700, 42, 3, '["Dazzling Gleam", "Quick Attack", "Swift", "Charm"]'::jsonb, 'Cute Charm', NULL, NULL);
END $$;

-- Olympia (Gym Leader)
DO $$
DECLARE
  v_trainer_id UUID;
  v_route_id UUID;
BEGIN
  SELECT id INTO v_route_id FROM public.routes WHERE slug = 'anistar-city' AND game_id = 'e7f8a9b0-c1d2-3456-e789-012345678901';
  INSERT INTO public.trainers (route_id, name, trainer_class, is_boss, boss_type, level_cap, display_order, notes)
  VALUES (v_route_id, 'Olympia', 'Gym Leader', true, 'gym_leader', 48, 7, 'Psychic-type specialist. Psychic Badge.')
  RETURNING id INTO v_trainer_id;

  INSERT INTO public.trainer_pokemon (trainer_id, pokemon_national_dex_id, level, slot_order, moves, ability, held_item, nature)
  VALUES (v_trainer_id, 561, 44, 1, '["Psychic", "Air Slash", "Light Screen", "Reflect"]'::jsonb, 'Magic Guard', NULL, NULL);
  INSERT INTO public.trainer_pokemon (trainer_id, pokemon_national_dex_id, level, slot_order, moves, ability, held_item, nature)
  VALUES (v_trainer_id, 199, 45, 2, '["Psychic", "Calm Mind", "Power Gem", "Yawn"]'::jsonb, 'Oblivious', NULL, NULL);
  INSERT INTO public.trainer_pokemon (trainer_id, pokemon_national_dex_id, level, slot_order, moves, ability, held_item, nature)
  VALUES (v_trainer_id, 678, 48, 3, '["Psychic", "Calm Mind", "Fake Out", "Shadow Ball"]'::jsonb, 'Infiltrator', NULL, NULL);
END $$;

-- Wulfric (Gym Leader)
DO $$
DECLARE
  v_trainer_id UUID;
  v_route_id UUID;
BEGIN
  SELECT id INTO v_route_id FROM public.routes WHERE slug = 'snowbelle-city' AND game_id = 'e7f8a9b0-c1d2-3456-e789-012345678901';
  INSERT INTO public.trainers (route_id, name, trainer_class, is_boss, boss_type, level_cap, display_order, notes)
  VALUES (v_route_id, 'Wulfric', 'Gym Leader', true, 'gym_leader', 59, 8, 'Ice-type specialist. Iceberg Badge.')
  RETURNING id INTO v_trainer_id;

  INSERT INTO public.trainer_pokemon (trainer_id, pokemon_national_dex_id, level, slot_order, moves, ability, held_item, nature)
  VALUES (v_trainer_id, 460, 56, 1, '["Ice Beam", "Ice Shard", "Energy Ball"]'::jsonb, 'Snow Warning', NULL, NULL);
  INSERT INTO public.trainer_pokemon (trainer_id, pokemon_national_dex_id, level, slot_order, moves, ability, held_item, nature)
  VALUES (v_trainer_id, 615, 55, 2, '["Ice Beam", "Confuse Ray", "Flash Cannon", "Hail"]'::jsonb, 'Levitate', NULL, NULL);
  INSERT INTO public.trainer_pokemon (trainer_id, pokemon_national_dex_id, level, slot_order, moves, ability, held_item, nature)
  VALUES (v_trainer_id, 713, 59, 3, '["Avalanche", "Crunch", "Curse", "Gyro Ball"]'::jsonb, 'Ice Body', NULL, NULL);
END $$;

-- Malva (Elite Four)
DO $$
DECLARE
  v_trainer_id UUID;
  v_route_id UUID;
BEGIN
  SELECT id INTO v_route_id FROM public.routes WHERE slug = 'pokemon-league' AND game_id = 'e7f8a9b0-c1d2-3456-e789-012345678901';
  INSERT INTO public.trainers (route_id, name, trainer_class, is_boss, boss_type, level_cap, display_order, notes)
  VALUES (v_route_id, 'Malva', 'Elite Four', true, 'elite_four', 65, 1, 'Fire-type specialist.')
  RETURNING id INTO v_trainer_id;

  INSERT INTO public.trainer_pokemon (trainer_id, pokemon_national_dex_id, level, slot_order, moves, ability, held_item, nature)
  VALUES (v_trainer_id, 668, 63, 1, '["Hyper Voice", "Noble Roar", "Flamethrower", "Wild Charge"]'::jsonb, 'Rivalry', NULL, NULL);
  INSERT INTO public.trainer_pokemon (trainer_id, pokemon_national_dex_id, level, slot_order, moves, ability, held_item, nature)
  VALUES (v_trainer_id, 324, 63, 2, '["Curse", "Flame Wheel", "Stone Edge", "Earthquake"]'::jsonb, 'White Smoke', NULL, NULL);
  INSERT INTO public.trainer_pokemon (trainer_id, pokemon_national_dex_id, level, slot_order, moves, ability, held_item, nature)
  VALUES (v_trainer_id, 609, 63, 3, '["Flamethrower", "Confuse Ray", "Confide", "Shadow Ball"]'::jsonb, 'Flame Body', NULL, NULL);
  INSERT INTO public.trainer_pokemon (trainer_id, pokemon_national_dex_id, level, slot_order, moves, ability, held_item, nature)
  VALUES (v_trainer_id, 663, 65, 4, '["Quick Attack", "Brave Bird", "Flare Blitz", "Flail"]'::jsonb, 'Flame Body', NULL, NULL);
END $$;

-- Siebold (Elite Four)
DO $$
DECLARE
  v_trainer_id UUID;
  v_route_id UUID;
BEGIN
  SELECT id INTO v_route_id FROM public.routes WHERE slug = 'pokemon-league' AND game_id = 'e7f8a9b0-c1d2-3456-e789-012345678901';
  INSERT INTO public.trainers (route_id, name, trainer_class, is_boss, boss_type, level_cap, display_order, notes)
  VALUES (v_route_id, 'Siebold', 'Elite Four', true, 'elite_four', 65, 2, 'Water-type specialist.')
  RETURNING id INTO v_trainer_id;

  INSERT INTO public.trainer_pokemon (trainer_id, pokemon_national_dex_id, level, slot_order, moves, ability, held_item, nature)
  VALUES (v_trainer_id, 693, 63, 1, '["Dragon Pulse", "Water Pulse", "Aura Sphere", "Dark Pulse"]'::jsonb, 'Mega Launcher', NULL, NULL);
  INSERT INTO public.trainer_pokemon (trainer_id, pokemon_national_dex_id, level, slot_order, moves, ability, held_item, nature)
  VALUES (v_trainer_id, 121, 63, 2, '["Psychic", "Light Screen", "Surf", "Dazzling Gleam"]'::jsonb, 'Illuminate', NULL, NULL);
  INSERT INTO public.trainer_pokemon (trainer_id, pokemon_national_dex_id, level, slot_order, moves, ability, held_item, nature)
  VALUES (v_trainer_id, 130, 63, 3, '["Waterfall", "Ice Fang", "Dragon Dance", "Earthquake"]'::jsonb, 'Intimidate', NULL, NULL);
  INSERT INTO public.trainer_pokemon (trainer_id, pokemon_national_dex_id, level, slot_order, moves, ability, held_item, nature)
  VALUES (v_trainer_id, 689, 65, 4, '["Stone Edge", "Razor Shell", "Cross Chop", "X-Scissor"]'::jsonb, 'Tough Claws', NULL, NULL);
END $$;

-- Wikstrom (Elite Four)
DO $$
DECLARE
  v_trainer_id UUID;
  v_route_id UUID;
BEGIN
  SELECT id INTO v_route_id FROM public.routes WHERE slug = 'pokemon-league' AND game_id = 'e7f8a9b0-c1d2-3456-e789-012345678901';
  INSERT INTO public.trainers (route_id, name, trainer_class, is_boss, boss_type, level_cap, display_order, notes)
  VALUES (v_route_id, 'Wikstrom', 'Elite Four', true, 'elite_four', 65, 3, 'Steel-type specialist.')
  RETURNING id INTO v_trainer_id;

  INSERT INTO public.trainer_pokemon (trainer_id, pokemon_national_dex_id, level, slot_order, moves, ability, held_item, nature)
  VALUES (v_trainer_id, 707, 63, 1, '["Spikes", "Torment", "Dazzling Gleam", "Flash Cannon"]'::jsonb, 'Prankster', NULL, NULL);
  INSERT INTO public.trainer_pokemon (trainer_id, pokemon_national_dex_id, level, slot_order, moves, ability, held_item, nature)
  VALUES (v_trainer_id, 476, 63, 2, '["Power Gem", "Earth Power", "Flash Cannon", "Discharge"]'::jsonb, 'Sturdy', NULL, NULL);
  INSERT INTO public.trainer_pokemon (trainer_id, pokemon_national_dex_id, level, slot_order, moves, ability, held_item, nature)
  VALUES (v_trainer_id, 212, 63, 3, '["X-Scissor", "Iron Head", "Bullet Punch", "Night Slash"]'::jsonb, 'Technician', NULL, NULL);
  INSERT INTO public.trainer_pokemon (trainer_id, pokemon_national_dex_id, level, slot_order, moves, ability, held_item, nature)
  VALUES (v_trainer_id, 681, 65, 4, '["Sacred Sword", "Iron Head", "King''s Shield", "Shadow Claw"]'::jsonb, 'Stance Change', NULL, NULL);
END $$;

-- Drasna (Elite Four)
DO $$
DECLARE
  v_trainer_id UUID;
  v_route_id UUID;
BEGIN
  SELECT id INTO v_route_id FROM public.routes WHERE slug = 'pokemon-league' AND game_id = 'e7f8a9b0-c1d2-3456-e789-012345678901';
  INSERT INTO public.trainers (route_id, name, trainer_class, is_boss, boss_type, level_cap, display_order, notes)
  VALUES (v_route_id, 'Drasna', 'Elite Four', true, 'elite_four', 65, 4, 'Dragon-type specialist.')
  RETURNING id INTO v_trainer_id;

  INSERT INTO public.trainer_pokemon (trainer_id, pokemon_national_dex_id, level, slot_order, moves, ability, held_item, nature)
  VALUES (v_trainer_id, 691, 63, 1, '["Sludge Bomb", "Surf", "Thunderbolt", "Dragon Pulse"]'::jsonb, 'Poison Point', NULL, NULL);
  INSERT INTO public.trainer_pokemon (trainer_id, pokemon_national_dex_id, level, slot_order, moves, ability, held_item, nature)
  VALUES (v_trainer_id, 334, 63, 2, '["Dragon Pulse", "Moonblast", "Sing", "Cotton Guard"]'::jsonb, 'Natural Cure', NULL, NULL);
  INSERT INTO public.trainer_pokemon (trainer_id, pokemon_national_dex_id, level, slot_order, moves, ability, held_item, nature)
  VALUES (v_trainer_id, 621, 63, 3, '["Dragon Tail", "Revenge", "Retaliate", "Chip Away"]'::jsonb, 'Rough Skin', NULL, NULL);
  INSERT INTO public.trainer_pokemon (trainer_id, pokemon_national_dex_id, level, slot_order, moves, ability, held_item, nature)
  VALUES (v_trainer_id, 715, 65, 4, '["Flamethrower", "Boomburst", "Air Slash", "Dragon Pulse"]'::jsonb, 'Frisk', NULL, NULL);
END $$;

-- Diantha (Champion)
DO $$
DECLARE
  v_trainer_id UUID;
  v_route_id UUID;
BEGIN
  SELECT id INTO v_route_id FROM public.routes WHERE slug = 'pokemon-league' AND game_id = 'e7f8a9b0-c1d2-3456-e789-012345678901';
  INSERT INTO public.trainers (route_id, name, trainer_class, is_boss, boss_type, level_cap, display_order, notes)
  VALUES (v_route_id, 'Diantha', 'Champion', true, 'champion', 68, 5, 'Kalos Champion. Gardevoir Mega Evolves.')
  RETURNING id INTO v_trainer_id;

  INSERT INTO public.trainer_pokemon (trainer_id, pokemon_national_dex_id, level, slot_order, moves, ability, held_item, nature)
  VALUES (v_trainer_id, 701, 64, 1, '["Poison Jab", "Flying Press", "Swords Dance", "X-Scissor"]'::jsonb, 'Limber', NULL, NULL);
  INSERT INTO public.trainer_pokemon (trainer_id, pokemon_national_dex_id, level, slot_order, moves, ability, held_item, nature)
  VALUES (v_trainer_id, 697, 65, 2, '["Head Smash", "Dragon Claw", "Earthquake", "Crunch"]'::jsonb, 'Strong Jaw', NULL, NULL);
  INSERT INTO public.trainer_pokemon (trainer_id, pokemon_national_dex_id, level, slot_order, moves, ability, held_item, nature)
  VALUES (v_trainer_id, 699, 65, 3, '["Thunder", "Blizzard", "Reflect", "Light Screen"]'::jsonb, 'Refrigerate', NULL, NULL);
  INSERT INTO public.trainer_pokemon (trainer_id, pokemon_national_dex_id, level, slot_order, moves, ability, held_item, nature)
  VALUES (v_trainer_id, 711, 65, 4, '["Trick-or-Treat", "Phantom Force", "Seed Bomb", "Shadow Sneak"]'::jsonb, 'Pickup', NULL, NULL);
  INSERT INTO public.trainer_pokemon (trainer_id, pokemon_national_dex_id, level, slot_order, moves, ability, held_item, nature)
  VALUES (v_trainer_id, 706, 66, 5, '["Focus Blast", "Dragon Pulse", "Fire Blast", "Muddy Water"]'::jsonb, 'Sap Sipper', NULL, NULL);
  INSERT INTO public.trainer_pokemon (trainer_id, pokemon_national_dex_id, level, slot_order, moves, ability, held_item, nature)
  VALUES (v_trainer_id, 282, 68, 6, '["Thunderbolt", "Moonblast", "Psychic", "Shadow Ball"]'::jsonb, 'Synchronize', 'Gardevoirite', NULL);
END $$;

-- Update total_routes count
UPDATE public.games SET total_routes = 53 WHERE id = 'e7f8a9b0-c1d2-3456-e789-012345678901';
-- ===========================================
-- POKEMON OMEGA RUBY: COMPLETE GAME DATA
-- Official Pokemon Game
-- Gen 6, Hoenn region
-- ===========================================
-- Game ID: f8a9b0c1-d2e3-4567-f890-123456789012
-- ===========================================

-- STEP 1: Insert the game
INSERT INTO public.games (id, slug, name, generation, region, base_game_slug, is_romhack, sprite_url, total_routes, description)
VALUES (
  'f8a9b0c1-d2e3-4567-f890-123456789012',
  'pokemon-omega-ruby',
  'Pokemon Omega Ruby',
  6,
  'Hoenn',
  NULL,
  false,
  'https://raw.githubusercontent.com/PokeAPI/sprites/master/sprites/pokemon/383.png',
  67,
  'Pokemon Omega Ruby for Nintendo 3DS. A remake of Ruby set in the Hoenn region with Mega Evolution and updated encounters.'
);

-- ===========================================
-- STEP 2: ALL ROUTES (67 total)
-- ===========================================

INSERT INTO public.routes (game_id, name, slug, display_order, route_type, has_encounters, has_trainers, has_items, notes) VALUES
('f8a9b0c1-d2e3-4567-f890-123456789012', 'Littleroot Town', 'littleroot-town', 1, 'city', true, false, false, 'Starter town. Choose Treecko, Torchic, or Mudkip.'),
('f8a9b0c1-d2e3-4567-f890-123456789012', 'Route 101', 'route-101', 2, 'route', true, false, false, NULL),
('f8a9b0c1-d2e3-4567-f890-123456789012', 'Oldale Town', 'oldale-town', 3, 'city', false, false, true, NULL),
('f8a9b0c1-d2e3-4567-f890-123456789012', 'Route 103', 'route-103', 4, 'route', true, true, false, NULL),
('f8a9b0c1-d2e3-4567-f890-123456789012', 'Route 102', 'route-102', 5, 'route', true, true, true, NULL),
('f8a9b0c1-d2e3-4567-f890-123456789012', 'Petalburg City', 'petalburg-city', 6, 'city', false, false, true, NULL),
('f8a9b0c1-d2e3-4567-f890-123456789012', 'Route 104 (South)', 'route-104-south', 7, 'route', true, true, true, NULL),
('f8a9b0c1-d2e3-4567-f890-123456789012', 'Petalburg Woods', 'petalburg-woods', 8, 'cave', true, true, true, NULL),
('f8a9b0c1-d2e3-4567-f890-123456789012', 'Route 104 (North)', 'route-104-north', 9, 'route', true, true, true, NULL),
('f8a9b0c1-d2e3-4567-f890-123456789012', 'Rustboro City', 'rustboro-city', 10, 'city', false, true, true, 'Gym Leader Roxanne. Rock-type specialist.'),
('f8a9b0c1-d2e3-4567-f890-123456789012', 'Route 116', 'route-116', 11, 'route', true, true, true, NULL),
('f8a9b0c1-d2e3-4567-f890-123456789012', 'Rusturf Tunnel', 'rusturf-tunnel', 12, 'cave', true, false, true, NULL),
('f8a9b0c1-d2e3-4567-f890-123456789012', 'Route 105', 'route-105', 13, 'water', true, true, false, NULL),
('f8a9b0c1-d2e3-4567-f890-123456789012', 'Dewford Town', 'dewford-town', 14, 'city', false, true, true, 'Gym Leader Brawly. Fighting-type specialist.'),
('f8a9b0c1-d2e3-4567-f890-123456789012', 'Granite Cave', 'granite-cave', 15, 'cave', true, false, true, NULL),
('f8a9b0c1-d2e3-4567-f890-123456789012', 'Route 106', 'route-106', 16, 'water', true, true, false, NULL),
('f8a9b0c1-d2e3-4567-f890-123456789012', 'Route 107', 'route-107', 17, 'water', true, true, false, NULL),
('f8a9b0c1-d2e3-4567-f890-123456789012', 'Route 108', 'route-108', 18, 'water', true, true, false, NULL),
('f8a9b0c1-d2e3-4567-f890-123456789012', 'Route 109', 'route-109', 19, 'water', true, true, false, NULL),
('f8a9b0c1-d2e3-4567-f890-123456789012', 'Slateport City', 'slateport-city', 20, 'city', false, false, true, NULL),
('f8a9b0c1-d2e3-4567-f890-123456789012', 'Route 110', 'route-110', 21, 'route', true, true, true, 'Cycling Road. Rival battle here.'),
('f8a9b0c1-d2e3-4567-f890-123456789012', 'Mauville City', 'mauville-city', 22, 'city', false, true, true, 'Gym Leader Wattson. Electric-type specialist.'),
('f8a9b0c1-d2e3-4567-f890-123456789012', 'Route 117', 'route-117', 23, 'route', true, true, true, NULL),
('f8a9b0c1-d2e3-4567-f890-123456789012', 'Verdanturf Town', 'verdanturf-town', 24, 'city', false, false, true, NULL),
('f8a9b0c1-d2e3-4567-f890-123456789012', 'Route 111', 'route-111', 25, 'route', true, true, true, 'Features a desert area accessible with Go-Goggles.'),
('f8a9b0c1-d2e3-4567-f890-123456789012', 'Route 112', 'route-112', 26, 'route', true, true, false, NULL),
('f8a9b0c1-d2e3-4567-f890-123456789012', 'Fiery Path', 'fiery-path', 27, 'cave', true, false, true, NULL),
('f8a9b0c1-d2e3-4567-f890-123456789012', 'Route 113', 'route-113', 28, 'route', true, true, true, 'Ash-covered route.'),
('f8a9b0c1-d2e3-4567-f890-123456789012', 'Fallarbor Town', 'fallarbor-town', 29, 'city', false, false, true, NULL),
('f8a9b0c1-d2e3-4567-f890-123456789012', 'Route 114', 'route-114', 30, 'route', true, true, true, NULL),
('f8a9b0c1-d2e3-4567-f890-123456789012', 'Meteor Falls', 'meteor-falls', 31, 'cave', true, false, true, NULL),
('f8a9b0c1-d2e3-4567-f890-123456789012', 'Route 115', 'route-115', 32, 'route', true, true, false, NULL),
('f8a9b0c1-d2e3-4567-f890-123456789012', 'Mt. Chimney', 'mt-chimney', 33, 'special', false, true, false, 'Team confrontation at the summit.'),
('f8a9b0c1-d2e3-4567-f890-123456789012', 'Jagged Pass', 'jagged-pass', 34, 'route', true, true, false, NULL),
('f8a9b0c1-d2e3-4567-f890-123456789012', 'Lavaridge Town', 'lavaridge-town', 35, 'city', false, true, true, 'Gym Leader Flannery. Fire-type specialist.'),
('f8a9b0c1-d2e3-4567-f890-123456789012', 'Petalburg City Gym', 'petalburg-city-gym', 36, 'building', false, true, false, 'Gym Leader Norman. Normal-type specialist.'),
('f8a9b0c1-d2e3-4567-f890-123456789012', 'Route 118', 'route-118', 37, 'route', true, true, false, 'Requires Surf.'),
('f8a9b0c1-d2e3-4567-f890-123456789012', 'Route 119', 'route-119', 38, 'route', true, true, true, 'Weather Institute.'),
('f8a9b0c1-d2e3-4567-f890-123456789012', 'Fortree City', 'fortree-city', 39, 'city', false, true, true, 'Gym Leader Winona. Flying-type specialist.'),
('f8a9b0c1-d2e3-4567-f890-123456789012', 'Route 120', 'route-120', 40, 'route', true, true, true, NULL),
('f8a9b0c1-d2e3-4567-f890-123456789012', 'Route 121', 'route-121', 41, 'route', true, true, false, NULL),
('f8a9b0c1-d2e3-4567-f890-123456789012', 'Mt. Pyre', 'mt-pyre', 42, 'cave', true, true, true, NULL),
('f8a9b0c1-d2e3-4567-f890-123456789012', 'Route 122', 'route-122', 43, 'water', true, false, false, NULL),
('f8a9b0c1-d2e3-4567-f890-123456789012', 'Lilycove City', 'lilycove-city', 44, 'city', false, false, true, NULL),
('f8a9b0c1-d2e3-4567-f890-123456789012', 'Route 123', 'route-123', 45, 'route', true, true, true, NULL),
('f8a9b0c1-d2e3-4567-f890-123456789012', 'Route 124', 'route-124', 46, 'water', true, true, false, NULL),
('f8a9b0c1-d2e3-4567-f890-123456789012', 'Mossdeep City', 'mossdeep-city', 47, 'city', false, true, true, 'Gym Leaders Tate & Liza. Psychic-type specialists.'),
('f8a9b0c1-d2e3-4567-f890-123456789012', 'Route 125', 'route-125', 48, 'water', true, true, false, NULL),
('f8a9b0c1-d2e3-4567-f890-123456789012', 'Shoal Cave', 'shoal-cave', 49, 'cave', true, false, true, 'Tidal cave. Changes with tides.'),
('f8a9b0c1-d2e3-4567-f890-123456789012', 'Route 126', 'route-126', 50, 'water', true, false, false, NULL),
('f8a9b0c1-d2e3-4567-f890-123456789012', 'Route 127', 'route-127', 51, 'water', true, true, false, NULL),
('f8a9b0c1-d2e3-4567-f890-123456789012', 'Route 128', 'route-128', 52, 'water', true, true, false, NULL),
('f8a9b0c1-d2e3-4567-f890-123456789012', 'Seafloor Cavern', 'seafloor-cavern', 53, 'cave', true, true, false, NULL),
('f8a9b0c1-d2e3-4567-f890-123456789012', 'Sootopolis City', 'sootopolis-city', 54, 'city', false, true, true, 'Gym Leader Wallace. Water-type specialist.'),
('f8a9b0c1-d2e3-4567-f890-123456789012', 'Route 129', 'route-129', 55, 'water', true, false, false, NULL),
('f8a9b0c1-d2e3-4567-f890-123456789012', 'Route 130', 'route-130', 56, 'water', true, false, false, NULL),
('f8a9b0c1-d2e3-4567-f890-123456789012', 'Route 131', 'route-131', 57, 'water', true, false, false, NULL),
('f8a9b0c1-d2e3-4567-f890-123456789012', 'Pacifidlog Town', 'pacifidlog-town', 58, 'city', false, false, true, NULL),
('f8a9b0c1-d2e3-4567-f890-123456789012', 'Route 132', 'route-132', 59, 'water', true, false, false, NULL),
('f8a9b0c1-d2e3-4567-f890-123456789012', 'Route 133', 'route-133', 60, 'water', true, false, false, NULL),
('f8a9b0c1-d2e3-4567-f890-123456789012', 'Route 134', 'route-134', 61, 'water', true, false, false, NULL),
('f8a9b0c1-d2e3-4567-f890-123456789012', 'Ever Grande City', 'ever-grande-city', 62, 'city', false, false, false, NULL),
('f8a9b0c1-d2e3-4567-f890-123456789012', 'Victory Road', 'victory-road', 63, 'cave', true, true, true, NULL),
('f8a9b0c1-d2e3-4567-f890-123456789012', 'Pokemon League', 'pokemon-league', 64, 'building', false, true, false, 'Elite Four and Champion Steven.'),
('f8a9b0c1-d2e3-4567-f890-123456789012', 'New Mauville', 'new-mauville', 65, 'building', true, false, true, 'Electric-type Pokemon.'),
('f8a9b0c1-d2e3-4567-f890-123456789012', 'Sky Pillar', 'sky-pillar', 66, 'building', true, false, false, 'Rayquaza encounter.'),
('f8a9b0c1-d2e3-4567-f890-123456789012', 'Sea Mauville', 'sea-mauville', 67, 'building', true, false, true, 'Abandoned research facility. Replaces Abandoned Ship.');

-- ===========================================
-- STEP 3: STARTER POKEMON
-- ===========================================

INSERT INTO public.encounters (route_id, pokemon_national_dex_id, method, encounter_rate, level_min, level_max)
SELECT r.id, 252, 'gift', NULL, 5, 5
FROM public.routes r WHERE r.slug = 'littleroot-town' AND r.game_id = 'f8a9b0c1-d2e3-4567-f890-123456789012';

INSERT INTO public.encounters (route_id, pokemon_national_dex_id, method, encounter_rate, level_min, level_max)
SELECT r.id, 255, 'gift', NULL, 5, 5
FROM public.routes r WHERE r.slug = 'littleroot-town' AND r.game_id = 'f8a9b0c1-d2e3-4567-f890-123456789012';

INSERT INTO public.encounters (route_id, pokemon_national_dex_id, method, encounter_rate, level_min, level_max)
SELECT r.id, 258, 'gift', NULL, 5, 5
FROM public.routes r WHERE r.slug = 'littleroot-town' AND r.game_id = 'f8a9b0c1-d2e3-4567-f890-123456789012';

-- ===========================================
-- STEP 4: ENCOUNTER DATA (472 total)
-- ===========================================

CREATE TEMP TABLE _enc (slug TEXT, dex INT, method TEXT, rate DECIMAL(5,2), lmin INT, lmax INT, cond TEXT, ver_excl TEXT);
INSERT INTO _enc VALUES
('route-101', 252, 'gift', 100.00, 5, 5, NULL, NULL),
('route-101', 255, 'gift', 100.00, 5, 5, NULL, NULL),
('route-101', 258, 'gift', 100.00, 5, 5, NULL, NULL),
('route-101', 261, 'walking', 10.00, 2, 3, NULL, NULL),
('route-101', 263, 'walking', 45.00, 2, 3, NULL, NULL),
('route-101', 265, 'walking', 45.00, 2, 3, NULL, NULL),
('route-103', 72, 'fishing_good', 20.00, 10, 30, NULL, NULL),
('route-103', 72, 'fishing_old', 30.00, 5, 10, NULL, NULL),
('route-103', 72, 'surfing', 60.00, 5, 35, NULL, NULL),
('route-103', 129, 'fishing_good', 60.00, 10, 30, NULL, NULL),
('route-103', 129, 'fishing_old', 70.00, 5, 10, NULL, NULL),
('route-103', 261, 'walking', 30.00, 2, 4, NULL, NULL),
('route-103', 263, 'walking', 60.00, 2, 4, NULL, NULL),
('route-103', 278, 'surfing', 35.00, 10, 30, NULL, NULL),
('route-103', 278, 'walking', 10.00, 2, 4, NULL, NULL),
('route-103', 279, 'surfing', 5.00, 25, 30, NULL, NULL),
('route-103', 319, 'fishing_super', 40.00, 30, 35, NULL, NULL),
('route-103', 320, 'fishing_good', 20.00, 10, 30, NULL, NULL),
('route-103', 320, 'fishing_super', 60.00, 25, 45, NULL, NULL),
('route-102', 118, 'fishing_good', 20.00, 10, 30, NULL, NULL),
('route-102', 118, 'fishing_old', 30.00, 5, 10, NULL, NULL),
('route-102', 129, 'fishing_good', 60.00, 10, 30, NULL, NULL),
('route-102', 129, 'fishing_old', 70.00, 5, 10, NULL, NULL),
('route-102', 183, 'surfing', 99.00, 5, 35, NULL, NULL),
('route-102', 261, 'walking', 15.00, 3, 4, NULL, NULL),
('route-102', 263, 'walking', 30.00, 3, 4, NULL, NULL),
('route-102', 265, 'walking', 30.00, 3, 4, NULL, NULL),
('route-102', 273, 'walking', 20.00, 3, 4, NULL, NULL),
('route-102', 280, 'walking', 4.00, 4, 4, NULL, NULL),
('route-102', 283, 'surfing', 1.00, 20, 30, NULL, NULL),
('route-102', 283, 'walking', 1.00, 3, 3, NULL, NULL),
('route-102', 341, 'fishing_good', 20.00, 10, 30, NULL, NULL),
('route-102', 341, 'fishing_super', 100.00, 20, 45, NULL, NULL),
('route-104-south', 129, 'fishing_good', 100.00, 10, 30, NULL, NULL),
('route-104-south', 129, 'fishing_old', 100.00, 5, 10, NULL, NULL),
('route-104-south', 129, 'fishing_super', 100.00, 20, 45, NULL, NULL),
('route-104-south', 263, 'walking', 50.00, 4, 5, NULL, NULL),
('route-104-south', 265, 'walking', 30.00, 4, 5, NULL, NULL),
('route-104-south', 276, 'walking', 10.00, 4, 5, NULL, NULL),
('route-104-south', 278, 'surfing', 95.00, 10, 30, NULL, NULL),
('route-104-south', 278, 'walking', 10.00, 3, 5, NULL, NULL),
('route-104-south', 279, 'surfing', 5.00, 25, 30, NULL, NULL),
('petalburg-woods', 263, 'walking', 30.00, 5, 6, NULL, NULL),
('petalburg-woods', 265, 'walking', 25.00, 5, 6, NULL, NULL),
('petalburg-woods', 266, 'walking', 10.00, 5, 5, NULL, NULL),
('petalburg-woods', 268, 'walking', 10.00, 5, 5, NULL, NULL),
('petalburg-woods', 276, 'walking', 5.00, 5, 6, NULL, NULL),
('petalburg-woods', 285, 'walking', 15.00, 5, 6, NULL, NULL),
('petalburg-woods', 287, 'walking', 5.00, 5, 6, NULL, NULL),
('route-116', 263, 'walking', 28.00, 6, 8, NULL, NULL),
('route-116', 276, 'walking', 20.00, 6, 8, NULL, NULL),
('route-116', 290, 'walking', 20.00, 6, 7, NULL, NULL),
('route-116', 293, 'walking', 30.00, 6, 7, NULL, NULL),
('route-116', 300, 'walking', 2.00, 7, 8, NULL, NULL),
('rusturf-tunnel', 293, 'walking', 100.00, 5, 8, NULL, NULL),
('route-105', 72, 'fishing_good', 20.00, 10, 30, NULL, NULL),
('route-105', 72, 'fishing_old', 30.00, 5, 10, NULL, NULL),
('route-105', 72, 'surfing', 60.00, 5, 35, NULL, NULL),
('route-105', 129, 'fishing_good', 60.00, 10, 30, NULL, NULL),
('route-105', 129, 'fishing_old', 70.00, 5, 10, NULL, NULL),
('route-105', 278, 'surfing', 35.00, 10, 30, NULL, NULL),
('route-105', 279, 'surfing', 5.00, 25, 30, NULL, NULL),
('route-105', 320, 'fishing_good', 20.00, 10, 30, NULL, NULL),
('route-105', 320, 'fishing_super', 100.00, 20, 45, NULL, NULL),
('granite-cave', 41, 'walking', 90.00, 7, 11, NULL, NULL),
('granite-cave', 63, 'walking', 30.00, 8, 10, NULL, NULL),
('granite-cave', 74, 'walking', 10.00, 6, 9, NULL, NULL),
('granite-cave', 296, 'walking', 60.00, 6, 11, NULL, NULL),
('granite-cave', 303, 'walking', 30.00, 9, 12, NULL, NULL),
('granite-cave', 304, 'walking', 80.00, 9, 12, NULL, NULL),
('granite-cave', 74, 'rock_smash', 70.00, 5, 20, NULL, NULL),
('granite-cave', 299, 'rock_smash', 30.00, 10, 20, NULL, NULL),
('route-106', 72, 'fishing_good', 20.00, 10, 30, NULL, NULL),
('route-106', 72, 'fishing_old', 30.00, 5, 10, NULL, NULL),
('route-106', 72, 'surfing', 60.00, 5, 35, NULL, NULL),
('route-106', 129, 'fishing_good', 60.00, 10, 30, NULL, NULL),
('route-106', 129, 'fishing_old', 70.00, 5, 10, NULL, NULL),
('route-106', 278, 'surfing', 35.00, 10, 30, NULL, NULL),
('route-106', 279, 'surfing', 5.00, 25, 30, NULL, NULL),
('route-106', 320, 'fishing_good', 20.00, 10, 30, NULL, NULL),
('route-106', 320, 'fishing_super', 100.00, 20, 45, NULL, NULL),
('route-107', 72, 'fishing_good', 20.00, 10, 30, NULL, NULL),
('route-107', 72, 'fishing_old', 30.00, 5, 10, NULL, NULL),
('route-107', 72, 'surfing', 60.00, 5, 35, NULL, NULL),
('route-107', 129, 'fishing_good', 60.00, 10, 30, NULL, NULL),
('route-107', 129, 'fishing_old', 70.00, 5, 10, NULL, NULL),
('route-107', 278, 'surfing', 35.00, 10, 30, NULL, NULL),
('route-107', 279, 'surfing', 5.00, 25, 30, NULL, NULL),
('route-107', 320, 'fishing_good', 20.00, 10, 30, NULL, NULL),
('route-107', 320, 'fishing_super', 100.00, 20, 45, NULL, NULL),
('route-108', 72, 'fishing_good', 20.00, 10, 30, NULL, NULL),
('route-108', 72, 'fishing_old', 30.00, 5, 10, NULL, NULL),
('route-108', 72, 'surfing', 60.00, 5, 35, NULL, NULL),
('route-108', 129, 'fishing_good', 60.00, 10, 30, NULL, NULL),
('route-108', 129, 'fishing_old', 70.00, 5, 10, NULL, NULL),
('route-108', 278, 'surfing', 35.00, 10, 30, NULL, NULL),
('route-108', 279, 'surfing', 5.00, 25, 30, NULL, NULL),
('route-108', 320, 'fishing_good', 20.00, 10, 30, NULL, NULL),
('route-108', 320, 'fishing_super', 100.00, 20, 45, NULL, NULL),
('route-109', 72, 'fishing_good', 20.00, 10, 30, NULL, NULL),
('route-109', 72, 'fishing_old', 30.00, 5, 10, NULL, NULL),
('route-109', 72, 'surfing', 60.00, 5, 35, NULL, NULL),
('route-109', 129, 'fishing_good', 60.00, 10, 30, NULL, NULL),
('route-109', 129, 'fishing_old', 70.00, 5, 10, NULL, NULL),
('route-109', 278, 'surfing', 35.00, 10, 30, NULL, NULL),
('route-109', 279, 'surfing', 5.00, 25, 30, NULL, NULL),
('route-109', 320, 'fishing_good', 20.00, 10, 30, NULL, NULL),
('route-109', 320, 'fishing_super', 100.00, 20, 45, NULL, NULL),
('route-110', 43, 'walking', 10.00, 13, 13, NULL, NULL),
('route-110', 72, 'fishing_good', 20.00, 10, 30, NULL, NULL),
('route-110', 72, 'fishing_old', 30.00, 5, 10, NULL, NULL),
('route-110', 72, 'surfing', 60.00, 5, 35, NULL, NULL),
('route-110', 129, 'fishing_good', 60.00, 10, 30, NULL, NULL),
('route-110', 129, 'fishing_old', 70.00, 5, 10, NULL, NULL),
('route-110', 263, 'walking', 20.00, 12, 12, NULL, NULL),
('route-110', 278, 'surfing', 35.00, 10, 30, NULL, NULL),
('route-110', 278, 'walking', 8.00, 12, 12, NULL, NULL),
('route-110', 279, 'surfing', 5.00, 25, 30, NULL, NULL),
('route-110', 309, 'walking', 30.00, 12, 13, NULL, NULL),
('route-110', 311, 'walking', 2.00, 12, 13, NULL, NULL),
('route-110', 312, 'walking', 15.00, 13, 13, NULL, NULL),
('route-110', 316, 'walking', 15.00, 12, 13, NULL, NULL),
('route-110', 320, 'fishing_good', 20.00, 10, 30, NULL, NULL),
('route-110', 320, 'fishing_super', 100.00, 20, 45, NULL, NULL),
('route-117', 43, 'walking', 10.00, 13, 13, NULL, NULL),
('route-117', 118, 'fishing_good', 20.00, 10, 30, NULL, NULL),
('route-117', 118, 'fishing_old', 30.00, 5, 10, NULL, NULL),
('route-117', 129, 'fishing_good', 60.00, 10, 30, NULL, NULL),
('route-117', 129, 'fishing_old', 70.00, 5, 10, NULL, NULL),
('route-117', 183, 'surfing', 99.00, 5, 35, NULL, NULL),
('route-117', 183, 'walking', 10.00, 13, 13, NULL, NULL),
('route-117', 263, 'walking', 30.00, 13, 14, NULL, NULL),
('route-117', 283, 'surfing', 1.00, 20, 30, NULL, NULL),
('route-117', 283, 'walking', 1.00, 13, 13, NULL, NULL),
('route-117', 313, 'walking', 1.00, 13, 13, NULL, NULL),
('route-117', 314, 'walking', 18.00, 13, 14, NULL, NULL),
('route-117', 315, 'walking', 30.00, 13, 14, NULL, NULL),
('route-117', 341, 'fishing_good', 20.00, 10, 30, NULL, NULL),
('route-117', 341, 'fishing_super', 100.00, 20, 45, NULL, NULL),
('route-111', 27, 'walking', 35.00, 19, 21, NULL, NULL),
('route-111', 74, 'rock_smash', 100.00, 5, 20, NULL, NULL),
('route-111', 118, 'fishing_good', 20.00, 10, 30, NULL, NULL),
('route-111', 118, 'fishing_old', 30.00, 5, 10, NULL, NULL),
('route-111', 129, 'fishing_good', 60.00, 10, 30, NULL, NULL),
('route-111', 129, 'fishing_old', 70.00, 5, 10, NULL, NULL),
('route-111', 183, 'surfing', 99.00, 5, 35, NULL, NULL),
('route-111', 283, 'surfing', 1.00, 20, 30, NULL, NULL),
('route-111', 328, 'walking', 35.00, 19, 21, NULL, NULL),
('route-111', 331, 'walking', 20.00, 19, 21, NULL, NULL),
('route-111', 339, 'fishing_good', 20.00, 10, 30, NULL, NULL),
('route-111', 339, 'fishing_super', 100.00, 20, 45, NULL, NULL),
('route-111', 343, 'walking', 10.00, 20, 22, NULL, NULL),
('route-112', 66, 'walking', 25.00, 14, 16, NULL, NULL),
('route-112', 322, 'walking', 75.00, 14, 16, NULL, NULL),
('fiery-path', 66, 'walking', 15.00, 15, 16, NULL, NULL),
('fiery-path', 88, 'walking', 2.00, 14, 14, NULL, NULL),
('fiery-path', 109, 'walking', 25.00, 15, 16, NULL, NULL),
('fiery-path', 218, 'walking', 10.00, 15, 15, NULL, NULL),
('fiery-path', 322, 'walking', 30.00, 15, 16, NULL, NULL),
('fiery-path', 324, 'walking', 18.00, 14, 16, NULL, NULL),
('route-113', 27, 'walking', 25.00, 14, 16, NULL, NULL),
('route-113', 227, 'walking', 5.00, 16, 16, NULL, NULL),
('route-113', 327, 'walking', 70.00, 14, 16, NULL, NULL),
('route-114', 74, 'rock_smash', 100.00, 5, 20, NULL, NULL),
('route-114', 118, 'fishing_good', 20.00, 10, 30, NULL, NULL),
('route-114', 118, 'fishing_old', 30.00, 5, 10, NULL, NULL),
('route-114', 129, 'fishing_good', 60.00, 10, 30, NULL, NULL),
('route-114', 129, 'fishing_old', 70.00, 5, 10, NULL, NULL),
('route-114', 183, 'surfing', 99.00, 5, 35, NULL, NULL),
('route-114', 273, 'walking', 30.00, 15, 16, NULL, NULL),
('route-114', 274, 'walking', 10.00, 16, 18, NULL, NULL),
('route-114', 283, 'surfing', 1.00, 20, 30, NULL, NULL),
('route-114', 283, 'walking', 1.00, 15, 15, NULL, NULL),
('route-114', 333, 'walking', 40.00, 15, 17, NULL, NULL),
('route-114', 335, 'walking', 19.00, 15, 17, NULL, NULL),
('route-114', 339, 'fishing_good', 20.00, 10, 30, NULL, NULL),
('route-114', 339, 'fishing_super', 100.00, 20, 45, NULL, NULL),
('meteor-falls', 41, 'surfing', 90.00, 5, 35, NULL, NULL),
('meteor-falls', 41, 'walking', 80.00, 14, 20, NULL, NULL),
('meteor-falls', 118, 'fishing_good', 60.00, 10, 30, NULL, NULL),
('meteor-falls', 118, 'fishing_old', 90.00, 5, 10, NULL, NULL),
('meteor-falls', 129, 'fishing_good', 180.00, 10, 30, NULL, NULL),
('meteor-falls', 129, 'fishing_old', 210.00, 5, 10, NULL, NULL),
('meteor-falls', 338, 'surfing', 30.00, 5, 35, NULL, NULL),
('meteor-falls', 338, 'walking', 90.00, 14, 39, NULL, NULL),
('meteor-falls', 339, 'fishing_good', 60.00, 10, 30, NULL, NULL),
('meteor-falls', 339, 'fishing_super', 260.00, 20, 45, NULL, NULL),
('meteor-falls', 42, 'surfing', 180.00, 30, 35, NULL, NULL),
('meteor-falls', 42, 'walking', 130.00, 33, 40, NULL, NULL),
('meteor-falls', 340, 'fishing_super', 40.00, 30, 45, NULL, NULL),
('route-115', 39, 'walking', 10.00, 24, 25, NULL, NULL),
('route-115', 72, 'fishing_good', 20.00, 10, 30, NULL, NULL),
('route-115', 72, 'fishing_old', 30.00, 5, 10, NULL, NULL),
('route-115', 72, 'surfing', 60.00, 5, 35, NULL, NULL),
('route-115', 129, 'fishing_good', 60.00, 10, 30, NULL, NULL),
('route-115', 129, 'fishing_old', 70.00, 5, 10, NULL, NULL),
('route-115', 276, 'walking', 40.00, 23, 25, NULL, NULL),
('route-115', 277, 'walking', 10.00, 25, 25, NULL, NULL),
('route-115', 278, 'surfing', 35.00, 10, 30, NULL, NULL),
('route-115', 278, 'walking', 10.00, 24, 26, NULL, NULL),
('route-115', 279, 'surfing', 5.00, 25, 30, NULL, NULL),
('route-115', 320, 'fishing_good', 20.00, 10, 30, NULL, NULL),
('route-115', 320, 'fishing_super', 100.00, 20, 45, NULL, NULL),
('route-115', 333, 'walking', 30.00, 23, 25, NULL, NULL),
('jagged-pass', 66, 'walking', 25.00, 18, 20, NULL, NULL),
('jagged-pass', 322, 'walking', 55.00, 18, 20, NULL, NULL),
('jagged-pass', 325, 'walking', 20.00, 18, 20, NULL, NULL),
('route-118', 72, 'fishing_good', 20.00, 10, 30, NULL, NULL),
('route-118', 72, 'fishing_old', 30.00, 5, 10, NULL, NULL),
('route-118', 72, 'surfing', 60.00, 5, 35, NULL, NULL),
('route-118', 129, 'fishing_good', 60.00, 10, 30, NULL, NULL),
('route-118', 129, 'fishing_old', 70.00, 5, 10, NULL, NULL),
('route-118', 263, 'walking', 30.00, 24, 26, NULL, NULL),
('route-118', 264, 'walking', 10.00, 26, 26, NULL, NULL),
('route-118', 278, 'surfing', 35.00, 10, 30, NULL, NULL),
('route-118', 278, 'walking', 19.00, 25, 27, NULL, NULL),
('route-118', 279, 'surfing', 5.00, 25, 30, NULL, NULL),
('route-118', 309, 'walking', 30.00, 24, 26, NULL, NULL),
('route-118', 310, 'walking', 10.00, 26, 26, NULL, NULL),
('route-118', 318, 'fishing_good', 20.00, 10, 30, NULL, NULL),
('route-118', 318, 'fishing_super', 60.00, 20, 45, NULL, NULL),
('route-118', 319, 'fishing_super', 40.00, 30, 35, NULL, NULL),
('route-118', 352, 'walking', 1.00, 25, 25, NULL, NULL),
('route-119', 43, 'walking', 30.00, 24, 27, NULL, NULL),
('route-119', 72, 'fishing_good', 20.00, 10, 30, NULL, NULL),
('route-119', 72, 'fishing_old', 30.00, 5, 10, NULL, NULL),
('route-119', 72, 'surfing', 60.00, 5, 35, NULL, NULL),
('route-119', 129, 'fishing_good', 60.00, 10, 30, NULL, NULL),
('route-119', 129, 'fishing_old', 70.00, 5, 10, NULL, NULL),
('route-119', 263, 'walking', 30.00, 25, 27, NULL, NULL),
('route-119', 264, 'walking', 30.00, 25, 27, NULL, NULL),
('route-119', 278, 'surfing', 35.00, 10, 30, NULL, NULL),
('route-119', 279, 'surfing', 5.00, 25, 30, NULL, NULL),
('route-119', 318, 'fishing_good', 20.00, 10, 30, NULL, NULL),
('route-119', 318, 'fishing_super', 100.00, 20, 45, NULL, NULL),
('route-119', 352, 'walking', 1.00, 25, 25, NULL, NULL),
('route-119', 357, 'walking', 9.00, 25, 27, NULL, NULL),
('route-120', 43, 'walking', 25.00, 25, 27, NULL, NULL),
('route-120', 118, 'fishing_good', 20.00, 10, 30, NULL, NULL),
('route-120', 118, 'fishing_old', 30.00, 5, 10, NULL, NULL),
('route-120', 129, 'fishing_good', 60.00, 10, 30, NULL, NULL),
('route-120', 129, 'fishing_old', 70.00, 5, 10, NULL, NULL),
('route-120', 183, 'surfing', 99.00, 5, 35, NULL, NULL),
('route-120', 183, 'walking', 15.00, 25, 27, NULL, NULL),
('route-120', 263, 'walking', 20.00, 25, 25, NULL, NULL),
('route-120', 264, 'walking', 30.00, 25, 27, NULL, NULL),
('route-120', 283, 'surfing', 1.00, 20, 30, NULL, NULL),
('route-120', 283, 'walking', 1.00, 25, 25, NULL, NULL),
('route-120', 339, 'fishing_good', 20.00, 10, 30, NULL, NULL),
('route-120', 339, 'fishing_super', 100.00, 20, 45, NULL, NULL),
('route-120', 352, 'walking', 1.00, 25, 25, NULL, NULL),
('route-120', 359, 'walking', 8.00, 25, 27, NULL, NULL),
('route-121', 43, 'walking', 15.00, 26, 28, NULL, NULL),
('route-121', 44, 'walking', 5.00, 28, 28, NULL, NULL),
('route-121', 72, 'fishing_good', 20.00, 10, 30, NULL, NULL),
('route-121', 72, 'fishing_old', 30.00, 5, 10, NULL, NULL),
('route-121', 72, 'surfing', 60.00, 5, 35, NULL, NULL),
('route-121', 129, 'fishing_good', 60.00, 10, 30, NULL, NULL),
('route-121', 129, 'fishing_old', 70.00, 5, 10, NULL, NULL),
('route-121', 263, 'walking', 20.00, 26, 26, NULL, NULL),
('route-121', 264, 'walking', 20.00, 26, 28, NULL, NULL),
('route-121', 278, 'surfing', 35.00, 10, 30, NULL, NULL),
('route-121', 278, 'walking', 9.00, 26, 28, NULL, NULL),
('route-121', 279, 'surfing', 5.00, 25, 30, NULL, NULL),
('route-121', 320, 'fishing_good', 20.00, 10, 30, NULL, NULL),
('route-121', 320, 'fishing_super', 100.00, 20, 45, NULL, NULL),
('route-121', 352, 'walking', 1.00, 25, 25, NULL, NULL),
('route-121', 355, 'walking', 30.00, 26, 28, NULL, NULL),
('mt-pyre', 355, 'walking', 695.00, 22, 30, NULL, NULL),
('mt-pyre', 353, 'walking', 43.00, 25, 30, NULL, NULL),
('mt-pyre', 37, 'walking', 20.00, 25, 29, NULL, NULL),
('mt-pyre', 278, 'walking', 10.00, 26, 28, NULL, NULL),
('mt-pyre', 307, 'walking', 30.00, 27, 29, NULL, NULL),
('mt-pyre', 358, 'walking', 2.00, 28, 28, NULL, NULL),
('route-122', 72, 'fishing_good', 20.00, 10, 30, NULL, NULL),
('route-122', 72, 'fishing_old', 30.00, 5, 10, NULL, NULL),
('route-122', 72, 'surfing', 60.00, 5, 35, NULL, NULL),
('route-122', 129, 'fishing_good', 60.00, 10, 30, NULL, NULL),
('route-122', 129, 'fishing_old', 70.00, 5, 10, NULL, NULL),
('route-122', 278, 'surfing', 35.00, 10, 30, NULL, NULL),
('route-122', 279, 'surfing', 5.00, 25, 30, NULL, NULL),
('route-122', 319, 'fishing_super', 40.00, 30, 35, NULL, NULL),
('route-122', 320, 'fishing_good', 20.00, 10, 30, NULL, NULL),
('route-122', 320, 'fishing_super', 60.00, 25, 45, NULL, NULL),
('route-123', 43, 'walking', 15.00, 26, 28, NULL, NULL),
('route-123', 44, 'walking', 5.00, 28, 28, NULL, NULL),
('route-123', 72, 'fishing_good', 20.00, 10, 30, NULL, NULL),
('route-123', 72, 'fishing_old', 30.00, 5, 10, NULL, NULL),
('route-123', 72, 'surfing', 60.00, 5, 35, NULL, NULL),
('route-123', 129, 'fishing_good', 60.00, 10, 30, NULL, NULL),
('route-123', 129, 'fishing_old', 70.00, 5, 10, NULL, NULL),
('route-123', 263, 'walking', 20.00, 26, 26, NULL, NULL),
('route-123', 264, 'walking', 20.00, 26, 28, NULL, NULL),
('route-123', 278, 'surfing', 35.00, 10, 30, NULL, NULL),
('route-123', 278, 'walking', 9.00, 26, 28, NULL, NULL),
('route-123', 279, 'surfing', 5.00, 25, 30, NULL, NULL),
('route-123', 320, 'fishing_good', 20.00, 10, 30, NULL, NULL),
('route-123', 320, 'fishing_super', 100.00, 20, 45, NULL, NULL),
('route-123', 352, 'walking', 1.00, 25, 25, NULL, NULL),
('route-123', 355, 'walking', 30.00, 26, 28, NULL, NULL),
('route-124', 72, 'fishing_good', 20.00, 10, 30, NULL, NULL),
('route-124', 72, 'fishing_old', 30.00, 5, 10, NULL, NULL),
('route-124', 72, 'surfing', 60.00, 5, 35, NULL, NULL),
('route-124', 129, 'fishing_good', 60.00, 10, 30, NULL, NULL),
('route-124', 129, 'fishing_old', 70.00, 5, 10, NULL, NULL),
('route-124', 278, 'surfing', 35.00, 10, 30, NULL, NULL),
('route-124', 279, 'surfing', 5.00, 25, 30, NULL, NULL),
('route-124', 319, 'fishing_super', 40.00, 30, 35, NULL, NULL),
('route-124', 320, 'fishing_good', 20.00, 10, 30, NULL, NULL),
('route-124', 320, 'fishing_super', 60.00, 25, 45, NULL, NULL),
('route-125', 72, 'fishing_good', 20.00, 10, 30, NULL, NULL),
('route-125', 72, 'fishing_old', 30.00, 5, 10, NULL, NULL),
('route-125', 72, 'surfing', 60.00, 5, 35, NULL, NULL),
('route-125', 129, 'fishing_good', 60.00, 10, 30, NULL, NULL),
('route-125', 129, 'fishing_old', 70.00, 5, 10, NULL, NULL),
('route-125', 278, 'surfing', 35.00, 10, 30, NULL, NULL),
('route-125', 279, 'surfing', 5.00, 25, 30, NULL, NULL),
('route-125', 319, 'fishing_super', 40.00, 30, 35, NULL, NULL),
('route-125', 320, 'fishing_good', 20.00, 10, 30, NULL, NULL),
('route-125', 320, 'fishing_super', 60.00, 25, 45, NULL, NULL),
('shoal-cave', 41, 'surfing', 30.00, 5, 35, NULL, NULL),
('shoal-cave', 41, 'walking', 85.00, 26, 32, NULL, NULL),
('shoal-cave', 42, 'walking', 10.00, 30, 32, NULL, NULL),
('shoal-cave', 72, 'fishing_good', 20.00, 10, 30, NULL, NULL),
('shoal-cave', 72, 'fishing_old', 30.00, 5, 10, NULL, NULL),
('shoal-cave', 72, 'surfing', 60.00, 5, 35, NULL, NULL),
('shoal-cave', 129, 'fishing_good', 60.00, 10, 30, NULL, NULL),
('shoal-cave', 129, 'fishing_old', 70.00, 5, 10, NULL, NULL),
('shoal-cave', 320, 'fishing_good', 20.00, 10, 30, NULL, NULL),
('shoal-cave', 320, 'fishing_super', 100.00, 20, 45, NULL, NULL),
('shoal-cave', 363, 'surfing', 10.00, 25, 35, NULL, NULL),
('shoal-cave', 363, 'walking', 95.00, 26, 32, NULL, NULL),
('shoal-cave', 361, 'walking', 10.00, 26, 30, NULL, NULL),
('route-126', 72, 'fishing_good', 20.00, 10, 30, NULL, NULL),
('route-126', 72, 'fishing_old', 30.00, 5, 10, NULL, NULL),
('route-126', 72, 'surfing', 60.00, 5, 35, NULL, NULL),
('route-126', 129, 'fishing_good', 60.00, 10, 30, NULL, NULL),
('route-126', 129, 'fishing_old', 70.00, 5, 10, NULL, NULL),
('route-126', 278, 'surfing', 35.00, 10, 30, NULL, NULL),
('route-126', 279, 'surfing', 5.00, 25, 30, NULL, NULL),
('route-126', 319, 'fishing_super', 40.00, 30, 35, NULL, NULL),
('route-126', 320, 'fishing_good', 20.00, 10, 30, NULL, NULL),
('route-126', 320, 'fishing_super', 60.00, 25, 45, NULL, NULL),
('route-127', 72, 'fishing_good', 20.00, 10, 30, NULL, NULL),
('route-127', 72, 'fishing_old', 30.00, 5, 10, NULL, NULL),
('route-127', 72, 'surfing', 60.00, 5, 35, NULL, NULL),
('route-127', 129, 'fishing_good', 60.00, 10, 30, NULL, NULL),
('route-127', 129, 'fishing_old', 70.00, 5, 10, NULL, NULL),
('route-127', 278, 'surfing', 35.00, 10, 30, NULL, NULL),
('route-127', 279, 'surfing', 5.00, 25, 30, NULL, NULL),
('route-127', 319, 'fishing_super', 40.00, 30, 35, NULL, NULL),
('route-127', 320, 'fishing_good', 20.00, 10, 30, NULL, NULL),
('route-127', 320, 'fishing_super', 60.00, 25, 45, NULL, NULL),
('route-128', 72, 'fishing_old', 30.00, 5, 10, NULL, NULL),
('route-128', 72, 'surfing', 60.00, 5, 35, NULL, NULL),
('route-128', 129, 'fishing_good', 60.00, 10, 30, NULL, NULL),
('route-128', 129, 'fishing_old', 70.00, 5, 10, NULL, NULL),
('route-128', 222, 'fishing_super', 15.00, 30, 35, NULL, NULL),
('route-128', 278, 'surfing', 35.00, 10, 30, NULL, NULL),
('route-128', 279, 'surfing', 5.00, 25, 30, NULL, NULL),
('route-128', 320, 'fishing_good', 20.00, 10, 30, NULL, NULL),
('route-128', 320, 'fishing_super', 45.00, 30, 45, NULL, NULL),
('route-128', 370, 'fishing_good', 20.00, 10, 30, NULL, NULL),
('route-128', 370, 'fishing_super', 40.00, 30, 35, NULL, NULL),
('seafloor-cavern', 41, 'surfing', 35.00, 5, 35, NULL, NULL),
('seafloor-cavern', 41, 'walking', 90.00, 28, 35, NULL, NULL),
('seafloor-cavern', 42, 'surfing', 5.00, 30, 35, NULL, NULL),
('seafloor-cavern', 42, 'walking', 10.00, 33, 36, NULL, NULL),
('seafloor-cavern', 72, 'fishing_good', 20.00, 10, 30, NULL, NULL),
('seafloor-cavern', 72, 'fishing_old', 30.00, 5, 10, NULL, NULL),
('seafloor-cavern', 72, 'surfing', 60.00, 5, 35, NULL, NULL),
('seafloor-cavern', 129, 'fishing_good', 60.00, 10, 30, NULL, NULL),
('seafloor-cavern', 129, 'fishing_old', 70.00, 5, 10, NULL, NULL),
('seafloor-cavern', 320, 'fishing_good', 20.00, 10, 30, NULL, NULL),
('seafloor-cavern', 320, 'fishing_super', 100.00, 20, 45, NULL, NULL),
('route-129', 72, 'fishing_good', 20.00, 10, 30, NULL, NULL),
('route-129', 72, 'fishing_old', 30.00, 5, 10, NULL, NULL),
('route-129', 72, 'surfing', 60.00, 5, 35, NULL, NULL),
('route-129', 129, 'fishing_good', 60.00, 10, 30, NULL, NULL),
('route-129', 129, 'fishing_old', 70.00, 5, 10, NULL, NULL),
('route-129', 278, 'surfing', 35.00, 10, 30, NULL, NULL),
('route-129', 279, 'surfing', 4.00, 25, 30, NULL, NULL),
('route-129', 319, 'fishing_super', 40.00, 30, 35, NULL, NULL),
('route-129', 320, 'fishing_good', 20.00, 10, 30, NULL, NULL),
('route-129', 320, 'fishing_super', 60.00, 25, 45, NULL, NULL),
('route-129', 321, 'surfing', 1.00, 35, 40, NULL, NULL),
('route-130', 72, 'fishing_good', 20.00, 10, 30, NULL, NULL),
('route-130', 72, 'fishing_old', 30.00, 5, 10, NULL, NULL),
('route-130', 72, 'surfing', 60.00, 5, 35, NULL, NULL),
('route-130', 129, 'fishing_good', 60.00, 10, 30, NULL, NULL),
('route-130', 129, 'fishing_old', 70.00, 5, 10, NULL, NULL),
('route-130', 278, 'surfing', 35.00, 10, 30, NULL, NULL),
('route-130', 279, 'surfing', 5.00, 25, 30, NULL, NULL),
('route-130', 319, 'fishing_super', 40.00, 30, 35, NULL, NULL),
('route-130', 320, 'fishing_good', 20.00, 10, 30, NULL, NULL),
('route-130', 320, 'fishing_super', 60.00, 25, 45, NULL, NULL),
('route-130', 360, 'walking', 100.00, 5, 50, NULL, NULL),
('route-131', 72, 'fishing_good', 20.00, 10, 30, NULL, NULL),
('route-131', 72, 'fishing_old', 30.00, 5, 10, NULL, NULL),
('route-131', 72, 'surfing', 60.00, 5, 35, NULL, NULL),
('route-131', 129, 'fishing_good', 60.00, 10, 30, NULL, NULL),
('route-131', 129, 'fishing_old', 70.00, 5, 10, NULL, NULL),
('route-131', 278, 'surfing', 35.00, 10, 30, NULL, NULL),
('route-131', 279, 'surfing', 5.00, 25, 30, NULL, NULL),
('route-131', 319, 'fishing_super', 40.00, 30, 35, NULL, NULL),
('route-131', 320, 'fishing_good', 20.00, 10, 30, NULL, NULL),
('route-131', 320, 'fishing_super', 60.00, 25, 45, NULL, NULL),
('route-132', 72, 'fishing_good', 20.00, 10, 30, NULL, NULL),
('route-132', 72, 'fishing_old', 30.00, 5, 10, NULL, NULL),
('route-132', 72, 'surfing', 60.00, 5, 35, NULL, NULL),
('route-132', 116, 'fishing_super', 15.00, 25, 30, NULL, NULL),
('route-132', 129, 'fishing_good', 60.00, 10, 30, NULL, NULL),
('route-132', 129, 'fishing_old', 70.00, 5, 10, NULL, NULL),
('route-132', 278, 'surfing', 35.00, 10, 30, NULL, NULL),
('route-132', 279, 'surfing', 5.00, 25, 30, NULL, NULL),
('route-132', 319, 'fishing_super', 40.00, 30, 35, NULL, NULL),
('route-132', 320, 'fishing_good', 20.00, 10, 30, NULL, NULL),
('route-132', 320, 'fishing_super', 45.00, 30, 45, NULL, NULL),
('route-133', 72, 'fishing_good', 20.00, 10, 30, NULL, NULL),
('route-133', 72, 'fishing_old', 30.00, 5, 10, NULL, NULL),
('route-133', 72, 'surfing', 60.00, 5, 35, NULL, NULL),
('route-133', 116, 'fishing_super', 15.00, 25, 30, NULL, NULL),
('route-133', 129, 'fishing_good', 60.00, 10, 30, NULL, NULL),
('route-133', 129, 'fishing_old', 70.00, 5, 10, NULL, NULL),
('route-133', 278, 'surfing', 35.00, 10, 30, NULL, NULL),
('route-133', 279, 'surfing', 5.00, 25, 30, NULL, NULL),
('route-133', 319, 'fishing_super', 40.00, 30, 35, NULL, NULL),
('route-133', 320, 'fishing_good', 20.00, 10, 30, NULL, NULL),
('route-133', 320, 'fishing_super', 45.00, 30, 45, NULL, NULL),
('route-134', 72, 'fishing_good', 20.00, 10, 30, NULL, NULL),
('route-134', 72, 'fishing_old', 30.00, 5, 10, NULL, NULL),
('route-134', 72, 'surfing', 60.00, 5, 35, NULL, NULL),
('route-134', 116, 'fishing_super', 15.00, 25, 30, NULL, NULL),
('route-134', 129, 'fishing_good', 60.00, 10, 30, NULL, NULL),
('route-134', 129, 'fishing_old', 70.00, 5, 10, NULL, NULL),
('route-134', 278, 'surfing', 35.00, 10, 30, NULL, NULL),
('route-134', 279, 'surfing', 5.00, 25, 30, NULL, NULL),
('route-134', 319, 'fishing_super', 40.00, 30, 35, NULL, NULL),
('route-134', 320, 'fishing_good', 20.00, 10, 30, NULL, NULL),
('route-134', 320, 'fishing_super', 45.00, 30, 45, NULL, NULL),
('victory-road', 41, 'walking', 10.00, 36, 36, NULL, NULL),
('victory-road', 42, 'walking', 95.00, 38, 44, NULL, NULL),
('victory-road', 293, 'walking', 5.00, 36, 36, NULL, NULL),
('victory-road', 294, 'walking', 10.00, 40, 40, NULL, NULL),
('victory-road', 296, 'walking', 10.00, 36, 36, NULL, NULL),
('victory-road', 297, 'walking', 60.00, 38, 42, NULL, NULL),
('victory-road', 304, 'walking', 5.00, 36, 36, NULL, NULL),
('victory-road', 305, 'walking', 40.00, 40, 44, NULL, NULL),
('victory-road', 74, 'rock_smash', 30.00, 30, 40, NULL, NULL),
('victory-road', 75, 'rock_smash', 70.00, 30, 40, NULL, NULL),
('victory-road', 307, 'walking', 5.00, 38, 38, NULL, NULL),
('victory-road', 308, 'walking', 25.00, 40, 44, NULL, NULL),
('victory-road', 42, 'surfing', 100.00, 25, 40, NULL, NULL),
('victory-road', 118, 'fishing_good', 20.00, 10, 30, NULL, NULL),
('victory-road', 118, 'fishing_old', 30.00, 5, 10, NULL, NULL),
('victory-road', 129, 'fishing_good', 60.00, 10, 30, NULL, NULL),
('victory-road', 129, 'fishing_old', 70.00, 5, 10, NULL, NULL),
('victory-road', 303, 'walking', 35.00, 40, 44, NULL, NULL),
('victory-road', 339, 'fishing_good', 20.00, 10, 30, NULL, NULL),
('victory-road', 339, 'fishing_super', 80.00, 25, 35, NULL, NULL),
('victory-road', 340, 'fishing_super', 20.00, 30, 45, NULL, NULL),
('new-mauville', 81, 'walking', 99.00, 22, 26, NULL, NULL),
('new-mauville', 100, 'walking', 99.00, 22, 26, NULL, NULL),
('new-mauville', 82, 'walking', 1.00, 26, 26, NULL, NULL),
('new-mauville', 100, 'static', 600.00, 25, 25, NULL, NULL),
('new-mauville', 101, 'walking', 1.00, 26, 26, NULL, NULL),
('new-mauville', 101, 'static', 200.00, 30, 30, NULL, NULL),
('sky-pillar', 42, 'walking', 90.00, 48, 56, NULL, NULL),
('sky-pillar', 303, 'walking', 90.00, 48, 56, NULL, NULL),
('sky-pillar', 344, 'walking', 69.00, 47, 56, NULL, NULL),
('sky-pillar', 356, 'walking', 45.00, 48, 56, NULL, NULL),
('sky-pillar', 334, 'walking', 6.00, 54, 60, NULL, NULL);

INSERT INTO public.encounters (route_id, pokemon_national_dex_id, method, encounter_rate, level_min, level_max, conditions, version_exclusive)
SELECT r.id, e.dex, e.method, e.rate, e.lmin, e.lmax, NULLIF(e.cond, ''), NULLIF(e.ver_excl, '')
FROM _enc e JOIN public.routes r ON r.slug = e.slug AND r.game_id = 'f8a9b0c1-d2e3-4567-f890-123456789012';

DROP TABLE _enc;

-- ===========================================
-- STEP 5: BOSS TRAINERS
-- ===========================================

-- Roxanne (Gym Leader)
DO $$
DECLARE
  v_trainer_id UUID;
  v_route_id UUID;
BEGIN
  SELECT id INTO v_route_id FROM public.routes WHERE slug = 'rustboro-city' AND game_id = 'f8a9b0c1-d2e3-4567-f890-123456789012';
  INSERT INTO public.trainers (route_id, name, trainer_class, is_boss, boss_type, level_cap, display_order, notes)
  VALUES (v_route_id, 'Roxanne', 'Gym Leader', true, 'gym_leader', 14, 1, 'Rock-type specialist. Stone Badge.')
  RETURNING id INTO v_trainer_id;

  INSERT INTO public.trainer_pokemon (trainer_id, pokemon_national_dex_id, level, slot_order, moves, ability, held_item, nature)
  VALUES (v_trainer_id, 74, 12, 1, '["Tackle", "Defense Curl", "Rock Tomb"]'::jsonb, 'Sturdy', NULL, NULL);
  INSERT INTO public.trainer_pokemon (trainer_id, pokemon_national_dex_id, level, slot_order, moves, ability, held_item, nature)
  VALUES (v_trainer_id, 299, 14, 2, '["Tackle", "Harden", "Rock Tomb"]'::jsonb, 'Magnet Pull', NULL, NULL);
END $$;

-- Brawly (Gym Leader)
DO $$
DECLARE
  v_trainer_id UUID;
  v_route_id UUID;
BEGIN
  SELECT id INTO v_route_id FROM public.routes WHERE slug = 'dewford-town' AND game_id = 'f8a9b0c1-d2e3-4567-f890-123456789012';
  INSERT INTO public.trainers (route_id, name, trainer_class, is_boss, boss_type, level_cap, display_order, notes)
  VALUES (v_route_id, 'Brawly', 'Gym Leader', true, 'gym_leader', 16, 2, 'Fighting-type specialist. Knuckle Badge.')
  RETURNING id INTO v_trainer_id;

  INSERT INTO public.trainer_pokemon (trainer_id, pokemon_national_dex_id, level, slot_order, moves, ability, held_item, nature)
  VALUES (v_trainer_id, 66, 14, 1, '["Leer", "Karate Chop", "Seismic Toss", "Bulk Up"]'::jsonb, 'Guts', NULL, NULL);
  INSERT INTO public.trainer_pokemon (trainer_id, pokemon_national_dex_id, level, slot_order, moves, ability, held_item, nature)
  VALUES (v_trainer_id, 296, 16, 2, '["Arm Thrust", "Knock Off", "Sand Attack", "Bulk Up"]'::jsonb, 'Guts', NULL, NULL);
END $$;

-- Wattson (Gym Leader)
DO $$
DECLARE
  v_trainer_id UUID;
  v_route_id UUID;
BEGIN
  SELECT id INTO v_route_id FROM public.routes WHERE slug = 'mauville-city' AND game_id = 'f8a9b0c1-d2e3-4567-f890-123456789012';
  INSERT INTO public.trainers (route_id, name, trainer_class, is_boss, boss_type, level_cap, display_order, notes)
  VALUES (v_route_id, 'Wattson', 'Gym Leader', true, 'gym_leader', 21, 3, 'Electric-type specialist. Dynamo Badge.')
  RETURNING id INTO v_trainer_id;

  INSERT INTO public.trainer_pokemon (trainer_id, pokemon_national_dex_id, level, slot_order, moves, ability, held_item, nature)
  VALUES (v_trainer_id, 81, 19, 1, '["Thunder Wave", "Tackle", "Volt Switch"]'::jsonb, 'Sturdy', NULL, NULL);
  INSERT INTO public.trainer_pokemon (trainer_id, pokemon_national_dex_id, level, slot_order, moves, ability, held_item, nature)
  VALUES (v_trainer_id, 100, 19, 2, '["Rollout", "Charge", "Volt Switch"]'::jsonb, 'Soundproof', NULL, NULL);
  INSERT INTO public.trainer_pokemon (trainer_id, pokemon_national_dex_id, level, slot_order, moves, ability, held_item, nature)
  VALUES (v_trainer_id, 82, 21, 3, '["Supersonic", "Magnet Bomb", "Volt Switch"]'::jsonb, 'Magnet Pull', NULL, NULL);
END $$;

-- Flannery (Gym Leader)
DO $$
DECLARE
  v_trainer_id UUID;
  v_route_id UUID;
BEGIN
  SELECT id INTO v_route_id FROM public.routes WHERE slug = 'lavaridge-town' AND game_id = 'f8a9b0c1-d2e3-4567-f890-123456789012';
  INSERT INTO public.trainers (route_id, name, trainer_class, is_boss, boss_type, level_cap, display_order, notes)
  VALUES (v_route_id, 'Flannery', 'Gym Leader', true, 'gym_leader', 28, 4, 'Fire-type specialist. Heat Badge.')
  RETURNING id INTO v_trainer_id;

  INSERT INTO public.trainer_pokemon (trainer_id, pokemon_national_dex_id, level, slot_order, moves, ability, held_item, nature)
  VALUES (v_trainer_id, 218, 26, 1, '["Overheat", "Rock Throw", "Light Screen", "Sunny Day"]'::jsonb, 'Flame Body', NULL, NULL);
  INSERT INTO public.trainer_pokemon (trainer_id, pokemon_national_dex_id, level, slot_order, moves, ability, held_item, nature)
  VALUES (v_trainer_id, 322, 26, 2, '["Earth Power", "Lava Plume", "Amnesia", "Sunny Day"]'::jsonb, 'Simple', NULL, NULL);
  INSERT INTO public.trainer_pokemon (trainer_id, pokemon_national_dex_id, level, slot_order, moves, ability, held_item, nature)
  VALUES (v_trainer_id, 324, 28, 3, '["Overheat", "Body Slam", "Curse", "Sunny Day"]'::jsonb, 'White Smoke', NULL, NULL);
END $$;

-- Norman (Gym Leader)
DO $$
DECLARE
  v_trainer_id UUID;
  v_route_id UUID;
BEGIN
  SELECT id INTO v_route_id FROM public.routes WHERE slug = 'petalburg-city-gym' AND game_id = 'f8a9b0c1-d2e3-4567-f890-123456789012';
  INSERT INTO public.trainers (route_id, name, trainer_class, is_boss, boss_type, level_cap, display_order, notes)
  VALUES (v_route_id, 'Norman', 'Gym Leader', true, 'gym_leader', 31, 5, 'Normal-type specialist. Balance Badge.')
  RETURNING id INTO v_trainer_id;

  INSERT INTO public.trainer_pokemon (trainer_id, pokemon_national_dex_id, level, slot_order, moves, ability, held_item, nature)
  VALUES (v_trainer_id, 327, 27, 1, '["Teeter Dance", "Psybeam", "Facade", "Encore"]'::jsonb, 'Own Tempo', NULL, NULL);
  INSERT INTO public.trainer_pokemon (trainer_id, pokemon_national_dex_id, level, slot_order, moves, ability, held_item, nature)
  VALUES (v_trainer_id, 288, 27, 2, '["Slash", "Facade", "Encore", "Feint Attack"]'::jsonb, 'Vital Spirit', NULL, NULL);
  INSERT INTO public.trainer_pokemon (trainer_id, pokemon_national_dex_id, level, slot_order, moves, ability, held_item, nature)
  VALUES (v_trainer_id, 264, 29, 3, '["Slash", "Belly Drum", "Facade", "Headbutt"]'::jsonb, 'Pickup', NULL, NULL);
  INSERT INTO public.trainer_pokemon (trainer_id, pokemon_national_dex_id, level, slot_order, moves, ability, held_item, nature)
  VALUES (v_trainer_id, 289, 31, 4, '["Counter", "Yawn", "Facade", "Feint Attack"]'::jsonb, 'Truant', 'Sitrus Berry', NULL);
END $$;

-- Winona (Gym Leader)
DO $$
DECLARE
  v_trainer_id UUID;
  v_route_id UUID;
BEGIN
  SELECT id INTO v_route_id FROM public.routes WHERE slug = 'fortree-city' AND game_id = 'f8a9b0c1-d2e3-4567-f890-123456789012';
  INSERT INTO public.trainers (route_id, name, trainer_class, is_boss, boss_type, level_cap, display_order, notes)
  VALUES (v_route_id, 'Winona', 'Gym Leader', true, 'gym_leader', 33, 6, 'Flying-type specialist. Feather Badge.')
  RETURNING id INTO v_trainer_id;

  INSERT INTO public.trainer_pokemon (trainer_id, pokemon_national_dex_id, level, slot_order, moves, ability, held_item, nature)
  VALUES (v_trainer_id, 277, 31, 1, '["Quick Attack", "Aerial Ace", "Double Team", "Endeavor"]'::jsonb, 'Guts', NULL, NULL);
  INSERT INTO public.trainer_pokemon (trainer_id, pokemon_national_dex_id, level, slot_order, moves, ability, held_item, nature)
  VALUES (v_trainer_id, 279, 30, 2, '["Water Gun", "Supersonic", "Protect", "Aerial Ace"]'::jsonb, 'Keen Eye', NULL, NULL);
  INSERT INTO public.trainer_pokemon (trainer_id, pokemon_national_dex_id, level, slot_order, moves, ability, held_item, nature)
  VALUES (v_trainer_id, 227, 32, 3, '["Sand Attack", "Fury Attack", "Steel Wing", "Aerial Ace"]'::jsonb, 'Keen Eye', NULL, NULL);
  INSERT INTO public.trainer_pokemon (trainer_id, pokemon_national_dex_id, level, slot_order, moves, ability, held_item, nature)
  VALUES (v_trainer_id, 334, 33, 4, '["Earthquake", "Dragon Breath", "Dragon Dance", "Aerial Ace"]'::jsonb, 'Natural Cure', NULL, NULL);
END $$;

-- Tate & Liza (Gym Leader)
DO $$
DECLARE
  v_trainer_id UUID;
  v_route_id UUID;
BEGIN
  SELECT id INTO v_route_id FROM public.routes WHERE slug = 'mossdeep-city' AND game_id = 'f8a9b0c1-d2e3-4567-f890-123456789012';
  INSERT INTO public.trainers (route_id, name, trainer_class, is_boss, boss_type, level_cap, display_order, notes)
  VALUES (v_route_id, 'Tate & Liza', 'Gym Leader', true, 'gym_leader', 42, 7, 'Psychic-type specialists. Mind Badge. Double Battle.')
  RETURNING id INTO v_trainer_id;

  INSERT INTO public.trainer_pokemon (trainer_id, pokemon_national_dex_id, level, slot_order, moves, ability, held_item, nature)
  VALUES (v_trainer_id, 344, 41, 1, '["Earthquake", "Ancient Power", "Psychic", "Light Screen"]'::jsonb, 'Levitate', NULL, NULL);
  INSERT INTO public.trainer_pokemon (trainer_id, pokemon_national_dex_id, level, slot_order, moves, ability, held_item, nature)
  VALUES (v_trainer_id, 178, 41, 2, '["Psychic", "Sunny Day", "Confuse Ray", "Calm Mind"]'::jsonb, 'Synchronize', NULL, NULL);
  INSERT INTO public.trainer_pokemon (trainer_id, pokemon_national_dex_id, level, slot_order, moves, ability, held_item, nature)
  VALUES (v_trainer_id, 337, 42, 3, '["Light Screen", "Psychic", "Hypnosis", "Calm Mind"]'::jsonb, 'Levitate', 'Sitrus Berry', NULL);
  INSERT INTO public.trainer_pokemon (trainer_id, pokemon_national_dex_id, level, slot_order, moves, ability, held_item, nature)
  VALUES (v_trainer_id, 338, 42, 4, '["Sunny Day", "Solar Beam", "Psychic", "Flamethrower"]'::jsonb, 'Levitate', 'Sitrus Berry', NULL);
END $$;

-- Wallace (Gym Leader)
DO $$
DECLARE
  v_trainer_id UUID;
  v_route_id UUID;
BEGIN
  SELECT id INTO v_route_id FROM public.routes WHERE slug = 'sootopolis-city' AND game_id = 'f8a9b0c1-d2e3-4567-f890-123456789012';
  INSERT INTO public.trainers (route_id, name, trainer_class, is_boss, boss_type, level_cap, display_order, notes)
  VALUES (v_route_id, 'Wallace', 'Gym Leader', true, 'gym_leader', 46, 8, 'Water-type specialist. Rain Badge.')
  RETURNING id INTO v_trainer_id;

  INSERT INTO public.trainer_pokemon (trainer_id, pokemon_national_dex_id, level, slot_order, moves, ability, held_item, nature)
  VALUES (v_trainer_id, 370, 44, 1, '["Draining Kiss", "Attract", "Sweet Kiss", "Water Pulse"]'::jsonb, 'Swift Swim', NULL, NULL);
  INSERT INTO public.trainer_pokemon (trainer_id, pokemon_national_dex_id, level, slot_order, moves, ability, held_item, nature)
  VALUES (v_trainer_id, 340, 44, 2, '["Earthquake", "Zen Headbutt", "Waterfall", "Mud Sport"]'::jsonb, 'Oblivious', NULL, NULL);
  INSERT INTO public.trainer_pokemon (trainer_id, pokemon_national_dex_id, level, slot_order, moves, ability, held_item, nature)
  VALUES (v_trainer_id, 364, 44, 3, '["Encore", "Waterfall", "Aurora Beam", "Body Slam"]'::jsonb, 'Thick Fat', NULL, NULL);
  INSERT INTO public.trainer_pokemon (trainer_id, pokemon_national_dex_id, level, slot_order, moves, ability, held_item, nature)
  VALUES (v_trainer_id, 119, 44, 4, '["Waterfall", "Rain Dance", "Aqua Ring", "Horn Drill"]'::jsonb, 'Swift Swim', NULL, NULL);
  INSERT INTO public.trainer_pokemon (trainer_id, pokemon_national_dex_id, level, slot_order, moves, ability, held_item, nature)
  VALUES (v_trainer_id, 350, 46, 5, '["Hydro Pump", "Recover", "Ice Beam", "Disarming Voice"]'::jsonb, 'Marvel Scale', NULL, NULL);
END $$;

-- Sidney (Elite Four)
DO $$
DECLARE
  v_trainer_id UUID;
  v_route_id UUID;
BEGIN
  SELECT id INTO v_route_id FROM public.routes WHERE slug = 'pokemon-league' AND game_id = 'f8a9b0c1-d2e3-4567-f890-123456789012';
  INSERT INTO public.trainers (route_id, name, trainer_class, is_boss, boss_type, level_cap, display_order, notes)
  VALUES (v_route_id, 'Sidney', 'Elite Four', true, 'elite_four', 52, 1, 'Dark-type specialist.')
  RETURNING id INTO v_trainer_id;

  INSERT INTO public.trainer_pokemon (trainer_id, pokemon_national_dex_id, level, slot_order, moves, ability, held_item, nature)
  VALUES (v_trainer_id, 262, 50, 1, '["Swagger", "Take Down", "Sucker Punch", "Crunch"]'::jsonb, 'Intimidate', NULL, NULL);
  INSERT INTO public.trainer_pokemon (trainer_id, pokemon_national_dex_id, level, slot_order, moves, ability, held_item, nature)
  VALUES (v_trainer_id, 275, 50, 2, '["Fake Out", "Feint Attack", "Extrasensory", "Leaf Blade"]'::jsonb, 'Chlorophyll', NULL, NULL);
  INSERT INTO public.trainer_pokemon (trainer_id, pokemon_national_dex_id, level, slot_order, moves, ability, held_item, nature)
  VALUES (v_trainer_id, 332, 50, 3, '["Leech Seed", "Payback", "Needle Arm", "Spiky Shield"]'::jsonb, 'Sand Veil', NULL, NULL);
  INSERT INTO public.trainer_pokemon (trainer_id, pokemon_national_dex_id, level, slot_order, moves, ability, held_item, nature)
  VALUES (v_trainer_id, 319, 50, 4, '["Crunch", "Poison Fang", "Aqua Jet", "Slash"]'::jsonb, 'Rough Skin', NULL, NULL);
  INSERT INTO public.trainer_pokemon (trainer_id, pokemon_national_dex_id, level, slot_order, moves, ability, held_item, nature)
  VALUES (v_trainer_id, 359, 52, 5, '["Aerial Ace", "Night Slash", "Psycho Cut", "Slash"]'::jsonb, 'Super Luck', NULL, NULL);
END $$;

-- Phoebe (Elite Four)
DO $$
DECLARE
  v_trainer_id UUID;
  v_route_id UUID;
BEGIN
  SELECT id INTO v_route_id FROM public.routes WHERE slug = 'pokemon-league' AND game_id = 'f8a9b0c1-d2e3-4567-f890-123456789012';
  INSERT INTO public.trainers (route_id, name, trainer_class, is_boss, boss_type, level_cap, display_order, notes)
  VALUES (v_route_id, 'Phoebe', 'Elite Four', true, 'elite_four', 53, 2, 'Ghost-type specialist.')
  RETURNING id INTO v_trainer_id;

  INSERT INTO public.trainer_pokemon (trainer_id, pokemon_national_dex_id, level, slot_order, moves, ability, held_item, nature)
  VALUES (v_trainer_id, 356, 51, 1, '["Shadow Punch", "Confuse Ray", "Curse", "Future Sight"]'::jsonb, 'Pressure', NULL, NULL);
  INSERT INTO public.trainer_pokemon (trainer_id, pokemon_national_dex_id, level, slot_order, moves, ability, held_item, nature)
  VALUES (v_trainer_id, 354, 51, 2, '["Shadow Ball", "Spite", "Will-O-Wisp", "Feint Attack"]'::jsonb, 'Insomnia', NULL, NULL);
  INSERT INTO public.trainer_pokemon (trainer_id, pokemon_national_dex_id, level, slot_order, moves, ability, held_item, nature)
  VALUES (v_trainer_id, 302, 51, 3, '["Shadow Claw", "Foul Play", "Power Gem", "Fake Out"]'::jsonb, 'Prankster', NULL, NULL);
  INSERT INTO public.trainer_pokemon (trainer_id, pokemon_national_dex_id, level, slot_order, moves, ability, held_item, nature)
  VALUES (v_trainer_id, 354, 51, 4, '["Shadow Ball", "Grudge", "Toxic", "Psychic"]'::jsonb, 'Insomnia', NULL, NULL);
  INSERT INTO public.trainer_pokemon (trainer_id, pokemon_national_dex_id, level, slot_order, moves, ability, held_item, nature)
  VALUES (v_trainer_id, 477, 53, 5, '["Hex", "Fire Punch", "Ice Punch", "Thunder Punch"]'::jsonb, 'Pressure', NULL, NULL);
END $$;

-- Glacia (Elite Four)
DO $$
DECLARE
  v_trainer_id UUID;
  v_route_id UUID;
BEGIN
  SELECT id INTO v_route_id FROM public.routes WHERE slug = 'pokemon-league' AND game_id = 'f8a9b0c1-d2e3-4567-f890-123456789012';
  INSERT INTO public.trainers (route_id, name, trainer_class, is_boss, boss_type, level_cap, display_order, notes)
  VALUES (v_route_id, 'Glacia', 'Elite Four', true, 'elite_four', 54, 3, 'Ice-type specialist.')
  RETURNING id INTO v_trainer_id;

  INSERT INTO public.trainer_pokemon (trainer_id, pokemon_national_dex_id, level, slot_order, moves, ability, held_item, nature)
  VALUES (v_trainer_id, 362, 52, 1, '["Light Screen", "Ice Shard", "Hail", "Crunch"]'::jsonb, 'Inner Focus', NULL, NULL);
  INSERT INTO public.trainer_pokemon (trainer_id, pokemon_national_dex_id, level, slot_order, moves, ability, held_item, nature)
  VALUES (v_trainer_id, 478, 52, 2, '["Confuse Ray", "Blizzard", "Hail", "Ominous Wind"]'::jsonb, 'Snow Cloak', NULL, NULL);
  INSERT INTO public.trainer_pokemon (trainer_id, pokemon_national_dex_id, level, slot_order, moves, ability, held_item, nature)
  VALUES (v_trainer_id, 362, 52, 3, '["Protect", "Ice Shard", "Hail", "Freeze-Dry"]'::jsonb, 'Inner Focus', NULL, NULL);
  INSERT INTO public.trainer_pokemon (trainer_id, pokemon_national_dex_id, level, slot_order, moves, ability, held_item, nature)
  VALUES (v_trainer_id, 478, 52, 4, '["Draining Kiss", "Blizzard", "Hail", "Shadow Ball"]'::jsonb, 'Snow Cloak', NULL, NULL);
  INSERT INTO public.trainer_pokemon (trainer_id, pokemon_national_dex_id, level, slot_order, moves, ability, held_item, nature)
  VALUES (v_trainer_id, 365, 54, 5, '["Surf", "Body Slam", "Blizzard", "Sheer Cold"]'::jsonb, 'Thick Fat', NULL, NULL);
END $$;

-- Drake (Elite Four)
DO $$
DECLARE
  v_trainer_id UUID;
  v_route_id UUID;
BEGIN
  SELECT id INTO v_route_id FROM public.routes WHERE slug = 'pokemon-league' AND game_id = 'f8a9b0c1-d2e3-4567-f890-123456789012';
  INSERT INTO public.trainers (route_id, name, trainer_class, is_boss, boss_type, level_cap, display_order, notes)
  VALUES (v_route_id, 'Drake', 'Elite Four', true, 'elite_four', 55, 4, 'Dragon-type specialist.')
  RETURNING id INTO v_trainer_id;

  INSERT INTO public.trainer_pokemon (trainer_id, pokemon_national_dex_id, level, slot_order, moves, ability, held_item, nature)
  VALUES (v_trainer_id, 334, 53, 1, '["Aerial Ace", "Cotton Guard", "Dragon Pulse", "Moonblast"]'::jsonb, 'Natural Cure', NULL, NULL);
  INSERT INTO public.trainer_pokemon (trainer_id, pokemon_national_dex_id, level, slot_order, moves, ability, held_item, nature)
  VALUES (v_trainer_id, 330, 53, 2, '["Earthquake", "Dragon Claw", "Rock Slide", "Supersonic"]'::jsonb, 'Levitate', NULL, NULL);
  INSERT INTO public.trainer_pokemon (trainer_id, pokemon_national_dex_id, level, slot_order, moves, ability, held_item, nature)
  VALUES (v_trainer_id, 230, 53, 3, '["Dragon Pulse", "Surf", "Yawn", "Ice Beam"]'::jsonb, 'Sniper', NULL, NULL);
  INSERT INTO public.trainer_pokemon (trainer_id, pokemon_national_dex_id, level, slot_order, moves, ability, held_item, nature)
  VALUES (v_trainer_id, 330, 53, 4, '["Flamethrower", "Boomburst", "Dragon Pulse", "Screech"]'::jsonb, 'Levitate', NULL, NULL);
  INSERT INTO public.trainer_pokemon (trainer_id, pokemon_national_dex_id, level, slot_order, moves, ability, held_item, nature)
  VALUES (v_trainer_id, 373, 55, 5, '["Dragon Rush", "Zen Headbutt", "Crunch", "Thunder Fang"]'::jsonb, 'Intimidate', NULL, NULL);
END $$;

-- Steven (Champion)
DO $$
DECLARE
  v_trainer_id UUID;
  v_route_id UUID;
BEGIN
  SELECT id INTO v_route_id FROM public.routes WHERE slug = 'pokemon-league' AND game_id = 'f8a9b0c1-d2e3-4567-f890-123456789012';
  INSERT INTO public.trainers (route_id, name, trainer_class, is_boss, boss_type, level_cap, display_order, notes)
  VALUES (v_route_id, 'Steven', 'Champion', true, 'champion', 59, 5, 'Steel-type specialist. Metagross Mega Evolves.')
  RETURNING id INTO v_trainer_id;

  INSERT INTO public.trainer_pokemon (trainer_id, pokemon_national_dex_id, level, slot_order, moves, ability, held_item, nature)
  VALUES (v_trainer_id, 227, 57, 1, '["Toxic", "Aerial Ace", "Spikes", "Steel Wing"]'::jsonb, 'Sturdy', NULL, NULL);
  INSERT INTO public.trainer_pokemon (trainer_id, pokemon_national_dex_id, level, slot_order, moves, ability, held_item, nature)
  VALUES (v_trainer_id, 344, 57, 2, '["Reflect", "Light Screen", "Extrasensory", "Earth Power"]'::jsonb, 'Levitate', NULL, NULL);
  INSERT INTO public.trainer_pokemon (trainer_id, pokemon_national_dex_id, level, slot_order, moves, ability, held_item, nature)
  VALUES (v_trainer_id, 306, 57, 3, '["Stone Edge", "Earthquake", "Iron Tail", "Dragon Claw"]'::jsonb, 'Sturdy', NULL, NULL);
  INSERT INTO public.trainer_pokemon (trainer_id, pokemon_national_dex_id, level, slot_order, moves, ability, held_item, nature)
  VALUES (v_trainer_id, 346, 57, 4, '["Giga Drain", "Ancient Power", "Sludge Bomb", "Confuse Ray"]'::jsonb, 'Suction Cups', NULL, NULL);
  INSERT INTO public.trainer_pokemon (trainer_id, pokemon_national_dex_id, level, slot_order, moves, ability, held_item, nature)
  VALUES (v_trainer_id, 348, 57, 5, '["X-Scissor", "Rock Blast", "Metal Claw", "Crush Claw"]'::jsonb, 'Battle Armor', NULL, NULL);
  INSERT INTO public.trainer_pokemon (trainer_id, pokemon_national_dex_id, level, slot_order, moves, ability, held_item, nature)
  VALUES (v_trainer_id, 376, 59, 6, '["Meteor Mash", "Bullet Punch", "Zen Headbutt", "Giga Impact"]'::jsonb, 'Clear Body', 'Metagrossite', NULL);
END $$;

-- Update total_routes count
UPDATE public.games SET total_routes = 67 WHERE id = 'f8a9b0c1-d2e3-4567-f890-123456789012';
-- ===========================================
-- POKEMON ALPHA SAPPHIRE: COMPLETE GAME DATA
-- Official Pokemon Game
-- Gen 6, Hoenn region
-- ===========================================
-- Game ID: a9b0c1d2-e3f4-5678-a901-234567890123
-- ===========================================

-- STEP 1: Insert the game
INSERT INTO public.games (id, slug, name, generation, region, base_game_slug, is_romhack, sprite_url, total_routes, description)
VALUES (
  'a9b0c1d2-e3f4-5678-a901-234567890123',
  'pokemon-alpha-sapphire',
  'Pokemon Alpha Sapphire',
  6,
  'Hoenn',
  NULL,
  false,
  'https://raw.githubusercontent.com/PokeAPI/sprites/master/sprites/pokemon/382.png',
  67,
  'Pokemon Alpha Sapphire for Nintendo 3DS. A remake of Sapphire set in the Hoenn region with Mega Evolution and updated encounters.'
);

-- ===========================================
-- STEP 2: ALL ROUTES (67 total)
-- ===========================================

INSERT INTO public.routes (game_id, name, slug, display_order, route_type, has_encounters, has_trainers, has_items, notes) VALUES
('a9b0c1d2-e3f4-5678-a901-234567890123', 'Littleroot Town', 'littleroot-town', 1, 'city', true, false, false, 'Starter town. Choose Treecko, Torchic, or Mudkip.'),
('a9b0c1d2-e3f4-5678-a901-234567890123', 'Route 101', 'route-101', 2, 'route', true, false, false, NULL),
('a9b0c1d2-e3f4-5678-a901-234567890123', 'Oldale Town', 'oldale-town', 3, 'city', false, false, true, NULL),
('a9b0c1d2-e3f4-5678-a901-234567890123', 'Route 103', 'route-103', 4, 'route', true, true, false, NULL),
('a9b0c1d2-e3f4-5678-a901-234567890123', 'Route 102', 'route-102', 5, 'route', true, true, true, NULL),
('a9b0c1d2-e3f4-5678-a901-234567890123', 'Petalburg City', 'petalburg-city', 6, 'city', false, false, true, NULL),
('a9b0c1d2-e3f4-5678-a901-234567890123', 'Route 104 (South)', 'route-104-south', 7, 'route', true, true, true, NULL),
('a9b0c1d2-e3f4-5678-a901-234567890123', 'Petalburg Woods', 'petalburg-woods', 8, 'cave', true, true, true, NULL),
('a9b0c1d2-e3f4-5678-a901-234567890123', 'Route 104 (North)', 'route-104-north', 9, 'route', true, true, true, NULL),
('a9b0c1d2-e3f4-5678-a901-234567890123', 'Rustboro City', 'rustboro-city', 10, 'city', false, true, true, 'Gym Leader Roxanne. Rock-type specialist.'),
('a9b0c1d2-e3f4-5678-a901-234567890123', 'Route 116', 'route-116', 11, 'route', true, true, true, NULL),
('a9b0c1d2-e3f4-5678-a901-234567890123', 'Rusturf Tunnel', 'rusturf-tunnel', 12, 'cave', true, false, true, NULL),
('a9b0c1d2-e3f4-5678-a901-234567890123', 'Route 105', 'route-105', 13, 'water', true, true, false, NULL),
('a9b0c1d2-e3f4-5678-a901-234567890123', 'Dewford Town', 'dewford-town', 14, 'city', false, true, true, 'Gym Leader Brawly. Fighting-type specialist.'),
('a9b0c1d2-e3f4-5678-a901-234567890123', 'Granite Cave', 'granite-cave', 15, 'cave', true, false, true, NULL),
('a9b0c1d2-e3f4-5678-a901-234567890123', 'Route 106', 'route-106', 16, 'water', true, true, false, NULL),
('a9b0c1d2-e3f4-5678-a901-234567890123', 'Route 107', 'route-107', 17, 'water', true, true, false, NULL),
('a9b0c1d2-e3f4-5678-a901-234567890123', 'Route 108', 'route-108', 18, 'water', true, true, false, NULL),
('a9b0c1d2-e3f4-5678-a901-234567890123', 'Route 109', 'route-109', 19, 'water', true, true, false, NULL),
('a9b0c1d2-e3f4-5678-a901-234567890123', 'Slateport City', 'slateport-city', 20, 'city', false, false, true, NULL),
('a9b0c1d2-e3f4-5678-a901-234567890123', 'Route 110', 'route-110', 21, 'route', true, true, true, 'Cycling Road. Rival battle here.'),
('a9b0c1d2-e3f4-5678-a901-234567890123', 'Mauville City', 'mauville-city', 22, 'city', false, true, true, 'Gym Leader Wattson. Electric-type specialist.'),
('a9b0c1d2-e3f4-5678-a901-234567890123', 'Route 117', 'route-117', 23, 'route', true, true, true, NULL),
('a9b0c1d2-e3f4-5678-a901-234567890123', 'Verdanturf Town', 'verdanturf-town', 24, 'city', false, false, true, NULL),
('a9b0c1d2-e3f4-5678-a901-234567890123', 'Route 111', 'route-111', 25, 'route', true, true, true, 'Features a desert area accessible with Go-Goggles.'),
('a9b0c1d2-e3f4-5678-a901-234567890123', 'Route 112', 'route-112', 26, 'route', true, true, false, NULL),
('a9b0c1d2-e3f4-5678-a901-234567890123', 'Fiery Path', 'fiery-path', 27, 'cave', true, false, true, NULL),
('a9b0c1d2-e3f4-5678-a901-234567890123', 'Route 113', 'route-113', 28, 'route', true, true, true, 'Ash-covered route.'),
('a9b0c1d2-e3f4-5678-a901-234567890123', 'Fallarbor Town', 'fallarbor-town', 29, 'city', false, false, true, NULL),
('a9b0c1d2-e3f4-5678-a901-234567890123', 'Route 114', 'route-114', 30, 'route', true, true, true, NULL),
('a9b0c1d2-e3f4-5678-a901-234567890123', 'Meteor Falls', 'meteor-falls', 31, 'cave', true, false, true, NULL),
('a9b0c1d2-e3f4-5678-a901-234567890123', 'Route 115', 'route-115', 32, 'route', true, true, false, NULL),
('a9b0c1d2-e3f4-5678-a901-234567890123', 'Mt. Chimney', 'mt-chimney', 33, 'special', false, true, false, 'Team confrontation at the summit.'),
('a9b0c1d2-e3f4-5678-a901-234567890123', 'Jagged Pass', 'jagged-pass', 34, 'route', true, true, false, NULL),
('a9b0c1d2-e3f4-5678-a901-234567890123', 'Lavaridge Town', 'lavaridge-town', 35, 'city', false, true, true, 'Gym Leader Flannery. Fire-type specialist.'),
('a9b0c1d2-e3f4-5678-a901-234567890123', 'Petalburg City Gym', 'petalburg-city-gym', 36, 'building', false, true, false, 'Gym Leader Norman. Normal-type specialist.'),
('a9b0c1d2-e3f4-5678-a901-234567890123', 'Route 118', 'route-118', 37, 'route', true, true, false, 'Requires Surf.'),
('a9b0c1d2-e3f4-5678-a901-234567890123', 'Route 119', 'route-119', 38, 'route', true, true, true, 'Weather Institute.'),
('a9b0c1d2-e3f4-5678-a901-234567890123', 'Fortree City', 'fortree-city', 39, 'city', false, true, true, 'Gym Leader Winona. Flying-type specialist.'),
('a9b0c1d2-e3f4-5678-a901-234567890123', 'Route 120', 'route-120', 40, 'route', true, true, true, NULL),
('a9b0c1d2-e3f4-5678-a901-234567890123', 'Route 121', 'route-121', 41, 'route', true, true, false, NULL),
('a9b0c1d2-e3f4-5678-a901-234567890123', 'Mt. Pyre', 'mt-pyre', 42, 'cave', true, true, true, NULL),
('a9b0c1d2-e3f4-5678-a901-234567890123', 'Route 122', 'route-122', 43, 'water', true, false, false, NULL),
('a9b0c1d2-e3f4-5678-a901-234567890123', 'Lilycove City', 'lilycove-city', 44, 'city', false, false, true, NULL),
('a9b0c1d2-e3f4-5678-a901-234567890123', 'Route 123', 'route-123', 45, 'route', true, true, true, NULL),
('a9b0c1d2-e3f4-5678-a901-234567890123', 'Route 124', 'route-124', 46, 'water', true, true, false, NULL),
('a9b0c1d2-e3f4-5678-a901-234567890123', 'Mossdeep City', 'mossdeep-city', 47, 'city', false, true, true, 'Gym Leaders Tate & Liza. Psychic-type specialists.'),
('a9b0c1d2-e3f4-5678-a901-234567890123', 'Route 125', 'route-125', 48, 'water', true, true, false, NULL),
('a9b0c1d2-e3f4-5678-a901-234567890123', 'Shoal Cave', 'shoal-cave', 49, 'cave', true, false, true, 'Tidal cave. Changes with tides.'),
('a9b0c1d2-e3f4-5678-a901-234567890123', 'Route 126', 'route-126', 50, 'water', true, false, false, NULL),
('a9b0c1d2-e3f4-5678-a901-234567890123', 'Route 127', 'route-127', 51, 'water', true, true, false, NULL),
('a9b0c1d2-e3f4-5678-a901-234567890123', 'Route 128', 'route-128', 52, 'water', true, true, false, NULL),
('a9b0c1d2-e3f4-5678-a901-234567890123', 'Seafloor Cavern', 'seafloor-cavern', 53, 'cave', true, true, false, NULL),
('a9b0c1d2-e3f4-5678-a901-234567890123', 'Sootopolis City', 'sootopolis-city', 54, 'city', false, true, true, 'Gym Leader Wallace. Water-type specialist.'),
('a9b0c1d2-e3f4-5678-a901-234567890123', 'Route 129', 'route-129', 55, 'water', true, false, false, NULL),
('a9b0c1d2-e3f4-5678-a901-234567890123', 'Route 130', 'route-130', 56, 'water', true, false, false, NULL),
('a9b0c1d2-e3f4-5678-a901-234567890123', 'Route 131', 'route-131', 57, 'water', true, false, false, NULL),
('a9b0c1d2-e3f4-5678-a901-234567890123', 'Pacifidlog Town', 'pacifidlog-town', 58, 'city', false, false, true, NULL),
('a9b0c1d2-e3f4-5678-a901-234567890123', 'Route 132', 'route-132', 59, 'water', true, false, false, NULL),
('a9b0c1d2-e3f4-5678-a901-234567890123', 'Route 133', 'route-133', 60, 'water', true, false, false, NULL),
('a9b0c1d2-e3f4-5678-a901-234567890123', 'Route 134', 'route-134', 61, 'water', true, false, false, NULL),
('a9b0c1d2-e3f4-5678-a901-234567890123', 'Ever Grande City', 'ever-grande-city', 62, 'city', false, false, false, NULL),
('a9b0c1d2-e3f4-5678-a901-234567890123', 'Victory Road', 'victory-road', 63, 'cave', true, true, true, NULL),
('a9b0c1d2-e3f4-5678-a901-234567890123', 'Pokemon League', 'pokemon-league', 64, 'building', false, true, false, 'Elite Four and Champion Steven.'),
('a9b0c1d2-e3f4-5678-a901-234567890123', 'New Mauville', 'new-mauville', 65, 'building', true, false, true, 'Electric-type Pokemon.'),
('a9b0c1d2-e3f4-5678-a901-234567890123', 'Sky Pillar', 'sky-pillar', 66, 'building', true, false, false, 'Rayquaza encounter.'),
('a9b0c1d2-e3f4-5678-a901-234567890123', 'Sea Mauville', 'sea-mauville', 67, 'building', true, false, true, 'Abandoned research facility. Replaces Abandoned Ship.');

-- ===========================================
-- STEP 3: STARTER POKEMON
-- ===========================================

INSERT INTO public.encounters (route_id, pokemon_national_dex_id, method, encounter_rate, level_min, level_max)
SELECT r.id, 252, 'gift', NULL, 5, 5
FROM public.routes r WHERE r.slug = 'littleroot-town' AND r.game_id = 'a9b0c1d2-e3f4-5678-a901-234567890123';

INSERT INTO public.encounters (route_id, pokemon_national_dex_id, method, encounter_rate, level_min, level_max)
SELECT r.id, 255, 'gift', NULL, 5, 5
FROM public.routes r WHERE r.slug = 'littleroot-town' AND r.game_id = 'a9b0c1d2-e3f4-5678-a901-234567890123';

INSERT INTO public.encounters (route_id, pokemon_national_dex_id, method, encounter_rate, level_min, level_max)
SELECT r.id, 258, 'gift', NULL, 5, 5
FROM public.routes r WHERE r.slug = 'littleroot-town' AND r.game_id = 'a9b0c1d2-e3f4-5678-a901-234567890123';

-- ===========================================
-- STEP 4: ENCOUNTER DATA (471 total)
-- ===========================================

CREATE TEMP TABLE _enc (slug TEXT, dex INT, method TEXT, rate DECIMAL(5,2), lmin INT, lmax INT, cond TEXT, ver_excl TEXT);
INSERT INTO _enc VALUES
('route-101', 252, 'gift', 100.00, 5, 5, NULL, NULL),
('route-101', 255, 'gift', 100.00, 5, 5, NULL, NULL),
('route-101', 258, 'gift', 100.00, 5, 5, NULL, NULL),
('route-101', 261, 'walking', 10.00, 2, 3, NULL, NULL),
('route-101', 263, 'walking', 45.00, 2, 3, NULL, NULL),
('route-101', 265, 'walking', 45.00, 2, 3, NULL, NULL),
('route-103', 72, 'fishing_good', 20.00, 10, 30, NULL, NULL),
('route-103', 72, 'fishing_old', 30.00, 5, 10, NULL, NULL),
('route-103', 72, 'surfing', 60.00, 5, 35, NULL, NULL),
('route-103', 129, 'fishing_good', 60.00, 10, 30, NULL, NULL),
('route-103', 129, 'fishing_old', 70.00, 5, 10, NULL, NULL),
('route-103', 261, 'walking', 30.00, 2, 4, NULL, NULL),
('route-103', 263, 'walking', 60.00, 2, 4, NULL, NULL),
('route-103', 278, 'surfing', 35.00, 10, 30, NULL, NULL),
('route-103', 278, 'walking', 10.00, 2, 4, NULL, NULL),
('route-103', 279, 'surfing', 5.00, 25, 30, NULL, NULL),
('route-103', 319, 'fishing_super', 40.00, 30, 35, NULL, NULL),
('route-103', 320, 'fishing_good', 20.00, 10, 30, NULL, NULL),
('route-103', 320, 'fishing_super', 60.00, 25, 45, NULL, NULL),
('route-102', 118, 'fishing_good', 20.00, 10, 30, NULL, NULL),
('route-102', 118, 'fishing_old', 30.00, 5, 10, NULL, NULL),
('route-102', 129, 'fishing_good', 60.00, 10, 30, NULL, NULL),
('route-102', 129, 'fishing_old', 70.00, 5, 10, NULL, NULL),
('route-102', 183, 'surfing', 99.00, 5, 35, NULL, NULL),
('route-102', 261, 'walking', 15.00, 3, 4, NULL, NULL),
('route-102', 263, 'walking', 30.00, 3, 4, NULL, NULL),
('route-102', 265, 'walking', 30.00, 3, 4, NULL, NULL),
('route-102', 270, 'walking', 20.00, 3, 4, NULL, NULL),
('route-102', 280, 'walking', 4.00, 4, 4, NULL, NULL),
('route-102', 283, 'surfing', 1.00, 20, 30, NULL, NULL),
('route-102', 283, 'walking', 1.00, 3, 3, NULL, NULL),
('route-102', 341, 'fishing_good', 20.00, 10, 30, NULL, NULL),
('route-102', 341, 'fishing_super', 100.00, 20, 45, NULL, NULL),
('route-104-south', 129, 'fishing_good', 100.00, 10, 30, NULL, NULL),
('route-104-south', 129, 'fishing_old', 100.00, 5, 10, NULL, NULL),
('route-104-south', 129, 'fishing_super', 100.00, 20, 45, NULL, NULL),
('route-104-south', 263, 'walking', 50.00, 4, 5, NULL, NULL),
('route-104-south', 265, 'walking', 30.00, 4, 5, NULL, NULL),
('route-104-south', 276, 'walking', 10.00, 4, 5, NULL, NULL),
('route-104-south', 278, 'surfing', 95.00, 10, 30, NULL, NULL),
('route-104-south', 278, 'walking', 10.00, 3, 5, NULL, NULL),
('route-104-south', 279, 'surfing', 5.00, 25, 30, NULL, NULL),
('petalburg-woods', 263, 'walking', 30.00, 5, 6, NULL, NULL),
('petalburg-woods', 265, 'walking', 25.00, 5, 6, NULL, NULL),
('petalburg-woods', 266, 'walking', 10.00, 5, 5, NULL, NULL),
('petalburg-woods', 268, 'walking', 10.00, 5, 5, NULL, NULL),
('petalburg-woods', 276, 'walking', 5.00, 5, 6, NULL, NULL),
('petalburg-woods', 285, 'walking', 15.00, 5, 6, NULL, NULL),
('petalburg-woods', 287, 'walking', 5.00, 5, 6, NULL, NULL),
('route-116', 263, 'walking', 28.00, 6, 8, NULL, NULL),
('route-116', 276, 'walking', 20.00, 6, 8, NULL, NULL),
('route-116', 290, 'walking', 20.00, 6, 7, NULL, NULL),
('route-116', 293, 'walking', 30.00, 6, 7, NULL, NULL),
('route-116', 300, 'walking', 2.00, 7, 8, NULL, NULL),
('rusturf-tunnel', 293, 'walking', 100.00, 5, 8, NULL, NULL),
('route-105', 72, 'fishing_good', 20.00, 10, 30, NULL, NULL),
('route-105', 72, 'fishing_old', 30.00, 5, 10, NULL, NULL),
('route-105', 72, 'surfing', 60.00, 5, 35, NULL, NULL),
('route-105', 129, 'fishing_good', 60.00, 10, 30, NULL, NULL),
('route-105', 129, 'fishing_old', 70.00, 5, 10, NULL, NULL),
('route-105', 278, 'surfing', 35.00, 10, 30, NULL, NULL),
('route-105', 279, 'surfing', 5.00, 25, 30, NULL, NULL),
('route-105', 320, 'fishing_good', 20.00, 10, 30, NULL, NULL),
('route-105', 320, 'fishing_super', 100.00, 20, 45, NULL, NULL),
('granite-cave', 41, 'walking', 90.00, 7, 11, NULL, NULL),
('granite-cave', 63, 'walking', 30.00, 8, 10, NULL, NULL),
('granite-cave', 74, 'walking', 10.00, 6, 9, NULL, NULL),
('granite-cave', 296, 'walking', 60.00, 6, 11, NULL, NULL),
('granite-cave', 302, 'walking', 30.00, 9, 12, NULL, NULL),
('granite-cave', 304, 'walking', 80.00, 9, 12, NULL, NULL),
('granite-cave', 74, 'rock_smash', 70.00, 5, 20, NULL, NULL),
('granite-cave', 299, 'rock_smash', 30.00, 10, 20, NULL, NULL),
('route-106', 72, 'fishing_good', 20.00, 10, 30, NULL, NULL),
('route-106', 72, 'fishing_old', 30.00, 5, 10, NULL, NULL),
('route-106', 72, 'surfing', 60.00, 5, 35, NULL, NULL),
('route-106', 129, 'fishing_good', 60.00, 10, 30, NULL, NULL),
('route-106', 129, 'fishing_old', 70.00, 5, 10, NULL, NULL),
('route-106', 278, 'surfing', 35.00, 10, 30, NULL, NULL),
('route-106', 279, 'surfing', 5.00, 25, 30, NULL, NULL),
('route-106', 320, 'fishing_good', 20.00, 10, 30, NULL, NULL),
('route-106', 320, 'fishing_super', 100.00, 20, 45, NULL, NULL),
('route-107', 72, 'fishing_good', 20.00, 10, 30, NULL, NULL),
('route-107', 72, 'fishing_old', 30.00, 5, 10, NULL, NULL),
('route-107', 72, 'surfing', 60.00, 5, 35, NULL, NULL),
('route-107', 129, 'fishing_good', 60.00, 10, 30, NULL, NULL),
('route-107', 129, 'fishing_old', 70.00, 5, 10, NULL, NULL),
('route-107', 278, 'surfing', 35.00, 10, 30, NULL, NULL),
('route-107', 279, 'surfing', 5.00, 25, 30, NULL, NULL),
('route-107', 320, 'fishing_good', 20.00, 10, 30, NULL, NULL),
('route-107', 320, 'fishing_super', 100.00, 20, 45, NULL, NULL),
('route-108', 72, 'fishing_good', 20.00, 10, 30, NULL, NULL),
('route-108', 72, 'fishing_old', 30.00, 5, 10, NULL, NULL),
('route-108', 72, 'surfing', 60.00, 5, 35, NULL, NULL),
('route-108', 129, 'fishing_good', 60.00, 10, 30, NULL, NULL),
('route-108', 129, 'fishing_old', 70.00, 5, 10, NULL, NULL),
('route-108', 278, 'surfing', 35.00, 10, 30, NULL, NULL),
('route-108', 279, 'surfing', 5.00, 25, 30, NULL, NULL),
('route-108', 320, 'fishing_good', 20.00, 10, 30, NULL, NULL),
('route-108', 320, 'fishing_super', 100.00, 20, 45, NULL, NULL),
('route-109', 72, 'fishing_good', 20.00, 10, 30, NULL, NULL),
('route-109', 72, 'fishing_old', 30.00, 5, 10, NULL, NULL),
('route-109', 72, 'surfing', 60.00, 5, 35, NULL, NULL),
('route-109', 129, 'fishing_good', 60.00, 10, 30, NULL, NULL),
('route-109', 129, 'fishing_old', 70.00, 5, 10, NULL, NULL),
('route-109', 278, 'surfing', 35.00, 10, 30, NULL, NULL),
('route-109', 279, 'surfing', 5.00, 25, 30, NULL, NULL),
('route-109', 320, 'fishing_good', 20.00, 10, 30, NULL, NULL),
('route-109', 320, 'fishing_super', 100.00, 20, 45, NULL, NULL),
('route-110', 43, 'walking', 10.00, 13, 13, NULL, NULL),
('route-110', 72, 'fishing_good', 20.00, 10, 30, NULL, NULL),
('route-110', 72, 'fishing_old', 30.00, 5, 10, NULL, NULL),
('route-110', 72, 'surfing', 60.00, 5, 35, NULL, NULL),
('route-110', 129, 'fishing_good', 60.00, 10, 30, NULL, NULL),
('route-110', 129, 'fishing_old', 70.00, 5, 10, NULL, NULL),
('route-110', 263, 'walking', 20.00, 12, 12, NULL, NULL),
('route-110', 278, 'surfing', 35.00, 10, 30, NULL, NULL),
('route-110', 278, 'walking', 8.00, 12, 12, NULL, NULL),
('route-110', 279, 'surfing', 5.00, 25, 30, NULL, NULL),
('route-110', 309, 'walking', 30.00, 12, 13, NULL, NULL),
('route-110', 311, 'walking', 15.00, 13, 13, NULL, NULL),
('route-110', 312, 'walking', 2.00, 12, 13, NULL, NULL),
('route-110', 316, 'walking', 15.00, 12, 13, NULL, NULL),
('route-110', 320, 'fishing_good', 20.00, 10, 30, NULL, NULL),
('route-110', 320, 'fishing_super', 100.00, 20, 45, NULL, NULL),
('route-117', 43, 'walking', 10.00, 13, 13, NULL, NULL),
('route-117', 118, 'fishing_good', 20.00, 10, 30, NULL, NULL),
('route-117', 118, 'fishing_old', 30.00, 5, 10, NULL, NULL),
('route-117', 129, 'fishing_good', 60.00, 10, 30, NULL, NULL),
('route-117', 129, 'fishing_old', 70.00, 5, 10, NULL, NULL),
('route-117', 183, 'surfing', 99.00, 5, 35, NULL, NULL),
('route-117', 183, 'walking', 10.00, 13, 13, NULL, NULL),
('route-117', 263, 'walking', 30.00, 13, 14, NULL, NULL),
('route-117', 283, 'surfing', 1.00, 20, 30, NULL, NULL),
('route-117', 283, 'walking', 1.00, 13, 13, NULL, NULL),
('route-117', 313, 'walking', 18.00, 13, 14, NULL, NULL),
('route-117', 314, 'walking', 1.00, 13, 13, NULL, NULL),
('route-117', 315, 'walking', 30.00, 13, 14, NULL, NULL),
('route-117', 341, 'fishing_good', 20.00, 10, 30, NULL, NULL),
('route-117', 341, 'fishing_super', 100.00, 20, 45, NULL, NULL),
('route-111', 27, 'walking', 35.00, 19, 21, NULL, NULL),
('route-111', 74, 'rock_smash', 100.00, 5, 20, NULL, NULL),
('route-111', 118, 'fishing_good', 20.00, 10, 30, NULL, NULL),
('route-111', 118, 'fishing_old', 30.00, 5, 10, NULL, NULL),
('route-111', 129, 'fishing_good', 60.00, 10, 30, NULL, NULL),
('route-111', 129, 'fishing_old', 70.00, 5, 10, NULL, NULL),
('route-111', 183, 'surfing', 99.00, 5, 35, NULL, NULL),
('route-111', 283, 'surfing', 1.00, 20, 30, NULL, NULL),
('route-111', 328, 'walking', 35.00, 19, 21, NULL, NULL),
('route-111', 331, 'walking', 20.00, 19, 21, NULL, NULL),
('route-111', 339, 'fishing_good', 20.00, 10, 30, NULL, NULL),
('route-111', 339, 'fishing_super', 100.00, 20, 45, NULL, NULL),
('route-111', 343, 'walking', 10.00, 20, 22, NULL, NULL),
('route-112', 66, 'walking', 25.00, 14, 16, NULL, NULL),
('route-112', 322, 'walking', 75.00, 14, 16, NULL, NULL),
('fiery-path', 66, 'walking', 15.00, 15, 16, NULL, NULL),
('fiery-path', 88, 'walking', 25.00, 15, 16, NULL, NULL),
('fiery-path', 109, 'walking', 2.00, 14, 14, NULL, NULL),
('fiery-path', 218, 'walking', 10.00, 15, 15, NULL, NULL),
('fiery-path', 322, 'walking', 30.00, 15, 16, NULL, NULL),
('fiery-path', 324, 'walking', 18.00, 14, 16, NULL, NULL),
('route-113', 27, 'walking', 25.00, 14, 16, NULL, NULL),
('route-113', 227, 'walking', 5.00, 16, 16, NULL, NULL),
('route-113', 327, 'walking', 70.00, 14, 16, NULL, NULL),
('route-114', 74, 'rock_smash', 100.00, 5, 20, NULL, NULL),
('route-114', 118, 'fishing_good', 20.00, 10, 30, NULL, NULL),
('route-114', 118, 'fishing_old', 30.00, 5, 10, NULL, NULL),
('route-114', 129, 'fishing_good', 60.00, 10, 30, NULL, NULL),
('route-114', 129, 'fishing_old', 70.00, 5, 10, NULL, NULL),
('route-114', 183, 'surfing', 99.00, 5, 35, NULL, NULL),
('route-114', 270, 'walking', 30.00, 15, 16, NULL, NULL),
('route-114', 271, 'walking', 10.00, 16, 18, NULL, NULL),
('route-114', 283, 'surfing', 1.00, 20, 30, NULL, NULL),
('route-114', 283, 'walking', 1.00, 15, 15, NULL, NULL),
('route-114', 333, 'walking', 40.00, 15, 17, NULL, NULL),
('route-114', 336, 'walking', 19.00, 15, 17, NULL, NULL),
('route-114', 339, 'fishing_good', 20.00, 10, 30, NULL, NULL),
('route-114', 339, 'fishing_super', 100.00, 20, 45, NULL, NULL),
('meteor-falls', 41, 'surfing', 90.00, 5, 35, NULL, NULL),
('meteor-falls', 41, 'walking', 80.00, 14, 20, NULL, NULL),
('meteor-falls', 118, 'fishing_good', 60.00, 10, 30, NULL, NULL),
('meteor-falls', 118, 'fishing_old', 90.00, 5, 10, NULL, NULL),
('meteor-falls', 129, 'fishing_good', 180.00, 10, 30, NULL, NULL),
('meteor-falls', 129, 'fishing_old', 210.00, 5, 10, NULL, NULL),
('meteor-falls', 337, 'surfing', 30.00, 5, 35, NULL, NULL),
('meteor-falls', 337, 'walking', 90.00, 14, 39, NULL, NULL),
('meteor-falls', 339, 'fishing_good', 60.00, 10, 30, NULL, NULL),
('meteor-falls', 339, 'fishing_super', 260.00, 20, 45, NULL, NULL),
('meteor-falls', 42, 'surfing', 180.00, 30, 35, NULL, NULL),
('meteor-falls', 42, 'walking', 130.00, 33, 40, NULL, NULL),
('meteor-falls', 340, 'fishing_super', 40.00, 30, 45, NULL, NULL),
('route-115', 39, 'walking', 10.00, 24, 25, NULL, NULL),
('route-115', 72, 'fishing_good', 20.00, 10, 30, NULL, NULL),
('route-115', 72, 'fishing_old', 30.00, 5, 10, NULL, NULL),
('route-115', 72, 'surfing', 60.00, 5, 35, NULL, NULL),
('route-115', 129, 'fishing_good', 60.00, 10, 30, NULL, NULL),
('route-115', 129, 'fishing_old', 70.00, 5, 10, NULL, NULL),
('route-115', 276, 'walking', 40.00, 23, 25, NULL, NULL),
('route-115', 277, 'walking', 10.00, 25, 25, NULL, NULL),
('route-115', 278, 'surfing', 35.00, 10, 30, NULL, NULL),
('route-115', 278, 'walking', 10.00, 24, 26, NULL, NULL),
('route-115', 279, 'surfing', 5.00, 25, 30, NULL, NULL),
('route-115', 320, 'fishing_good', 20.00, 10, 30, NULL, NULL),
('route-115', 320, 'fishing_super', 100.00, 20, 45, NULL, NULL),
('route-115', 333, 'walking', 30.00, 23, 25, NULL, NULL),
('jagged-pass', 66, 'walking', 25.00, 20, 22, NULL, NULL),
('jagged-pass', 322, 'walking', 55.00, 20, 22, NULL, NULL),
('jagged-pass', 325, 'walking', 20.00, 20, 22, NULL, NULL),
('route-118', 72, 'fishing_good', 20.00, 10, 30, NULL, NULL),
('route-118', 72, 'fishing_old', 30.00, 5, 10, NULL, NULL),
('route-118', 72, 'surfing', 60.00, 5, 35, NULL, NULL),
('route-118', 129, 'fishing_good', 60.00, 10, 30, NULL, NULL),
('route-118', 129, 'fishing_old', 70.00, 5, 10, NULL, NULL),
('route-118', 263, 'walking', 30.00, 24, 26, NULL, NULL),
('route-118', 264, 'walking', 10.00, 26, 26, NULL, NULL),
('route-118', 278, 'surfing', 35.00, 10, 30, NULL, NULL),
('route-118', 278, 'walking', 19.00, 25, 27, NULL, NULL),
('route-118', 279, 'surfing', 5.00, 25, 30, NULL, NULL),
('route-118', 309, 'walking', 30.00, 24, 26, NULL, NULL),
('route-118', 310, 'walking', 10.00, 26, 26, NULL, NULL),
('route-118', 318, 'fishing_good', 20.00, 10, 30, NULL, NULL),
('route-118', 318, 'fishing_super', 60.00, 20, 45, NULL, NULL),
('route-118', 319, 'fishing_super', 40.00, 30, 35, NULL, NULL),
('route-118', 352, 'walking', 1.00, 25, 25, NULL, NULL),
('route-119', 43, 'walking', 30.00, 24, 27, NULL, NULL),
('route-119', 72, 'fishing_good', 20.00, 10, 30, NULL, NULL),
('route-119', 72, 'fishing_old', 30.00, 5, 10, NULL, NULL),
('route-119', 72, 'surfing', 60.00, 5, 35, NULL, NULL),
('route-119', 129, 'fishing_good', 60.00, 10, 30, NULL, NULL),
('route-119', 129, 'fishing_old', 70.00, 5, 10, NULL, NULL),
('route-119', 263, 'walking', 30.00, 25, 27, NULL, NULL),
('route-119', 264, 'walking', 30.00, 25, 27, NULL, NULL),
('route-119', 278, 'surfing', 35.00, 10, 30, NULL, NULL),
('route-119', 279, 'surfing', 5.00, 25, 30, NULL, NULL),
('route-119', 318, 'fishing_good', 20.00, 10, 30, NULL, NULL),
('route-119', 318, 'fishing_super', 100.00, 20, 45, NULL, NULL),
('route-119', 352, 'walking', 1.00, 25, 25, NULL, NULL),
('route-119', 357, 'walking', 9.00, 25, 27, NULL, NULL),
('route-120', 43, 'walking', 25.00, 25, 27, NULL, NULL),
('route-120', 118, 'fishing_good', 20.00, 10, 30, NULL, NULL),
('route-120', 118, 'fishing_old', 30.00, 5, 10, NULL, NULL),
('route-120', 129, 'fishing_good', 60.00, 10, 30, NULL, NULL),
('route-120', 129, 'fishing_old', 70.00, 5, 10, NULL, NULL),
('route-120', 183, 'surfing', 99.00, 5, 35, NULL, NULL),
('route-120', 183, 'walking', 15.00, 25, 27, NULL, NULL),
('route-120', 263, 'walking', 20.00, 25, 25, NULL, NULL),
('route-120', 264, 'walking', 30.00, 25, 27, NULL, NULL),
('route-120', 283, 'surfing', 1.00, 20, 30, NULL, NULL),
('route-120', 283, 'walking', 1.00, 25, 25, NULL, NULL),
('route-120', 339, 'fishing_good', 20.00, 10, 30, NULL, NULL),
('route-120', 339, 'fishing_super', 100.00, 20, 45, NULL, NULL),
('route-120', 352, 'walking', 1.00, 25, 25, NULL, NULL),
('route-120', 359, 'walking', 8.00, 25, 27, NULL, NULL),
('route-121', 43, 'walking', 15.00, 26, 28, NULL, NULL),
('route-121', 44, 'walking', 5.00, 28, 28, NULL, NULL),
('route-121', 72, 'fishing_good', 20.00, 10, 30, NULL, NULL),
('route-121', 72, 'fishing_old', 30.00, 5, 10, NULL, NULL),
('route-121', 72, 'surfing', 60.00, 5, 35, NULL, NULL),
('route-121', 129, 'fishing_good', 60.00, 10, 30, NULL, NULL),
('route-121', 129, 'fishing_old', 70.00, 5, 10, NULL, NULL),
('route-121', 263, 'walking', 20.00, 26, 26, NULL, NULL),
('route-121', 264, 'walking', 20.00, 26, 28, NULL, NULL),
('route-121', 278, 'surfing', 35.00, 10, 30, NULL, NULL),
('route-121', 278, 'walking', 9.00, 26, 28, NULL, NULL),
('route-121', 279, 'surfing', 5.00, 25, 30, NULL, NULL),
('route-121', 320, 'fishing_good', 20.00, 10, 30, NULL, NULL),
('route-121', 320, 'fishing_super', 100.00, 20, 45, NULL, NULL),
('route-121', 352, 'walking', 1.00, 25, 25, NULL, NULL),
('route-121', 353, 'walking', 30.00, 26, 28, NULL, NULL),
('mt-pyre', 353, 'walking', 695.00, 22, 30, NULL, NULL),
('mt-pyre', 355, 'walking', 43.00, 25, 30, NULL, NULL),
('mt-pyre', 37, 'walking', 20.00, 25, 29, NULL, NULL),
('mt-pyre', 278, 'walking', 10.00, 26, 28, NULL, NULL),
('mt-pyre', 307, 'walking', 30.00, 27, 29, NULL, NULL),
('mt-pyre', 358, 'walking', 2.00, 28, 28, NULL, NULL),
('route-122', 72, 'fishing_good', 20.00, 10, 30, NULL, NULL),
('route-122', 72, 'fishing_old', 30.00, 5, 10, NULL, NULL),
('route-122', 72, 'surfing', 60.00, 5, 35, NULL, NULL),
('route-122', 129, 'fishing_good', 60.00, 10, 30, NULL, NULL),
('route-122', 129, 'fishing_old', 70.00, 5, 10, NULL, NULL),
('route-122', 278, 'surfing', 35.00, 10, 30, NULL, NULL),
('route-122', 279, 'surfing', 5.00, 25, 30, NULL, NULL),
('route-122', 319, 'fishing_super', 40.00, 30, 35, NULL, NULL),
('route-122', 320, 'fishing_good', 20.00, 10, 30, NULL, NULL),
('route-122', 320, 'fishing_super', 60.00, 25, 45, NULL, NULL),
('route-123', 43, 'walking', 15.00, 26, 28, NULL, NULL),
('route-123', 44, 'walking', 5.00, 28, 28, NULL, NULL),
('route-123', 72, 'fishing_good', 20.00, 10, 30, NULL, NULL),
('route-123', 72, 'fishing_old', 30.00, 5, 10, NULL, NULL),
('route-123', 72, 'surfing', 60.00, 5, 35, NULL, NULL),
('route-123', 129, 'fishing_good', 60.00, 10, 30, NULL, NULL),
('route-123', 129, 'fishing_old', 70.00, 5, 10, NULL, NULL),
('route-123', 263, 'walking', 20.00, 26, 26, NULL, NULL),
('route-123', 264, 'walking', 20.00, 26, 28, NULL, NULL),
('route-123', 278, 'surfing', 35.00, 10, 30, NULL, NULL),
('route-123', 278, 'walking', 9.00, 26, 28, NULL, NULL),
('route-123', 279, 'surfing', 5.00, 25, 30, NULL, NULL),
('route-123', 320, 'fishing_good', 20.00, 10, 30, NULL, NULL),
('route-123', 320, 'fishing_super', 100.00, 20, 45, NULL, NULL),
('route-123', 352, 'walking', 1.00, 25, 25, NULL, NULL),
('route-123', 353, 'walking', 30.00, 26, 28, NULL, NULL),
('route-124', 72, 'fishing_good', 20.00, 10, 30, NULL, NULL),
('route-124', 72, 'fishing_old', 30.00, 5, 10, NULL, NULL),
('route-124', 72, 'surfing', 60.00, 5, 35, NULL, NULL),
('route-124', 129, 'fishing_good', 60.00, 10, 30, NULL, NULL),
('route-124', 129, 'fishing_old', 70.00, 5, 10, NULL, NULL),
('route-124', 278, 'surfing', 35.00, 10, 30, NULL, NULL),
('route-124', 279, 'surfing', 5.00, 25, 30, NULL, NULL),
('route-124', 319, 'fishing_super', 40.00, 30, 35, NULL, NULL),
('route-124', 320, 'fishing_good', 20.00, 10, 30, NULL, NULL),
('route-124', 320, 'fishing_super', 60.00, 25, 45, NULL, NULL),
('route-125', 72, 'fishing_good', 20.00, 10, 30, NULL, NULL),
('route-125', 72, 'fishing_old', 30.00, 5, 10, NULL, NULL),
('route-125', 72, 'surfing', 60.00, 5, 35, NULL, NULL),
('route-125', 129, 'fishing_good', 60.00, 10, 30, NULL, NULL),
('route-125', 129, 'fishing_old', 70.00, 5, 10, NULL, NULL),
('route-125', 278, 'surfing', 35.00, 10, 30, NULL, NULL),
('route-125', 279, 'surfing', 5.00, 25, 30, NULL, NULL),
('route-125', 319, 'fishing_super', 40.00, 30, 35, NULL, NULL),
('route-125', 320, 'fishing_good', 20.00, 10, 30, NULL, NULL),
('route-125', 320, 'fishing_super', 60.00, 25, 45, NULL, NULL),
('shoal-cave', 41, 'surfing', 30.00, 5, 35, NULL, NULL),
('shoal-cave', 41, 'walking', 85.00, 26, 32, NULL, NULL),
('shoal-cave', 42, 'walking', 10.00, 30, 32, NULL, NULL),
('shoal-cave', 72, 'fishing_good', 20.00, 10, 30, NULL, NULL),
('shoal-cave', 72, 'fishing_old', 30.00, 5, 10, NULL, NULL),
('shoal-cave', 72, 'surfing', 60.00, 5, 35, NULL, NULL),
('shoal-cave', 129, 'fishing_good', 60.00, 10, 30, NULL, NULL),
('shoal-cave', 129, 'fishing_old', 70.00, 5, 10, NULL, NULL),
('shoal-cave', 320, 'fishing_good', 20.00, 10, 30, NULL, NULL),
('shoal-cave', 320, 'fishing_super', 100.00, 20, 45, NULL, NULL),
('shoal-cave', 363, 'surfing', 10.00, 25, 35, NULL, NULL),
('shoal-cave', 363, 'walking', 95.00, 26, 32, NULL, NULL),
('shoal-cave', 361, 'walking', 10.00, 26, 30, NULL, NULL),
('route-126', 72, 'fishing_good', 20.00, 10, 30, NULL, NULL),
('route-126', 72, 'fishing_old', 30.00, 5, 10, NULL, NULL),
('route-126', 72, 'surfing', 60.00, 5, 35, NULL, NULL),
('route-126', 129, 'fishing_good', 60.00, 10, 30, NULL, NULL),
('route-126', 129, 'fishing_old', 70.00, 5, 10, NULL, NULL),
('route-126', 278, 'surfing', 35.00, 10, 30, NULL, NULL),
('route-126', 279, 'surfing', 5.00, 25, 30, NULL, NULL),
('route-126', 319, 'fishing_super', 40.00, 30, 35, NULL, NULL),
('route-126', 320, 'fishing_good', 20.00, 10, 30, NULL, NULL),
('route-126', 320, 'fishing_super', 60.00, 25, 45, NULL, NULL),
('route-127', 72, 'fishing_good', 20.00, 10, 30, NULL, NULL),
('route-127', 72, 'fishing_old', 30.00, 5, 10, NULL, NULL),
('route-127', 72, 'surfing', 60.00, 5, 35, NULL, NULL),
('route-127', 129, 'fishing_good', 60.00, 10, 30, NULL, NULL),
('route-127', 129, 'fishing_old', 70.00, 5, 10, NULL, NULL),
('route-127', 278, 'surfing', 35.00, 10, 30, NULL, NULL),
('route-127', 279, 'surfing', 5.00, 25, 30, NULL, NULL),
('route-127', 319, 'fishing_super', 40.00, 30, 35, NULL, NULL),
('route-127', 320, 'fishing_good', 20.00, 10, 30, NULL, NULL),
('route-127', 320, 'fishing_super', 60.00, 25, 45, NULL, NULL),
('route-128', 72, 'fishing_old', 30.00, 5, 10, NULL, NULL),
('route-128', 72, 'surfing', 60.00, 5, 35, NULL, NULL),
('route-128', 129, 'fishing_good', 60.00, 10, 30, NULL, NULL),
('route-128', 129, 'fishing_old', 70.00, 5, 10, NULL, NULL),
('route-128', 222, 'fishing_super', 15.00, 30, 35, NULL, NULL),
('route-128', 278, 'surfing', 35.00, 10, 30, NULL, NULL),
('route-128', 279, 'surfing', 5.00, 25, 30, NULL, NULL),
('route-128', 320, 'fishing_good', 20.00, 10, 30, NULL, NULL),
('route-128', 320, 'fishing_super', 45.00, 30, 45, NULL, NULL),
('route-128', 370, 'fishing_good', 20.00, 10, 30, NULL, NULL),
('route-128', 370, 'fishing_super', 40.00, 30, 35, NULL, NULL),
('seafloor-cavern', 41, 'surfing', 35.00, 5, 35, NULL, NULL),
('seafloor-cavern', 41, 'walking', 90.00, 28, 35, NULL, NULL),
('seafloor-cavern', 42, 'surfing', 5.00, 30, 35, NULL, NULL),
('seafloor-cavern', 42, 'walking', 10.00, 33, 36, NULL, NULL),
('seafloor-cavern', 72, 'fishing_good', 20.00, 10, 30, NULL, NULL),
('seafloor-cavern', 72, 'fishing_old', 30.00, 5, 10, NULL, NULL),
('seafloor-cavern', 72, 'surfing', 60.00, 5, 35, NULL, NULL),
('seafloor-cavern', 129, 'fishing_good', 60.00, 10, 30, NULL, NULL),
('seafloor-cavern', 129, 'fishing_old', 70.00, 5, 10, NULL, NULL),
('seafloor-cavern', 320, 'fishing_good', 20.00, 10, 30, NULL, NULL),
('seafloor-cavern', 320, 'fishing_super', 100.00, 20, 45, NULL, NULL),
('route-129', 72, 'fishing_good', 20.00, 10, 30, NULL, NULL),
('route-129', 72, 'fishing_old', 30.00, 5, 10, NULL, NULL),
('route-129', 72, 'surfing', 60.00, 5, 35, NULL, NULL),
('route-129', 129, 'fishing_good', 60.00, 10, 30, NULL, NULL),
('route-129', 129, 'fishing_old', 70.00, 5, 10, NULL, NULL),
('route-129', 278, 'surfing', 35.00, 10, 30, NULL, NULL),
('route-129', 279, 'surfing', 4.00, 25, 30, NULL, NULL),
('route-129', 319, 'fishing_super', 40.00, 30, 35, NULL, NULL),
('route-129', 320, 'fishing_good', 20.00, 10, 30, NULL, NULL),
('route-129', 320, 'fishing_super', 60.00, 25, 45, NULL, NULL),
('route-129', 321, 'surfing', 1.00, 25, 30, NULL, NULL),
('route-130', 72, 'fishing_good', 20.00, 10, 30, NULL, NULL),
('route-130', 72, 'fishing_old', 30.00, 5, 10, NULL, NULL),
('route-130', 72, 'surfing', 60.00, 5, 35, NULL, NULL),
('route-130', 129, 'fishing_good', 60.00, 10, 30, NULL, NULL),
('route-130', 129, 'fishing_old', 70.00, 5, 10, NULL, NULL),
('route-130', 278, 'surfing', 35.00, 10, 30, NULL, NULL),
('route-130', 279, 'surfing', 5.00, 25, 30, NULL, NULL),
('route-130', 319, 'fishing_super', 40.00, 30, 35, NULL, NULL),
('route-130', 320, 'fishing_good', 20.00, 10, 30, NULL, NULL),
('route-130', 320, 'fishing_super', 60.00, 25, 45, NULL, NULL),
('route-130', 360, 'walking', 100.00, 5, 50, NULL, NULL),
('route-131', 72, 'fishing_good', 20.00, 10, 30, NULL, NULL),
('route-131', 72, 'fishing_old', 30.00, 5, 10, NULL, NULL),
('route-131', 72, 'surfing', 60.00, 5, 35, NULL, NULL),
('route-131', 129, 'fishing_good', 60.00, 10, 30, NULL, NULL),
('route-131', 129, 'fishing_old', 70.00, 5, 10, NULL, NULL),
('route-131', 278, 'surfing', 35.00, 10, 30, NULL, NULL),
('route-131', 279, 'surfing', 5.00, 25, 30, NULL, NULL),
('route-131', 319, 'fishing_super', 40.00, 30, 35, NULL, NULL),
('route-131', 320, 'fishing_good', 20.00, 10, 30, NULL, NULL),
('route-131', 320, 'fishing_super', 60.00, 25, 45, NULL, NULL),
('route-132', 72, 'fishing_good', 20.00, 10, 30, NULL, NULL),
('route-132', 72, 'fishing_old', 30.00, 5, 10, NULL, NULL),
('route-132', 72, 'surfing', 60.00, 5, 35, NULL, NULL),
('route-132', 116, 'fishing_super', 15.00, 25, 30, NULL, NULL),
('route-132', 129, 'fishing_good', 60.00, 10, 30, NULL, NULL),
('route-132', 129, 'fishing_old', 70.00, 5, 10, NULL, NULL),
('route-132', 278, 'surfing', 35.00, 10, 30, NULL, NULL),
('route-132', 279, 'surfing', 5.00, 25, 30, NULL, NULL),
('route-132', 319, 'fishing_super', 40.00, 30, 35, NULL, NULL),
('route-132', 320, 'fishing_good', 20.00, 10, 30, NULL, NULL),
('route-132', 320, 'fishing_super', 45.00, 30, 45, NULL, NULL),
('route-133', 72, 'fishing_good', 20.00, 10, 30, NULL, NULL),
('route-133', 72, 'fishing_old', 30.00, 5, 10, NULL, NULL),
('route-133', 72, 'surfing', 60.00, 5, 35, NULL, NULL),
('route-133', 116, 'fishing_super', 15.00, 25, 30, NULL, NULL),
('route-133', 129, 'fishing_good', 60.00, 10, 30, NULL, NULL),
('route-133', 129, 'fishing_old', 70.00, 5, 10, NULL, NULL),
('route-133', 278, 'surfing', 35.00, 10, 30, NULL, NULL),
('route-133', 279, 'surfing', 5.00, 25, 30, NULL, NULL),
('route-133', 319, 'fishing_super', 40.00, 30, 35, NULL, NULL),
('route-133', 320, 'fishing_good', 20.00, 10, 30, NULL, NULL),
('route-133', 320, 'fishing_super', 45.00, 30, 45, NULL, NULL),
('route-134', 72, 'fishing_good', 20.00, 10, 30, NULL, NULL),
('route-134', 72, 'fishing_old', 30.00, 5, 10, NULL, NULL),
('route-134', 72, 'surfing', 60.00, 5, 35, NULL, NULL),
('route-134', 116, 'fishing_super', 15.00, 25, 30, NULL, NULL),
('route-134', 129, 'fishing_good', 60.00, 10, 30, NULL, NULL),
('route-134', 129, 'fishing_old', 70.00, 5, 10, NULL, NULL),
('route-134', 278, 'surfing', 35.00, 10, 30, NULL, NULL),
('route-134', 279, 'surfing', 5.00, 25, 30, NULL, NULL),
('route-134', 319, 'fishing_super', 40.00, 30, 35, NULL, NULL),
('route-134', 320, 'fishing_good', 20.00, 10, 30, NULL, NULL),
('route-134', 320, 'fishing_super', 45.00, 30, 45, NULL, NULL),
('victory-road', 41, 'walking', 10.00, 36, 36, NULL, NULL),
('victory-road', 42, 'walking', 95.00, 38, 44, NULL, NULL),
('victory-road', 293, 'walking', 5.00, 36, 36, NULL, NULL),
('victory-road', 294, 'walking', 10.00, 40, 40, NULL, NULL),
('victory-road', 296, 'walking', 10.00, 36, 36, NULL, NULL),
('victory-road', 297, 'walking', 60.00, 38, 42, NULL, NULL),
('victory-road', 304, 'walking', 5.00, 36, 36, NULL, NULL),
('victory-road', 305, 'walking', 40.00, 40, 44, NULL, NULL),
('victory-road', 74, 'rock_smash', 30.00, 30, 40, NULL, NULL),
('victory-road', 75, 'rock_smash', 70.00, 30, 40, NULL, NULL),
('victory-road', 307, 'walking', 5.00, 38, 38, NULL, NULL),
('victory-road', 308, 'walking', 25.00, 40, 44, NULL, NULL),
('victory-road', 42, 'surfing', 100.00, 25, 40, NULL, NULL),
('victory-road', 118, 'fishing_good', 20.00, 10, 30, NULL, NULL),
('victory-road', 118, 'fishing_old', 30.00, 5, 10, NULL, NULL),
('victory-road', 129, 'fishing_good', 60.00, 10, 30, NULL, NULL),
('victory-road', 129, 'fishing_old', 70.00, 5, 10, NULL, NULL),
('victory-road', 302, 'walking', 35.00, 40, 44, NULL, NULL),
('victory-road', 339, 'fishing_good', 20.00, 10, 30, NULL, NULL),
('victory-road', 339, 'fishing_super', 80.00, 25, 35, NULL, NULL),
('victory-road', 340, 'fishing_super', 20.00, 30, 45, NULL, NULL),
('new-mauville', 81, 'walking', 99.00, 22, 26, NULL, NULL),
('new-mauville', 100, 'walking', 99.00, 22, 26, NULL, NULL),
('new-mauville', 82, 'walking', 1.00, 26, 26, NULL, NULL),
('new-mauville', 100, 'static', 300.00, 25, 25, NULL, NULL),
('new-mauville', 101, 'walking', 1.00, 26, 26, NULL, NULL),
('sky-pillar', 42, 'walking', 90.00, 48, 56, NULL, NULL),
('sky-pillar', 302, 'walking', 90.00, 48, 56, NULL, NULL),
('sky-pillar', 344, 'walking', 69.00, 47, 56, NULL, NULL),
('sky-pillar', 354, 'walking', 45.00, 48, 56, NULL, NULL),
('sky-pillar', 334, 'walking', 6.00, 54, 60, NULL, NULL);

INSERT INTO public.encounters (route_id, pokemon_national_dex_id, method, encounter_rate, level_min, level_max, conditions, version_exclusive)
SELECT r.id, e.dex, e.method, e.rate, e.lmin, e.lmax, NULLIF(e.cond, ''), NULLIF(e.ver_excl, '')
FROM _enc e JOIN public.routes r ON r.slug = e.slug AND r.game_id = 'a9b0c1d2-e3f4-5678-a901-234567890123';

DROP TABLE _enc;

-- ===========================================
-- STEP 5: BOSS TRAINERS
-- ===========================================

-- Roxanne (Gym Leader)
DO $$
DECLARE
  v_trainer_id UUID;
  v_route_id UUID;
BEGIN
  SELECT id INTO v_route_id FROM public.routes WHERE slug = 'rustboro-city' AND game_id = 'a9b0c1d2-e3f4-5678-a901-234567890123';
  INSERT INTO public.trainers (route_id, name, trainer_class, is_boss, boss_type, level_cap, display_order, notes)
  VALUES (v_route_id, 'Roxanne', 'Gym Leader', true, 'gym_leader', 14, 1, 'Rock-type specialist. Stone Badge.')
  RETURNING id INTO v_trainer_id;

  INSERT INTO public.trainer_pokemon (trainer_id, pokemon_national_dex_id, level, slot_order, moves, ability, held_item, nature)
  VALUES (v_trainer_id, 74, 12, 1, '["Tackle", "Defense Curl", "Rock Tomb"]'::jsonb, 'Sturdy', NULL, NULL);
  INSERT INTO public.trainer_pokemon (trainer_id, pokemon_national_dex_id, level, slot_order, moves, ability, held_item, nature)
  VALUES (v_trainer_id, 299, 14, 2, '["Tackle", "Harden", "Rock Tomb"]'::jsonb, 'Magnet Pull', NULL, NULL);
END $$;

-- Brawly (Gym Leader)
DO $$
DECLARE
  v_trainer_id UUID;
  v_route_id UUID;
BEGIN
  SELECT id INTO v_route_id FROM public.routes WHERE slug = 'dewford-town' AND game_id = 'a9b0c1d2-e3f4-5678-a901-234567890123';
  INSERT INTO public.trainers (route_id, name, trainer_class, is_boss, boss_type, level_cap, display_order, notes)
  VALUES (v_route_id, 'Brawly', 'Gym Leader', true, 'gym_leader', 16, 2, 'Fighting-type specialist. Knuckle Badge.')
  RETURNING id INTO v_trainer_id;

  INSERT INTO public.trainer_pokemon (trainer_id, pokemon_national_dex_id, level, slot_order, moves, ability, held_item, nature)
  VALUES (v_trainer_id, 66, 14, 1, '["Leer", "Karate Chop", "Seismic Toss", "Bulk Up"]'::jsonb, 'Guts', NULL, NULL);
  INSERT INTO public.trainer_pokemon (trainer_id, pokemon_national_dex_id, level, slot_order, moves, ability, held_item, nature)
  VALUES (v_trainer_id, 296, 16, 2, '["Arm Thrust", "Knock Off", "Sand Attack", "Bulk Up"]'::jsonb, 'Guts', NULL, NULL);
END $$;

-- Wattson (Gym Leader)
DO $$
DECLARE
  v_trainer_id UUID;
  v_route_id UUID;
BEGIN
  SELECT id INTO v_route_id FROM public.routes WHERE slug = 'mauville-city' AND game_id = 'a9b0c1d2-e3f4-5678-a901-234567890123';
  INSERT INTO public.trainers (route_id, name, trainer_class, is_boss, boss_type, level_cap, display_order, notes)
  VALUES (v_route_id, 'Wattson', 'Gym Leader', true, 'gym_leader', 21, 3, 'Electric-type specialist. Dynamo Badge.')
  RETURNING id INTO v_trainer_id;

  INSERT INTO public.trainer_pokemon (trainer_id, pokemon_national_dex_id, level, slot_order, moves, ability, held_item, nature)
  VALUES (v_trainer_id, 81, 19, 1, '["Thunder Wave", "Tackle", "Volt Switch"]'::jsonb, 'Sturdy', NULL, NULL);
  INSERT INTO public.trainer_pokemon (trainer_id, pokemon_national_dex_id, level, slot_order, moves, ability, held_item, nature)
  VALUES (v_trainer_id, 100, 19, 2, '["Rollout", "Charge", "Volt Switch"]'::jsonb, 'Soundproof', NULL, NULL);
  INSERT INTO public.trainer_pokemon (trainer_id, pokemon_national_dex_id, level, slot_order, moves, ability, held_item, nature)
  VALUES (v_trainer_id, 82, 21, 3, '["Supersonic", "Magnet Bomb", "Volt Switch"]'::jsonb, 'Magnet Pull', NULL, NULL);
END $$;

-- Flannery (Gym Leader)
DO $$
DECLARE
  v_trainer_id UUID;
  v_route_id UUID;
BEGIN
  SELECT id INTO v_route_id FROM public.routes WHERE slug = 'lavaridge-town' AND game_id = 'a9b0c1d2-e3f4-5678-a901-234567890123';
  INSERT INTO public.trainers (route_id, name, trainer_class, is_boss, boss_type, level_cap, display_order, notes)
  VALUES (v_route_id, 'Flannery', 'Gym Leader', true, 'gym_leader', 28, 4, 'Fire-type specialist. Heat Badge.')
  RETURNING id INTO v_trainer_id;

  INSERT INTO public.trainer_pokemon (trainer_id, pokemon_national_dex_id, level, slot_order, moves, ability, held_item, nature)
  VALUES (v_trainer_id, 218, 26, 1, '["Overheat", "Rock Throw", "Light Screen", "Sunny Day"]'::jsonb, 'Flame Body', NULL, NULL);
  INSERT INTO public.trainer_pokemon (trainer_id, pokemon_national_dex_id, level, slot_order, moves, ability, held_item, nature)
  VALUES (v_trainer_id, 322, 26, 2, '["Earth Power", "Lava Plume", "Amnesia", "Sunny Day"]'::jsonb, 'Simple', NULL, NULL);
  INSERT INTO public.trainer_pokemon (trainer_id, pokemon_national_dex_id, level, slot_order, moves, ability, held_item, nature)
  VALUES (v_trainer_id, 324, 28, 3, '["Overheat", "Body Slam", "Curse", "Sunny Day"]'::jsonb, 'White Smoke', NULL, NULL);
END $$;

-- Norman (Gym Leader)
DO $$
DECLARE
  v_trainer_id UUID;
  v_route_id UUID;
BEGIN
  SELECT id INTO v_route_id FROM public.routes WHERE slug = 'petalburg-city-gym' AND game_id = 'a9b0c1d2-e3f4-5678-a901-234567890123';
  INSERT INTO public.trainers (route_id, name, trainer_class, is_boss, boss_type, level_cap, display_order, notes)
  VALUES (v_route_id, 'Norman', 'Gym Leader', true, 'gym_leader', 31, 5, 'Normal-type specialist. Balance Badge.')
  RETURNING id INTO v_trainer_id;

  INSERT INTO public.trainer_pokemon (trainer_id, pokemon_national_dex_id, level, slot_order, moves, ability, held_item, nature)
  VALUES (v_trainer_id, 327, 27, 1, '["Teeter Dance", "Psybeam", "Facade", "Encore"]'::jsonb, 'Own Tempo', NULL, NULL);
  INSERT INTO public.trainer_pokemon (trainer_id, pokemon_national_dex_id, level, slot_order, moves, ability, held_item, nature)
  VALUES (v_trainer_id, 288, 27, 2, '["Slash", "Facade", "Encore", "Feint Attack"]'::jsonb, 'Vital Spirit', NULL, NULL);
  INSERT INTO public.trainer_pokemon (trainer_id, pokemon_national_dex_id, level, slot_order, moves, ability, held_item, nature)
  VALUES (v_trainer_id, 264, 29, 3, '["Slash", "Belly Drum", "Facade", "Headbutt"]'::jsonb, 'Pickup', NULL, NULL);
  INSERT INTO public.trainer_pokemon (trainer_id, pokemon_national_dex_id, level, slot_order, moves, ability, held_item, nature)
  VALUES (v_trainer_id, 289, 31, 4, '["Counter", "Yawn", "Facade", "Feint Attack"]'::jsonb, 'Truant', 'Sitrus Berry', NULL);
END $$;

-- Winona (Gym Leader)
DO $$
DECLARE
  v_trainer_id UUID;
  v_route_id UUID;
BEGIN
  SELECT id INTO v_route_id FROM public.routes WHERE slug = 'fortree-city' AND game_id = 'a9b0c1d2-e3f4-5678-a901-234567890123';
  INSERT INTO public.trainers (route_id, name, trainer_class, is_boss, boss_type, level_cap, display_order, notes)
  VALUES (v_route_id, 'Winona', 'Gym Leader', true, 'gym_leader', 33, 6, 'Flying-type specialist. Feather Badge.')
  RETURNING id INTO v_trainer_id;

  INSERT INTO public.trainer_pokemon (trainer_id, pokemon_national_dex_id, level, slot_order, moves, ability, held_item, nature)
  VALUES (v_trainer_id, 277, 31, 1, '["Quick Attack", "Aerial Ace", "Double Team", "Endeavor"]'::jsonb, 'Guts', NULL, NULL);
  INSERT INTO public.trainer_pokemon (trainer_id, pokemon_national_dex_id, level, slot_order, moves, ability, held_item, nature)
  VALUES (v_trainer_id, 279, 30, 2, '["Water Gun", "Supersonic", "Protect", "Aerial Ace"]'::jsonb, 'Keen Eye', NULL, NULL);
  INSERT INTO public.trainer_pokemon (trainer_id, pokemon_national_dex_id, level, slot_order, moves, ability, held_item, nature)
  VALUES (v_trainer_id, 227, 32, 3, '["Sand Attack", "Fury Attack", "Steel Wing", "Aerial Ace"]'::jsonb, 'Keen Eye', NULL, NULL);
  INSERT INTO public.trainer_pokemon (trainer_id, pokemon_national_dex_id, level, slot_order, moves, ability, held_item, nature)
  VALUES (v_trainer_id, 334, 33, 4, '["Earthquake", "Dragon Breath", "Dragon Dance", "Aerial Ace"]'::jsonb, 'Natural Cure', NULL, NULL);
END $$;

-- Tate & Liza (Gym Leader)
DO $$
DECLARE
  v_trainer_id UUID;
  v_route_id UUID;
BEGIN
  SELECT id INTO v_route_id FROM public.routes WHERE slug = 'mossdeep-city' AND game_id = 'a9b0c1d2-e3f4-5678-a901-234567890123';
  INSERT INTO public.trainers (route_id, name, trainer_class, is_boss, boss_type, level_cap, display_order, notes)
  VALUES (v_route_id, 'Tate & Liza', 'Gym Leader', true, 'gym_leader', 42, 7, 'Psychic-type specialists. Mind Badge. Double Battle.')
  RETURNING id INTO v_trainer_id;

  INSERT INTO public.trainer_pokemon (trainer_id, pokemon_national_dex_id, level, slot_order, moves, ability, held_item, nature)
  VALUES (v_trainer_id, 344, 41, 1, '["Earthquake", "Ancient Power", "Psychic", "Light Screen"]'::jsonb, 'Levitate', NULL, NULL);
  INSERT INTO public.trainer_pokemon (trainer_id, pokemon_national_dex_id, level, slot_order, moves, ability, held_item, nature)
  VALUES (v_trainer_id, 178, 41, 2, '["Psychic", "Sunny Day", "Confuse Ray", "Calm Mind"]'::jsonb, 'Synchronize', NULL, NULL);
  INSERT INTO public.trainer_pokemon (trainer_id, pokemon_national_dex_id, level, slot_order, moves, ability, held_item, nature)
  VALUES (v_trainer_id, 337, 42, 3, '["Light Screen", "Psychic", "Hypnosis", "Calm Mind"]'::jsonb, 'Levitate', 'Sitrus Berry', NULL);
  INSERT INTO public.trainer_pokemon (trainer_id, pokemon_national_dex_id, level, slot_order, moves, ability, held_item, nature)
  VALUES (v_trainer_id, 338, 42, 4, '["Sunny Day", "Solar Beam", "Psychic", "Flamethrower"]'::jsonb, 'Levitate', 'Sitrus Berry', NULL);
END $$;

-- Wallace (Gym Leader)
DO $$
DECLARE
  v_trainer_id UUID;
  v_route_id UUID;
BEGIN
  SELECT id INTO v_route_id FROM public.routes WHERE slug = 'sootopolis-city' AND game_id = 'a9b0c1d2-e3f4-5678-a901-234567890123';
  INSERT INTO public.trainers (route_id, name, trainer_class, is_boss, boss_type, level_cap, display_order, notes)
  VALUES (v_route_id, 'Wallace', 'Gym Leader', true, 'gym_leader', 46, 8, 'Water-type specialist. Rain Badge.')
  RETURNING id INTO v_trainer_id;

  INSERT INTO public.trainer_pokemon (trainer_id, pokemon_national_dex_id, level, slot_order, moves, ability, held_item, nature)
  VALUES (v_trainer_id, 370, 44, 1, '["Draining Kiss", "Attract", "Sweet Kiss", "Water Pulse"]'::jsonb, 'Swift Swim', NULL, NULL);
  INSERT INTO public.trainer_pokemon (trainer_id, pokemon_national_dex_id, level, slot_order, moves, ability, held_item, nature)
  VALUES (v_trainer_id, 340, 44, 2, '["Earthquake", "Zen Headbutt", "Waterfall", "Mud Sport"]'::jsonb, 'Oblivious', NULL, NULL);
  INSERT INTO public.trainer_pokemon (trainer_id, pokemon_national_dex_id, level, slot_order, moves, ability, held_item, nature)
  VALUES (v_trainer_id, 364, 44, 3, '["Encore", "Waterfall", "Aurora Beam", "Body Slam"]'::jsonb, 'Thick Fat', NULL, NULL);
  INSERT INTO public.trainer_pokemon (trainer_id, pokemon_national_dex_id, level, slot_order, moves, ability, held_item, nature)
  VALUES (v_trainer_id, 119, 44, 4, '["Waterfall", "Rain Dance", "Aqua Ring", "Horn Drill"]'::jsonb, 'Swift Swim', NULL, NULL);
  INSERT INTO public.trainer_pokemon (trainer_id, pokemon_national_dex_id, level, slot_order, moves, ability, held_item, nature)
  VALUES (v_trainer_id, 350, 46, 5, '["Hydro Pump", "Recover", "Ice Beam", "Disarming Voice"]'::jsonb, 'Marvel Scale', NULL, NULL);
END $$;

-- Sidney (Elite Four)
DO $$
DECLARE
  v_trainer_id UUID;
  v_route_id UUID;
BEGIN
  SELECT id INTO v_route_id FROM public.routes WHERE slug = 'pokemon-league' AND game_id = 'a9b0c1d2-e3f4-5678-a901-234567890123';
  INSERT INTO public.trainers (route_id, name, trainer_class, is_boss, boss_type, level_cap, display_order, notes)
  VALUES (v_route_id, 'Sidney', 'Elite Four', true, 'elite_four', 52, 1, 'Dark-type specialist.')
  RETURNING id INTO v_trainer_id;

  INSERT INTO public.trainer_pokemon (trainer_id, pokemon_national_dex_id, level, slot_order, moves, ability, held_item, nature)
  VALUES (v_trainer_id, 262, 50, 1, '["Swagger", "Take Down", "Sucker Punch", "Crunch"]'::jsonb, 'Intimidate', NULL, NULL);
  INSERT INTO public.trainer_pokemon (trainer_id, pokemon_national_dex_id, level, slot_order, moves, ability, held_item, nature)
  VALUES (v_trainer_id, 275, 50, 2, '["Fake Out", "Feint Attack", "Extrasensory", "Leaf Blade"]'::jsonb, 'Chlorophyll', NULL, NULL);
  INSERT INTO public.trainer_pokemon (trainer_id, pokemon_national_dex_id, level, slot_order, moves, ability, held_item, nature)
  VALUES (v_trainer_id, 332, 50, 3, '["Leech Seed", "Payback", "Needle Arm", "Spiky Shield"]'::jsonb, 'Sand Veil', NULL, NULL);
  INSERT INTO public.trainer_pokemon (trainer_id, pokemon_national_dex_id, level, slot_order, moves, ability, held_item, nature)
  VALUES (v_trainer_id, 319, 50, 4, '["Crunch", "Poison Fang", "Aqua Jet", "Slash"]'::jsonb, 'Rough Skin', NULL, NULL);
  INSERT INTO public.trainer_pokemon (trainer_id, pokemon_national_dex_id, level, slot_order, moves, ability, held_item, nature)
  VALUES (v_trainer_id, 359, 52, 5, '["Aerial Ace", "Night Slash", "Psycho Cut", "Slash"]'::jsonb, 'Super Luck', NULL, NULL);
END $$;

-- Phoebe (Elite Four)
DO $$
DECLARE
  v_trainer_id UUID;
  v_route_id UUID;
BEGIN
  SELECT id INTO v_route_id FROM public.routes WHERE slug = 'pokemon-league' AND game_id = 'a9b0c1d2-e3f4-5678-a901-234567890123';
  INSERT INTO public.trainers (route_id, name, trainer_class, is_boss, boss_type, level_cap, display_order, notes)
  VALUES (v_route_id, 'Phoebe', 'Elite Four', true, 'elite_four', 53, 2, 'Ghost-type specialist.')
  RETURNING id INTO v_trainer_id;

  INSERT INTO public.trainer_pokemon (trainer_id, pokemon_national_dex_id, level, slot_order, moves, ability, held_item, nature)
  VALUES (v_trainer_id, 356, 51, 1, '["Shadow Punch", "Confuse Ray", "Curse", "Future Sight"]'::jsonb, 'Pressure', NULL, NULL);
  INSERT INTO public.trainer_pokemon (trainer_id, pokemon_national_dex_id, level, slot_order, moves, ability, held_item, nature)
  VALUES (v_trainer_id, 354, 51, 2, '["Shadow Ball", "Spite", "Will-O-Wisp", "Feint Attack"]'::jsonb, 'Insomnia', NULL, NULL);
  INSERT INTO public.trainer_pokemon (trainer_id, pokemon_national_dex_id, level, slot_order, moves, ability, held_item, nature)
  VALUES (v_trainer_id, 302, 51, 3, '["Shadow Claw", "Foul Play", "Power Gem", "Fake Out"]'::jsonb, 'Prankster', NULL, NULL);
  INSERT INTO public.trainer_pokemon (trainer_id, pokemon_national_dex_id, level, slot_order, moves, ability, held_item, nature)
  VALUES (v_trainer_id, 354, 51, 4, '["Shadow Ball", "Grudge", "Toxic", "Psychic"]'::jsonb, 'Insomnia', NULL, NULL);
  INSERT INTO public.trainer_pokemon (trainer_id, pokemon_national_dex_id, level, slot_order, moves, ability, held_item, nature)
  VALUES (v_trainer_id, 477, 53, 5, '["Hex", "Fire Punch", "Ice Punch", "Thunder Punch"]'::jsonb, 'Pressure', NULL, NULL);
END $$;

-- Glacia (Elite Four)
DO $$
DECLARE
  v_trainer_id UUID;
  v_route_id UUID;
BEGIN
  SELECT id INTO v_route_id FROM public.routes WHERE slug = 'pokemon-league' AND game_id = 'a9b0c1d2-e3f4-5678-a901-234567890123';
  INSERT INTO public.trainers (route_id, name, trainer_class, is_boss, boss_type, level_cap, display_order, notes)
  VALUES (v_route_id, 'Glacia', 'Elite Four', true, 'elite_four', 54, 3, 'Ice-type specialist.')
  RETURNING id INTO v_trainer_id;

  INSERT INTO public.trainer_pokemon (trainer_id, pokemon_national_dex_id, level, slot_order, moves, ability, held_item, nature)
  VALUES (v_trainer_id, 362, 52, 1, '["Light Screen", "Ice Shard", "Hail", "Crunch"]'::jsonb, 'Inner Focus', NULL, NULL);
  INSERT INTO public.trainer_pokemon (trainer_id, pokemon_national_dex_id, level, slot_order, moves, ability, held_item, nature)
  VALUES (v_trainer_id, 478, 52, 2, '["Confuse Ray", "Blizzard", "Hail", "Ominous Wind"]'::jsonb, 'Snow Cloak', NULL, NULL);
  INSERT INTO public.trainer_pokemon (trainer_id, pokemon_national_dex_id, level, slot_order, moves, ability, held_item, nature)
  VALUES (v_trainer_id, 362, 52, 3, '["Protect", "Ice Shard", "Hail", "Freeze-Dry"]'::jsonb, 'Inner Focus', NULL, NULL);
  INSERT INTO public.trainer_pokemon (trainer_id, pokemon_national_dex_id, level, slot_order, moves, ability, held_item, nature)
  VALUES (v_trainer_id, 478, 52, 4, '["Draining Kiss", "Blizzard", "Hail", "Shadow Ball"]'::jsonb, 'Snow Cloak', NULL, NULL);
  INSERT INTO public.trainer_pokemon (trainer_id, pokemon_national_dex_id, level, slot_order, moves, ability, held_item, nature)
  VALUES (v_trainer_id, 365, 54, 5, '["Surf", "Body Slam", "Blizzard", "Sheer Cold"]'::jsonb, 'Thick Fat', NULL, NULL);
END $$;

-- Drake (Elite Four)
DO $$
DECLARE
  v_trainer_id UUID;
  v_route_id UUID;
BEGIN
  SELECT id INTO v_route_id FROM public.routes WHERE slug = 'pokemon-league' AND game_id = 'a9b0c1d2-e3f4-5678-a901-234567890123';
  INSERT INTO public.trainers (route_id, name, trainer_class, is_boss, boss_type, level_cap, display_order, notes)
  VALUES (v_route_id, 'Drake', 'Elite Four', true, 'elite_four', 55, 4, 'Dragon-type specialist.')
  RETURNING id INTO v_trainer_id;

  INSERT INTO public.trainer_pokemon (trainer_id, pokemon_national_dex_id, level, slot_order, moves, ability, held_item, nature)
  VALUES (v_trainer_id, 334, 53, 1, '["Aerial Ace", "Cotton Guard", "Dragon Pulse", "Moonblast"]'::jsonb, 'Natural Cure', NULL, NULL);
  INSERT INTO public.trainer_pokemon (trainer_id, pokemon_national_dex_id, level, slot_order, moves, ability, held_item, nature)
  VALUES (v_trainer_id, 330, 53, 2, '["Earthquake", "Dragon Claw", "Rock Slide", "Supersonic"]'::jsonb, 'Levitate', NULL, NULL);
  INSERT INTO public.trainer_pokemon (trainer_id, pokemon_national_dex_id, level, slot_order, moves, ability, held_item, nature)
  VALUES (v_trainer_id, 230, 53, 3, '["Dragon Pulse", "Surf", "Yawn", "Ice Beam"]'::jsonb, 'Sniper', NULL, NULL);
  INSERT INTO public.trainer_pokemon (trainer_id, pokemon_national_dex_id, level, slot_order, moves, ability, held_item, nature)
  VALUES (v_trainer_id, 330, 53, 4, '["Flamethrower", "Boomburst", "Dragon Pulse", "Screech"]'::jsonb, 'Levitate', NULL, NULL);
  INSERT INTO public.trainer_pokemon (trainer_id, pokemon_national_dex_id, level, slot_order, moves, ability, held_item, nature)
  VALUES (v_trainer_id, 373, 55, 5, '["Dragon Rush", "Zen Headbutt", "Crunch", "Thunder Fang"]'::jsonb, 'Intimidate', NULL, NULL);
END $$;

-- Steven (Champion)
DO $$
DECLARE
  v_trainer_id UUID;
  v_route_id UUID;
BEGIN
  SELECT id INTO v_route_id FROM public.routes WHERE slug = 'pokemon-league' AND game_id = 'a9b0c1d2-e3f4-5678-a901-234567890123';
  INSERT INTO public.trainers (route_id, name, trainer_class, is_boss, boss_type, level_cap, display_order, notes)
  VALUES (v_route_id, 'Steven', 'Champion', true, 'champion', 59, 5, 'Steel-type specialist. Metagross Mega Evolves.')
  RETURNING id INTO v_trainer_id;

  INSERT INTO public.trainer_pokemon (trainer_id, pokemon_national_dex_id, level, slot_order, moves, ability, held_item, nature)
  VALUES (v_trainer_id, 227, 57, 1, '["Toxic", "Aerial Ace", "Spikes", "Steel Wing"]'::jsonb, 'Sturdy', NULL, NULL);
  INSERT INTO public.trainer_pokemon (trainer_id, pokemon_national_dex_id, level, slot_order, moves, ability, held_item, nature)
  VALUES (v_trainer_id, 344, 57, 2, '["Reflect", "Light Screen", "Extrasensory", "Earth Power"]'::jsonb, 'Levitate', NULL, NULL);
  INSERT INTO public.trainer_pokemon (trainer_id, pokemon_national_dex_id, level, slot_order, moves, ability, held_item, nature)
  VALUES (v_trainer_id, 306, 57, 3, '["Stone Edge", "Earthquake", "Iron Tail", "Dragon Claw"]'::jsonb, 'Sturdy', NULL, NULL);
  INSERT INTO public.trainer_pokemon (trainer_id, pokemon_national_dex_id, level, slot_order, moves, ability, held_item, nature)
  VALUES (v_trainer_id, 346, 57, 4, '["Giga Drain", "Ancient Power", "Sludge Bomb", "Confuse Ray"]'::jsonb, 'Suction Cups', NULL, NULL);
  INSERT INTO public.trainer_pokemon (trainer_id, pokemon_national_dex_id, level, slot_order, moves, ability, held_item, nature)
  VALUES (v_trainer_id, 348, 57, 5, '["X-Scissor", "Rock Blast", "Metal Claw", "Crush Claw"]'::jsonb, 'Battle Armor', NULL, NULL);
  INSERT INTO public.trainer_pokemon (trainer_id, pokemon_national_dex_id, level, slot_order, moves, ability, held_item, nature)
  VALUES (v_trainer_id, 376, 59, 6, '["Meteor Mash", "Bullet Punch", "Zen Headbutt", "Giga Impact"]'::jsonb, 'Clear Body', 'Metagrossite', NULL);
END $$;

-- Update total_routes count
UPDATE public.games SET total_routes = 67 WHERE id = 'a9b0c1d2-e3f4-5678-a901-234567890123';
